Timing Analyzer report for XTEA_proj
Tue May 05 17:16:03 2026
Quartus Prime Version 20.1.1 Build 720 11/11/2020 SJ Lite Edition


---------------------
; Table of Contents ;
---------------------
  1. Legal Notice
  2. Timing Analyzer Summary
  3. Parallel Compilation
  4. SDC File List
  5. Clocks
  6. Slow 1200mV 85C Model Fmax Summary
  7. Timing Closure Recommendations
  8. Slow 1200mV 85C Model Setup Summary
  9. Slow 1200mV 85C Model Hold Summary
 10. Slow 1200mV 85C Model Recovery Summary
 11. Slow 1200mV 85C Model Removal Summary
 12. Slow 1200mV 85C Model Minimum Pulse Width Summary
 13. Slow 1200mV 85C Model Setup: 'CLOCK_50'
 14. Slow 1200mV 85C Model Hold: 'CLOCK_50'
 15. Slow 1200mV 85C Model Metastability Summary
 16. Slow 1200mV 0C Model Fmax Summary
 17. Slow 1200mV 0C Model Setup Summary
 18. Slow 1200mV 0C Model Hold Summary
 19. Slow 1200mV 0C Model Recovery Summary
 20. Slow 1200mV 0C Model Removal Summary
 21. Slow 1200mV 0C Model Minimum Pulse Width Summary
 22. Slow 1200mV 0C Model Setup: 'CLOCK_50'
 23. Slow 1200mV 0C Model Hold: 'CLOCK_50'
 24. Slow 1200mV 0C Model Metastability Summary
 25. Fast 1200mV 0C Model Setup Summary
 26. Fast 1200mV 0C Model Hold Summary
 27. Fast 1200mV 0C Model Recovery Summary
 28. Fast 1200mV 0C Model Removal Summary
 29. Fast 1200mV 0C Model Minimum Pulse Width Summary
 30. Fast 1200mV 0C Model Setup: 'CLOCK_50'
 31. Fast 1200mV 0C Model Hold: 'CLOCK_50'
 32. Fast 1200mV 0C Model Metastability Summary
 33. Multicorner Timing Analysis Summary
 34. Board Trace Model Assignments
 35. Input Transition Times
 36. Signal Integrity Metrics (Slow 1200mv 0c Model)
 37. Signal Integrity Metrics (Slow 1200mv 85c Model)
 38. Signal Integrity Metrics (Fast 1200mv 0c Model)
 39. Setup Transfers
 40. Hold Transfers
 41. Report TCCS
 42. Report RSKM
 43. Unconstrained Paths Summary
 44. Clock Status Summary
 45. Unconstrained Input Ports
 46. Unconstrained Output Ports
 47. Unconstrained Input Ports
 48. Unconstrained Output Ports
 49. Timing Analyzer Messages



----------------
; Legal Notice ;
----------------
Copyright (C) 2020  Intel Corporation. All rights reserved.
Your use of Intel Corporation's design tools, logic functions 
and other software and tools, and any partner logic 
functions, and any output files from any of the foregoing 
(including device programming or simulation files), and any 
associated documentation or information are expressly subject 
to the terms and conditions of the Intel Program License 
Subscription Agreement, the Intel Quartus Prime License Agreement,
the Intel FPGA IP License Agreement, or other applicable license
agreement, including, without limitation, that your use is for
the sole purpose of programming logic devices manufactured by
Intel and sold by Intel or its authorized distributors.  Please
refer to the applicable agreement for further details, at
https://fpgasoftware.intel.com/eula.



+-----------------------------------------------------------------------------+
; Timing Analyzer Summary                                                     ;
+-----------------------+-----------------------------------------------------+
; Quartus Prime Version ; Version 20.1.1 Build 720 11/11/2020 SJ Lite Edition ;
; Timing Analyzer       ; Legacy Timing Analyzer                              ;
; Revision Name         ; XTEA_proj                                           ;
; Device Family         ; Cyclone IV E                                        ;
; Device Name           ; EP4CE115F29C7                                       ;
; Timing Models         ; Final                                               ;
; Delay Model           ; Combined                                            ;
; Rise/Fall Delays      ; Enabled                                             ;
+-----------------------+-----------------------------------------------------+


+------------------------------------------+
; Parallel Compilation                     ;
+----------------------------+-------------+
; Processors                 ; Number      ;
+----------------------------+-------------+
; Number detected on machine ; 12          ;
; Maximum allowed            ; 6           ;
;                            ;             ;
; Average used               ; 1.44        ;
; Maximum used               ; 6           ;
;                            ;             ;
; Usage by Processor         ; % Time Used ;
;     Processor 1            ; 100.0%      ;
;     Processor 2            ;  14.0%      ;
;     Processor 3            ;  12.5%      ;
;     Processor 4            ;  12.1%      ;
;     Processors 5-6         ;   2.6%      ;
+----------------------------+-------------+


+---------------------------------------------------+
; SDC File List                                     ;
+---------------+--------+--------------------------+
; SDC File Path ; Status ; Read at                  ;
+---------------+--------+--------------------------+
; XTEA_proj.sdc ; OK     ; Tue May 05 17:16:02 2026 ;
+---------------+--------+--------------------------+


+--------------------------------------------------------------------------------------------------------------------------------------------------------------------------------------+
; Clocks                                                                                                                                                                               ;
+------------+------+--------+-----------+-------+--------+------------+-----------+-------------+-------+--------+-----------+------------+----------+--------+--------+--------------+
; Clock Name ; Type ; Period ; Frequency ; Rise  ; Fall   ; Duty Cycle ; Divide by ; Multiply by ; Phase ; Offset ; Edge List ; Edge Shift ; Inverted ; Master ; Source ; Targets      ;
+------------+------+--------+-----------+-------+--------+------------+-----------+-------------+-------+--------+-----------+------------+----------+--------+--------+--------------+
; CLOCK_50   ; Base ; 20.000 ; 50.0 MHz  ; 0.000 ; 10.000 ;            ;           ;             ;       ;        ;           ;            ;          ;        ;        ; { CLOCK_50 } ;
+------------+------+--------+-----------+-------+--------+------------+-----------+-------------+-------+--------+-----------+------------+----------+--------+--------+--------------+


+-------------------------------------------------+
; Slow 1200mV 85C Model Fmax Summary              ;
+-----------+-----------------+------------+------+
; Fmax      ; Restricted Fmax ; Clock Name ; Note ;
+-----------+-----------------+------------+------+
; 60.41 MHz ; 60.41 MHz       ; CLOCK_50   ;      ;
+-----------+-----------------+------------+------+
This panel reports FMAX for every clock in the design, regardless of the user-specified clock periods.  FMAX is only computed for paths where the source and destination registers or ports are driven by the same clock.  Paths of different clocks, including generated clocks, are ignored.  For paths between a clock and its inversion, FMAX is computed as if the rising and falling edges are scaled along with FMAX, such that the duty cycle (in terms of a percentage) is maintained. Altera recommends that you always use clock constraints and other slack reports for sign-off analysis.


----------------------------------
; Timing Closure Recommendations ;
----------------------------------
HTML report is unavailable in plain text report export.


+-------------------------------------+
; Slow 1200mV 85C Model Setup Summary ;
+----------+-------+------------------+
; Clock    ; Slack ; End Point TNS    ;
+----------+-------+------------------+
; CLOCK_50 ; 3.447 ; 0.000            ;
+----------+-------+------------------+


+------------------------------------+
; Slow 1200mV 85C Model Hold Summary ;
+----------+-------+-----------------+
; Clock    ; Slack ; End Point TNS   ;
+----------+-------+-----------------+
; CLOCK_50 ; 0.402 ; 0.000           ;
+----------+-------+-----------------+


------------------------------------------
; Slow 1200mV 85C Model Recovery Summary ;
------------------------------------------
No paths to report.


-----------------------------------------
; Slow 1200mV 85C Model Removal Summary ;
-----------------------------------------
No paths to report.


+---------------------------------------------------+
; Slow 1200mV 85C Model Minimum Pulse Width Summary ;
+----------+-------+--------------------------------+
; Clock    ; Slack ; End Point TNS                  ;
+----------+-------+--------------------------------+
; CLOCK_50 ; 9.703 ; 0.000                          ;
+----------+-------+--------------------------------+


+-------------------------------------------------------------------------------------------------------------------------------------+
; Slow 1200mV 85C Model Setup: 'CLOCK_50'                                                                                             ;
+-------+------------------------+------------------------------+--------------+-------------+--------------+------------+------------+
; Slack ; From Node              ; To Node                      ; Launch Clock ; Latch Clock ; Relationship ; Clock Skew ; Data Delay ;
+-------+------------------------+------------------------------+--------------+-------------+--------------+------------+------------+
; 3.447 ; key_buf[96]            ; xtea_core:core|v1[31]        ; CLOCK_50     ; CLOCK_50    ; 20.000       ; -0.080     ; 16.491     ;
; 3.513 ; xtea_core:core|sum[12] ; xtea_core:core|v0[31]        ; CLOCK_50     ; CLOCK_50    ; 20.000       ; -0.064     ; 16.441     ;
; 3.536 ; key_buf[96]            ; xtea_core:core|v1[30]        ; CLOCK_50     ; CLOCK_50    ; 20.000       ; -0.093     ; 16.389     ;
; 3.536 ; key_buf[96]            ; xtea_core:core|block_out[30] ; CLOCK_50     ; CLOCK_50    ; 20.000       ; -0.093     ; 16.389     ;
; 3.546 ; key_buf[96]            ; xtea_core:core|v1[29]        ; CLOCK_50     ; CLOCK_50    ; 20.000       ; -0.092     ; 16.380     ;
; 3.551 ; xtea_core:core|sum[12] ; xtea_core:core|v0[28]        ; CLOCK_50     ; CLOCK_50    ; 20.000       ; -0.075     ; 16.392     ;
; 3.584 ; xtea_core:core|sum[12] ; xtea_core:core|v0[19]        ; CLOCK_50     ; CLOCK_50    ; 20.000       ; -0.075     ; 16.359     ;
; 3.626 ; xtea_core:core|sum[12] ; xtea_core:core|block_out[58] ; CLOCK_50     ; CLOCK_50    ; 20.000       ; -0.063     ; 16.329     ;
; 3.627 ; xtea_core:core|sum[12] ; xtea_core:core|v0[26]        ; CLOCK_50     ; CLOCK_50    ; 20.000       ; -0.063     ; 16.328     ;
; 3.675 ; xtea_core:core|sum[12] ; xtea_core:core|v0[27]        ; CLOCK_50     ; CLOCK_50    ; 20.000       ; -0.075     ; 16.268     ;
; 3.676 ; xtea_core:core|sum[1]  ; xtea_core:core|v1[31]        ; CLOCK_50     ; CLOCK_50    ; 20.000       ; -0.090     ; 16.252     ;
; 3.682 ; xtea_core:core|sum[12] ; xtea_core:core|v0[25]        ; CLOCK_50     ; CLOCK_50    ; 20.000       ; -0.077     ; 16.259     ;
; 3.688 ; key_buf[96]            ; xtea_core:core|v1[20]        ; CLOCK_50     ; CLOCK_50    ; 20.000       ; -0.093     ; 16.237     ;
; 3.689 ; xtea_core:core|sum[12] ; xtea_core:core|block_out[57] ; CLOCK_50     ; CLOCK_50    ; 20.000       ; -0.075     ; 16.254     ;
; 3.700 ; key_buf[96]            ; xtea_core:core|v1[28]        ; CLOCK_50     ; CLOCK_50    ; 20.000       ; -0.092     ; 16.226     ;
; 3.702 ; key_buf[96]            ; xtea_core:core|v1[24]        ; CLOCK_50     ; CLOCK_50    ; 20.000       ; -0.078     ; 16.238     ;
; 3.735 ; xtea_core:core|sum[12] ; xtea_core:core|v0[24]        ; CLOCK_50     ; CLOCK_50    ; 20.000       ; -0.065     ; 16.218     ;
; 3.753 ; key_buf[32]            ; xtea_core:core|v1[31]        ; CLOCK_50     ; CLOCK_50    ; 20.000       ; -0.080     ; 16.185     ;
; 3.755 ; key_buf[96]            ; xtea_core:core|block_out[31] ; CLOCK_50     ; CLOCK_50    ; 20.000       ; -0.081     ; 16.182     ;
; 3.756 ; xtea_core:core|sum[11] ; xtea_core:core|v0[31]        ; CLOCK_50     ; CLOCK_50    ; 20.000       ; -0.065     ; 16.197     ;
; 3.765 ; xtea_core:core|sum[1]  ; xtea_core:core|v1[30]        ; CLOCK_50     ; CLOCK_50    ; 20.000       ; -0.103     ; 16.150     ;
; 3.765 ; xtea_core:core|sum[1]  ; xtea_core:core|block_out[30] ; CLOCK_50     ; CLOCK_50    ; 20.000       ; -0.103     ; 16.150     ;
; 3.772 ; xtea_core:core|sum[12] ; xtea_core:core|v0[29]        ; CLOCK_50     ; CLOCK_50    ; 20.000       ; -0.064     ; 16.182     ;
; 3.773 ; xtea_core:core|sum[12] ; xtea_core:core|block_out[61] ; CLOCK_50     ; CLOCK_50    ; 20.000       ; -0.064     ; 16.181     ;
; 3.775 ; xtea_core:core|sum[1]  ; xtea_core:core|v1[29]        ; CLOCK_50     ; CLOCK_50    ; 20.000       ; -0.102     ; 16.141     ;
; 3.778 ; xtea_core:core|sum[12] ; xtea_core:core|v0[30]        ; CLOCK_50     ; CLOCK_50    ; 20.000       ; -0.064     ; 16.176     ;
; 3.780 ; xtea_core:core|sum[12] ; xtea_core:core|block_out[59] ; CLOCK_50     ; CLOCK_50    ; 20.000       ; -0.063     ; 16.175     ;
; 3.789 ; xtea_core:core|sum[12] ; xtea_core:core|block_out[62] ; CLOCK_50     ; CLOCK_50    ; 20.000       ; -0.063     ; 16.166     ;
; 3.794 ; xtea_core:core|sum[12] ; xtea_core:core|block_out[63] ; CLOCK_50     ; CLOCK_50    ; 20.000       ; -0.064     ; 16.160     ;
; 3.794 ; xtea_core:core|sum[11] ; xtea_core:core|v0[28]        ; CLOCK_50     ; CLOCK_50    ; 20.000       ; -0.076     ; 16.148     ;
; 3.803 ; xtea_core:core|sum[12] ; xtea_core:core|v0[23]        ; CLOCK_50     ; CLOCK_50    ; 20.000       ; -0.074     ; 16.141     ;
; 3.808 ; key_buf[96]            ; xtea_core:core|v1[27]        ; CLOCK_50     ; CLOCK_50    ; 20.000       ; -0.094     ; 16.116     ;
; 3.825 ; xtea_core:core|sum[12] ; xtea_core:core|v0[21]        ; CLOCK_50     ; CLOCK_50    ; 20.000       ; -0.063     ; 16.130     ;
; 3.827 ; xtea_core:core|sum[11] ; xtea_core:core|v0[19]        ; CLOCK_50     ; CLOCK_50    ; 20.000       ; -0.076     ; 16.115     ;
; 3.833 ; key_buf[96]            ; xtea_core:core|block_out[25] ; CLOCK_50     ; CLOCK_50    ; 20.000       ; -0.092     ; 16.093     ;
; 3.836 ; key_buf[96]            ; xtea_core:core|v1[25]        ; CLOCK_50     ; CLOCK_50    ; 20.000       ; -0.092     ; 16.090     ;
; 3.842 ; key_buf[32]            ; xtea_core:core|v1[30]        ; CLOCK_50     ; CLOCK_50    ; 20.000       ; -0.093     ; 16.083     ;
; 3.842 ; key_buf[32]            ; xtea_core:core|block_out[30] ; CLOCK_50     ; CLOCK_50    ; 20.000       ; -0.093     ; 16.083     ;
; 3.852 ; key_buf[32]            ; xtea_core:core|v1[29]        ; CLOCK_50     ; CLOCK_50    ; 20.000       ; -0.092     ; 16.074     ;
; 3.869 ; xtea_core:core|sum[11] ; xtea_core:core|block_out[58] ; CLOCK_50     ; CLOCK_50    ; 20.000       ; -0.064     ; 16.085     ;
; 3.870 ; xtea_core:core|sum[11] ; xtea_core:core|v0[26]        ; CLOCK_50     ; CLOCK_50    ; 20.000       ; -0.064     ; 16.084     ;
; 3.881 ; key_buf[96]            ; xtea_core:core|v1[19]        ; CLOCK_50     ; CLOCK_50    ; 20.000       ; -0.092     ; 16.045     ;
; 3.893 ; key_buf[96]            ; xtea_core:core|v1[21]        ; CLOCK_50     ; CLOCK_50    ; 20.000       ; -0.093     ; 16.032     ;
; 3.893 ; key_buf[96]            ; xtea_core:core|v1[22]        ; CLOCK_50     ; CLOCK_50    ; 20.000       ; -0.080     ; 16.045     ;
; 3.899 ; key_buf[96]            ; xtea_core:core|block_out[29] ; CLOCK_50     ; CLOCK_50    ; 20.000       ; -0.079     ; 16.040     ;
; 3.904 ; xtea_core:core|sum[12] ; xtea_core:core|v0[18]        ; CLOCK_50     ; CLOCK_50    ; 20.000       ; -0.075     ; 16.039     ;
; 3.917 ; xtea_core:core|sum[1]  ; xtea_core:core|v1[20]        ; CLOCK_50     ; CLOCK_50    ; 20.000       ; -0.103     ; 15.998     ;
; 3.918 ; xtea_core:core|sum[11] ; xtea_core:core|v0[27]        ; CLOCK_50     ; CLOCK_50    ; 20.000       ; -0.076     ; 16.024     ;
; 3.920 ; xtea_core:core|sum[12] ; xtea_core:core|block_out[60] ; CLOCK_50     ; CLOCK_50    ; 20.000       ; -0.064     ; 16.034     ;
; 3.925 ; xtea_core:core|sum[11] ; xtea_core:core|v0[25]        ; CLOCK_50     ; CLOCK_50    ; 20.000       ; -0.078     ; 16.015     ;
; 3.929 ; xtea_core:core|sum[1]  ; xtea_core:core|v1[28]        ; CLOCK_50     ; CLOCK_50    ; 20.000       ; -0.102     ; 15.987     ;
; 3.931 ; xtea_core:core|sum[1]  ; xtea_core:core|v1[24]        ; CLOCK_50     ; CLOCK_50    ; 20.000       ; -0.088     ; 15.999     ;
; 3.932 ; xtea_core:core|sum[11] ; xtea_core:core|block_out[57] ; CLOCK_50     ; CLOCK_50    ; 20.000       ; -0.076     ; 16.010     ;
; 3.971 ; xtea_core:core|sum[0]  ; xtea_core:core|v1[31]        ; CLOCK_50     ; CLOCK_50    ; 20.000       ; -0.089     ; 15.958     ;
; 3.978 ; xtea_core:core|sum[11] ; xtea_core:core|v0[24]        ; CLOCK_50     ; CLOCK_50    ; 20.000       ; -0.066     ; 15.974     ;
; 3.980 ; key_buf[96]            ; xtea_core:core|v1[18]        ; CLOCK_50     ; CLOCK_50    ; 20.000       ; -0.093     ; 15.945     ;
; 3.982 ; key_buf[96]            ; xtea_core:core|v1[16]        ; CLOCK_50     ; CLOCK_50    ; 20.000       ; -0.092     ; 15.944     ;
; 3.983 ; key_buf[99]            ; xtea_core:core|v1[31]        ; CLOCK_50     ; CLOCK_50    ; 20.000       ; -0.084     ; 15.951     ;
; 3.984 ; xtea_core:core|sum[1]  ; xtea_core:core|block_out[31] ; CLOCK_50     ; CLOCK_50    ; 20.000       ; -0.091     ; 15.943     ;
; 3.989 ; xtea_core:core|sum[12] ; xtea_core:core|v0[16]        ; CLOCK_50     ; CLOCK_50    ; 20.000       ; -0.077     ; 15.952     ;
; 3.994 ; key_buf[32]            ; xtea_core:core|v1[20]        ; CLOCK_50     ; CLOCK_50    ; 20.000       ; -0.093     ; 15.931     ;
; 3.997 ; key_buf[96]            ; xtea_core:core|block_out[28] ; CLOCK_50     ; CLOCK_50    ; 20.000       ; -0.081     ; 15.940     ;
; 4.004 ; xtea_core:core|sum[12] ; xtea_core:core|v0[22]        ; CLOCK_50     ; CLOCK_50    ; 20.000       ; -0.064     ; 15.950     ;
; 4.004 ; xtea_core:core|sum[12] ; xtea_core:core|block_out[54] ; CLOCK_50     ; CLOCK_50    ; 20.000       ; -0.064     ; 15.950     ;
; 4.006 ; key_buf[32]            ; xtea_core:core|v1[28]        ; CLOCK_50     ; CLOCK_50    ; 20.000       ; -0.092     ; 15.920     ;
; 4.008 ; key_buf[32]            ; xtea_core:core|v1[24]        ; CLOCK_50     ; CLOCK_50    ; 20.000       ; -0.078     ; 15.932     ;
; 4.015 ; xtea_core:core|sum[11] ; xtea_core:core|v0[29]        ; CLOCK_50     ; CLOCK_50    ; 20.000       ; -0.065     ; 15.938     ;
; 4.016 ; xtea_core:core|sum[11] ; xtea_core:core|block_out[61] ; CLOCK_50     ; CLOCK_50    ; 20.000       ; -0.065     ; 15.937     ;
; 4.021 ; xtea_core:core|sum[11] ; xtea_core:core|v0[30]        ; CLOCK_50     ; CLOCK_50    ; 20.000       ; -0.065     ; 15.932     ;
; 4.023 ; xtea_core:core|sum[11] ; xtea_core:core|block_out[59] ; CLOCK_50     ; CLOCK_50    ; 20.000       ; -0.064     ; 15.931     ;
; 4.024 ; key_buf[100]           ; xtea_core:core|v0[31]        ; CLOCK_50     ; CLOCK_50    ; 20.000       ; -0.073     ; 15.921     ;
; 4.032 ; key_buf[0]             ; xtea_core:core|v1[31]        ; CLOCK_50     ; CLOCK_50    ; 20.000       ; -0.080     ; 15.906     ;
; 4.032 ; xtea_core:core|sum[11] ; xtea_core:core|block_out[62] ; CLOCK_50     ; CLOCK_50    ; 20.000       ; -0.064     ; 15.922     ;
; 4.036 ; key_buf[96]            ; xtea_core:core|v1[26]        ; CLOCK_50     ; CLOCK_50    ; 20.000       ; -0.081     ; 15.901     ;
; 4.037 ; key_buf[96]            ; xtea_core:core|block_out[26] ; CLOCK_50     ; CLOCK_50    ; 20.000       ; -0.081     ; 15.900     ;
; 4.037 ; xtea_core:core|sum[11] ; xtea_core:core|block_out[63] ; CLOCK_50     ; CLOCK_50    ; 20.000       ; -0.065     ; 15.916     ;
; 4.037 ; xtea_core:core|sum[1]  ; xtea_core:core|v1[27]        ; CLOCK_50     ; CLOCK_50    ; 20.000       ; -0.104     ; 15.877     ;
; 4.046 ; xtea_core:core|sum[11] ; xtea_core:core|v0[23]        ; CLOCK_50     ; CLOCK_50    ; 20.000       ; -0.075     ; 15.897     ;
; 4.049 ; xtea_core:core|sum[12] ; xtea_core:core|v0[17]        ; CLOCK_50     ; CLOCK_50    ; 20.000       ; -0.063     ; 15.906     ;
; 4.058 ; key_buf[96]            ; xtea_core:core|block_out[22] ; CLOCK_50     ; CLOCK_50    ; 20.000       ; -0.081     ; 15.879     ;
; 4.060 ; xtea_core:core|sum[0]  ; xtea_core:core|v1[30]        ; CLOCK_50     ; CLOCK_50    ; 20.000       ; -0.102     ; 15.856     ;
; 4.060 ; xtea_core:core|sum[0]  ; xtea_core:core|block_out[30] ; CLOCK_50     ; CLOCK_50    ; 20.000       ; -0.102     ; 15.856     ;
; 4.061 ; key_buf[32]            ; xtea_core:core|block_out[31] ; CLOCK_50     ; CLOCK_50    ; 20.000       ; -0.081     ; 15.876     ;
; 4.062 ; key_buf[100]           ; xtea_core:core|v0[28]        ; CLOCK_50     ; CLOCK_50    ; 20.000       ; -0.084     ; 15.872     ;
; 4.062 ; xtea_core:core|sum[1]  ; xtea_core:core|block_out[25] ; CLOCK_50     ; CLOCK_50    ; 20.000       ; -0.102     ; 15.854     ;
; 4.065 ; xtea_core:core|sum[1]  ; xtea_core:core|v1[25]        ; CLOCK_50     ; CLOCK_50    ; 20.000       ; -0.102     ; 15.851     ;
; 4.068 ; xtea_core:core|sum[11] ; xtea_core:core|v0[21]        ; CLOCK_50     ; CLOCK_50    ; 20.000       ; -0.064     ; 15.886     ;
; 4.069 ; xtea_core:core|sum[12] ; xtea_core:core|block_out[56] ; CLOCK_50     ; CLOCK_50    ; 20.000       ; -0.064     ; 15.885     ;
; 4.070 ; xtea_core:core|sum[0]  ; xtea_core:core|v1[29]        ; CLOCK_50     ; CLOCK_50    ; 20.000       ; -0.101     ; 15.847     ;
; 4.072 ; key_buf[99]            ; xtea_core:core|v1[30]        ; CLOCK_50     ; CLOCK_50    ; 20.000       ; -0.097     ; 15.849     ;
; 4.072 ; key_buf[99]            ; xtea_core:core|block_out[30] ; CLOCK_50     ; CLOCK_50    ; 20.000       ; -0.097     ; 15.849     ;
; 4.082 ; key_buf[99]            ; xtea_core:core|v1[29]        ; CLOCK_50     ; CLOCK_50    ; 20.000       ; -0.096     ; 15.840     ;
; 4.095 ; key_buf[100]           ; xtea_core:core|v0[19]        ; CLOCK_50     ; CLOCK_50    ; 20.000       ; -0.084     ; 15.839     ;
; 4.110 ; xtea_core:core|sum[1]  ; xtea_core:core|v1[19]        ; CLOCK_50     ; CLOCK_50    ; 20.000       ; -0.102     ; 15.806     ;
; 4.114 ; key_buf[32]            ; xtea_core:core|v1[27]        ; CLOCK_50     ; CLOCK_50    ; 20.000       ; -0.094     ; 15.810     ;
; 4.116 ; key_buf[96]            ; xtea_core:core|v1[23]        ; CLOCK_50     ; CLOCK_50    ; 20.000       ; -0.093     ; 15.809     ;
; 4.117 ; xtea_core:core|sum[12] ; xtea_core:core|v0[20]        ; CLOCK_50     ; CLOCK_50    ; 20.000       ; -0.064     ; 15.837     ;
; 4.121 ; key_buf[0]             ; xtea_core:core|v1[30]        ; CLOCK_50     ; CLOCK_50    ; 20.000       ; -0.093     ; 15.804     ;
; 4.121 ; key_buf[0]             ; xtea_core:core|block_out[30] ; CLOCK_50     ; CLOCK_50    ; 20.000       ; -0.093     ; 15.804     ;
; 4.122 ; xtea_core:core|sum[1]  ; xtea_core:core|v1[21]        ; CLOCK_50     ; CLOCK_50    ; 20.000       ; -0.103     ; 15.793     ;
+-------+------------------------+------------------------------+--------------+-------------+--------------+------------+------------+


+---------------------------------------------------------------------------------------------------------------------------------------------+
; Slow 1200mV 85C Model Hold: 'CLOCK_50'                                                                                                      ;
+-------+-------------------------------+-------------------------------+--------------+-------------+--------------+------------+------------+
; Slack ; From Node                     ; To Node                       ; Launch Clock ; Latch Clock ; Relationship ; Clock Skew ; Data Delay ;
+-------+-------------------------------+-------------------------------+--------------+-------------+--------------+------------+------------+
; 0.402 ; xtea_core:core|state.S_IDLE   ; xtea_core:core|state.S_IDLE   ; CLOCK_50     ; CLOCK_50    ; 0.000        ; 0.081      ; 0.669      ;
; 0.402 ; enc                           ; enc                           ; CLOCK_50     ; CLOCK_50    ; 0.000        ; 0.081      ; 0.669      ;
; 0.402 ; ps2_keyboard:kbd|ext_next     ; ps2_keyboard:kbd|ext_next     ; CLOCK_50     ; CLOCK_50    ; 0.000        ; 0.081      ; 0.669      ;
; 0.402 ; ps2_keyboard:kbd|break_next   ; ps2_keyboard:kbd|break_next   ; CLOCK_50     ; CLOCK_50    ; 0.000        ; 0.081      ; 0.669      ;
; 0.402 ; ps2_keyboard:kbd|buffer[4]    ; ps2_keyboard:kbd|buffer[4]    ; CLOCK_50     ; CLOCK_50    ; 0.000        ; 0.081      ; 0.669      ;
; 0.402 ; ps2_keyboard:kbd|buffer[1]    ; ps2_keyboard:kbd|buffer[1]    ; CLOCK_50     ; CLOCK_50    ; 0.000        ; 0.081      ; 0.669      ;
; 0.402 ; ps2_keyboard:kbd|buffer[3]    ; ps2_keyboard:kbd|buffer[3]    ; CLOCK_50     ; CLOCK_50    ; 0.000        ; 0.081      ; 0.669      ;
; 0.402 ; ps2_keyboard:kbd|buffer[2]    ; ps2_keyboard:kbd|buffer[2]    ; CLOCK_50     ; CLOCK_50    ; 0.000        ; 0.081      ; 0.669      ;
; 0.402 ; ps2_keyboard:kbd|buffer[5]    ; ps2_keyboard:kbd|buffer[5]    ; CLOCK_50     ; CLOCK_50    ; 0.000        ; 0.081      ; 0.669      ;
; 0.402 ; ps2_keyboard:kbd|buffer[8]    ; ps2_keyboard:kbd|buffer[8]    ; CLOCK_50     ; CLOCK_50    ; 0.000        ; 0.081      ; 0.669      ;
; 0.402 ; ps2_keyboard:kbd|buffer[6]    ; ps2_keyboard:kbd|buffer[6]    ; CLOCK_50     ; CLOCK_50    ; 0.000        ; 0.081      ; 0.669      ;
; 0.402 ; ps2_keyboard:kbd|buffer[7]    ; ps2_keyboard:kbd|buffer[7]    ; CLOCK_50     ; CLOCK_50    ; 0.000        ; 0.081      ; 0.669      ;
; 0.402 ; lcd_text:lcd|char_cnt[0]      ; lcd_text:lcd|char_cnt[0]      ; CLOCK_50     ; CLOCK_50    ; 0.000        ; 0.081      ; 0.669      ;
; 0.402 ; lcd_text:lcd|char_cnt[1]      ; lcd_text:lcd|char_cnt[1]      ; CLOCK_50     ; CLOCK_50    ; 0.000        ; 0.081      ; 0.669      ;
; 0.402 ; lcd_text:lcd|char_cnt[2]      ; lcd_text:lcd|char_cnt[2]      ; CLOCK_50     ; CLOCK_50    ; 0.000        ; 0.081      ; 0.669      ;
; 0.402 ; lcd_text:lcd|char_cnt[3]      ; lcd_text:lcd|char_cnt[3]      ; CLOCK_50     ; CLOCK_50    ; 0.000        ; 0.081      ; 0.669      ;
; 0.403 ; xtea_core:core|state.S_RUN    ; xtea_core:core|state.S_RUN    ; CLOCK_50     ; CLOCK_50    ; 0.000        ; 0.080      ; 0.669      ;
; 0.403 ; lcd_text:lcd|LCD_RS           ; lcd_text:lcd|LCD_RS           ; CLOCK_50     ; CLOCK_50    ; 0.000        ; 0.080      ; 0.669      ;
; 0.403 ; blk_ascii_count[3]            ; blk_ascii_count[3]            ; CLOCK_50     ; CLOCK_50    ; 0.000        ; 0.080      ; 0.669      ;
; 0.403 ; blk_ascii_count[0]            ; blk_ascii_count[0]            ; CLOCK_50     ; CLOCK_50    ; 0.000        ; 0.080      ; 0.669      ;
; 0.403 ; ps2_keyboard:kbd|buffer[9]    ; ps2_keyboard:kbd|buffer[9]    ; CLOCK_50     ; CLOCK_50    ; 0.000        ; 0.080      ; 0.669      ;
; 0.403 ; ps2_keyboard:kbd|buffer[0]    ; ps2_keyboard:kbd|buffer[0]    ; CLOCK_50     ; CLOCK_50    ; 0.000        ; 0.080      ; 0.669      ;
; 0.403 ; ps2_keyboard:kbd|count[1]     ; ps2_keyboard:kbd|count[1]     ; CLOCK_50     ; CLOCK_50    ; 0.000        ; 0.080      ; 0.669      ;
; 0.403 ; lcd_text:lcd|state.S_WRL1     ; lcd_text:lcd|state.S_WRL1     ; CLOCK_50     ; CLOCK_50    ; 0.000        ; 0.080      ; 0.669      ;
; 0.403 ; lcd_text:lcd|state.S_WRL2     ; lcd_text:lcd|state.S_WRL2     ; CLOCK_50     ; CLOCK_50    ; 0.000        ; 0.080      ; 0.669      ;
; 0.403 ; lcd_text:lcd|phase.PH_SETUP   ; lcd_text:lcd|phase.PH_SETUP   ; CLOCK_50     ; CLOCK_50    ; 0.000        ; 0.080      ; 0.669      ;
; 0.403 ; lcd_text:lcd|phase.PH_EPULSE  ; lcd_text:lcd|phase.PH_EPULSE  ; CLOCK_50     ; CLOCK_50    ; 0.000        ; 0.080      ; 0.669      ;
; 0.403 ; lcd_text:lcd|phase.PH_ELOW    ; lcd_text:lcd|phase.PH_ELOW    ; CLOCK_50     ; CLOCK_50    ; 0.000        ; 0.080      ; 0.669      ;
; 0.403 ; lcd_text:lcd|state.S_PWRON    ; lcd_text:lcd|state.S_PWRON    ; CLOCK_50     ; CLOCK_50    ; 0.000        ; 0.080      ; 0.669      ;
; 0.403 ; por_cnt[19]                   ; por_cnt[19]                   ; CLOCK_50     ; CLOCK_50    ; 0.000        ; 0.080      ; 0.669      ;
; 0.404 ; sw_mode                       ; sw_mode                       ; CLOCK_50     ; CLOCK_50    ; 0.000        ; 0.079      ; 0.669      ;
; 0.408 ; ps2_keyboard:kbd|count[0]     ; ps2_keyboard:kbd|count[0]     ; CLOCK_50     ; CLOCK_50    ; 0.000        ; 0.080      ; 0.674      ;
; 0.408 ; por_cnt[0]                    ; por_cnt[0]                    ; CLOCK_50     ; CLOCK_50    ; 0.000        ; 0.080      ; 0.674      ;
; 0.429 ; xtea_core:core|block_out[32]  ; block[32]                     ; CLOCK_50     ; CLOCK_50    ; 0.000        ; 0.081      ; 0.696      ;
; 0.429 ; key_r1[3]                     ; sw_mode                       ; CLOCK_50     ; CLOCK_50    ; 0.000        ; 0.079      ; 0.694      ;
; 0.430 ; key_r0[3]                     ; key_r1[3]                     ; CLOCK_50     ; CLOCK_50    ; 0.000        ; 0.079      ; 0.695      ;
; 0.430 ; key_r0[0]                     ; key_r1[0]                     ; CLOCK_50     ; CLOCK_50    ; 0.000        ; 0.080      ; 0.696      ;
; 0.431 ; key_r0[2]                     ; key_r1[2]                     ; CLOCK_50     ; CLOCK_50    ; 0.000        ; 0.079      ; 0.696      ;
; 0.431 ; key_r0[1]                     ; key_r1[1]                     ; CLOCK_50     ; CLOCK_50    ; 0.000        ; 0.080      ; 0.697      ;
; 0.436 ; ps2_keyboard:kbd|ps2c_sync[1] ; ps2_keyboard:kbd|ps2c_sync[2] ; CLOCK_50     ; CLOCK_50    ; 0.000        ; 0.081      ; 0.703      ;
; 0.437 ; ps2_keyboard:kbd|ps2c_sync[0] ; ps2_keyboard:kbd|ps2c_sync[1] ; CLOCK_50     ; CLOCK_50    ; 0.000        ; 0.081      ; 0.704      ;
; 0.437 ; lcd_text:lcd|phase.PH_EPULSE  ; lcd_text:lcd|LCD_EN           ; CLOCK_50     ; CLOCK_50    ; 0.000        ; 0.080      ; 0.703      ;
; 0.438 ; key_r1[3]                     ; key_r2[3]                     ; CLOCK_50     ; CLOCK_50    ; 0.000        ; 0.079      ; 0.703      ;
; 0.444 ; xtea_core:core|round[4]       ; xtea_core:core|state.S_DONE   ; CLOCK_50     ; CLOCK_50    ; 0.000        ; 0.081      ; 0.711      ;
; 0.451 ; blk_ascii_count[0]            ; l1[64]                        ; CLOCK_50     ; CLOCK_50    ; 0.000        ; 0.080      ; 0.717      ;
; 0.451 ; key_r1[1]                     ; key_r2[1]                     ; CLOCK_50     ; CLOCK_50    ; 0.000        ; 0.080      ; 0.717      ;
; 0.452 ; block[57]                     ; block[61]                     ; CLOCK_50     ; CLOCK_50    ; 0.000        ; 0.080      ; 0.718      ;
; 0.453 ; block[59]                     ; block[63]                     ; CLOCK_50     ; CLOCK_50    ; 0.000        ; 0.081      ; 0.720      ;
; 0.457 ; key_buf[65]                   ; key_buf[69]                   ; CLOCK_50     ; CLOCK_50    ; 0.000        ; 0.081      ; 0.724      ;
; 0.457 ; key_buf[33]                   ; key_buf[37]                   ; CLOCK_50     ; CLOCK_50    ; 0.000        ; 0.081      ; 0.724      ;
; 0.458 ; key_buf[91]                   ; key_buf[95]                   ; CLOCK_50     ; CLOCK_50    ; 0.000        ; 0.080      ; 0.724      ;
; 0.458 ; key_buf[97]                   ; key_buf[101]                  ; CLOCK_50     ; CLOCK_50    ; 0.000        ; 0.081      ; 0.725      ;
; 0.458 ; lcd_text:lcd|state.S_ADDR2    ; lcd_text:lcd|LCD_DATA[6]      ; CLOCK_50     ; CLOCK_50    ; 0.000        ; 0.080      ; 0.724      ;
; 0.459 ; key_buf[109]                  ; key_buf[113]                  ; CLOCK_50     ; CLOCK_50    ; 0.000        ; 0.081      ; 0.726      ;
; 0.459 ; key_buf[103]                  ; key_buf[107]                  ; CLOCK_50     ; CLOCK_50    ; 0.000        ; 0.080      ; 0.725      ;
; 0.459 ; key_buf[42]                   ; key_buf[46]                   ; CLOCK_50     ; CLOCK_50    ; 0.000        ; 0.081      ; 0.726      ;
; 0.459 ; key_buf[18]                   ; key_buf[22]                   ; CLOCK_50     ; CLOCK_50    ; 0.000        ; 0.080      ; 0.725      ;
; 0.459 ; key_buf[69]                   ; key_buf[73]                   ; CLOCK_50     ; CLOCK_50    ; 0.000        ; 0.081      ; 0.726      ;
; 0.459 ; key_buf[48]                   ; key_buf[52]                   ; CLOCK_50     ; CLOCK_50    ; 0.000        ; 0.081      ; 0.726      ;
; 0.460 ; key_buf[106]                  ; key_buf[110]                  ; CLOCK_50     ; CLOCK_50    ; 0.000        ; 0.081      ; 0.727      ;
; 0.460 ; key_buf[66]                   ; key_buf[70]                   ; CLOCK_50     ; CLOCK_50    ; 0.000        ; 0.081      ; 0.727      ;
; 0.461 ; key_buf[37]                   ; key_buf[41]                   ; CLOCK_50     ; CLOCK_50    ; 0.000        ; 0.081      ; 0.728      ;
; 0.462 ; key_buf[88]                   ; key_buf[92]                   ; CLOCK_50     ; CLOCK_50    ; 0.000        ; 0.080      ; 0.728      ;
; 0.462 ; lcd_text:lcd|state.S_CLR      ; lcd_text:lcd|state.S_ENTRY    ; CLOCK_50     ; CLOCK_50    ; 0.000        ; 0.080      ; 0.728      ;
; 0.472 ; key_buf[104]                  ; key_buf[108]                  ; CLOCK_50     ; CLOCK_50    ; 0.000        ; 0.080      ; 0.738      ;
; 0.472 ; key_buf[49]                   ; key_buf[53]                   ; CLOCK_50     ; CLOCK_50    ; 0.000        ; 0.080      ; 0.738      ;
; 0.473 ; key_buf[111]                  ; key_buf[115]                  ; CLOCK_50     ; CLOCK_50    ; 0.000        ; 0.081      ; 0.740      ;
; 0.473 ; key_buf[36]                   ; key_buf[40]                   ; CLOCK_50     ; CLOCK_50    ; 0.000        ; 0.081      ; 0.740      ;
; 0.473 ; key_buf[4]                    ; key_buf[8]                    ; CLOCK_50     ; CLOCK_50    ; 0.000        ; 0.081      ; 0.740      ;
; 0.474 ; key_buf[7]                    ; key_buf[11]                   ; CLOCK_50     ; CLOCK_50    ; 0.000        ; 0.080      ; 0.740      ;
; 0.475 ; key_buf[39]                   ; key_buf[43]                   ; CLOCK_50     ; CLOCK_50    ; 0.000        ; 0.080      ; 0.741      ;
; 0.475 ; lcd_text:lcd|state.S_FUNC     ; lcd_text:lcd|state.S_DISP     ; CLOCK_50     ; CLOCK_50    ; 0.000        ; 0.080      ; 0.741      ;
; 0.476 ; key_buf[112]                  ; key_buf[116]                  ; CLOCK_50     ; CLOCK_50    ; 0.000        ; 0.081      ; 0.743      ;
; 0.476 ; key_buf[79]                   ; key_buf[83]                   ; CLOCK_50     ; CLOCK_50    ; 0.000        ; 0.081      ; 0.743      ;
; 0.476 ; key_buf[51]                   ; key_buf[55]                   ; CLOCK_50     ; CLOCK_50    ; 0.000        ; 0.080      ; 0.742      ;
; 0.477 ; key_buf[71]                   ; key_buf[75]                   ; CLOCK_50     ; CLOCK_50    ; 0.000        ; 0.080      ; 0.743      ;
; 0.478 ; key_buf[59]                   ; key_buf[63]                   ; CLOCK_50     ; CLOCK_50    ; 0.000        ; 0.080      ; 0.744      ;
; 0.485 ; block[33]                     ; block[37]                     ; CLOCK_50     ; CLOCK_50    ; 0.000        ; 0.080      ; 0.751      ;
; 0.531 ; sel_key                       ; l1[51]                        ; CLOCK_50     ; CLOCK_50    ; 0.000        ; 0.080      ; 0.797      ;
; 0.532 ; sel_key                       ; l1[45]                        ; CLOCK_50     ; CLOCK_50    ; 0.000        ; 0.080      ; 0.798      ;
; 0.532 ; sel_key                       ; l1[58]                        ; CLOCK_50     ; CLOCK_50    ; 0.000        ; 0.080      ; 0.798      ;
; 0.533 ; sel_key                       ; l1[105]                       ; CLOCK_50     ; CLOCK_50    ; 0.000        ; 0.080      ; 0.799      ;
; 0.540 ; sel_key                       ; l1[73]                        ; CLOCK_50     ; CLOCK_50    ; 0.000        ; 0.080      ; 0.806      ;
; 0.541 ; sel_key                       ; l1[121]                       ; CLOCK_50     ; CLOCK_50    ; 0.000        ; 0.080      ; 0.807      ;
; 0.561 ; xtea_core:core|round[5]       ; xtea_core:core|state.S_DONE   ; CLOCK_50     ; CLOCK_50    ; 0.000        ; 0.081      ; 0.828      ;
; 0.567 ; xtea_core:core|state.S_DONE   ; xtea_core:core|done           ; CLOCK_50     ; CLOCK_50    ; 0.000        ; 0.081      ; 0.834      ;
; 0.581 ; key_buf[2]                    ; key_buf[6]                    ; CLOCK_50     ; CLOCK_50    ; 0.000        ; 0.081      ; 0.848      ;
; 0.585 ; key_buf[15]                   ; key_buf[19]                   ; CLOCK_50     ; CLOCK_50    ; 0.000        ; 0.081      ; 0.852      ;
; 0.591 ; lcd_text:lcd|state.S_DISP     ; lcd_text:lcd|state.S_CLR      ; CLOCK_50     ; CLOCK_50    ; 0.000        ; 0.080      ; 0.857      ;
; 0.593 ; lcd_text:lcd|state.S_DISP     ; lcd_text:lcd|LCD_DATA[2]      ; CLOCK_50     ; CLOCK_50    ; 0.000        ; 0.080      ; 0.859      ;
; 0.595 ; xtea_core:core|sum[31]        ; xtea_core:core|sum[31]        ; CLOCK_50     ; CLOCK_50    ; 0.000        ; 0.081      ; 0.862      ;
; 0.596 ; key_buf[121]                  ; key_buf[125]                  ; CLOCK_50     ; CLOCK_50    ; 0.000        ; 0.081      ; 0.863      ;
; 0.611 ; key_r1[2]                     ; key_r2[2]                     ; CLOCK_50     ; CLOCK_50    ; 0.000        ; 0.079      ; 0.876      ;
; 0.622 ; block[40]                     ; block[48]                     ; CLOCK_50     ; CLOCK_50    ; 0.000        ; 0.081      ; 0.889      ;
; 0.622 ; block[38]                     ; block[46]                     ; CLOCK_50     ; CLOCK_50    ; 0.000        ; 0.081      ; 0.889      ;
; 0.622 ; block[43]                     ; block[51]                     ; CLOCK_50     ; CLOCK_50    ; 0.000        ; 0.081      ; 0.889      ;
; 0.623 ; block[37]                     ; block[45]                     ; CLOCK_50     ; CLOCK_50    ; 0.000        ; 0.080      ; 0.889      ;
; 0.627 ; block[52]                     ; block[60]                     ; CLOCK_50     ; CLOCK_50    ; 0.000        ; 0.081      ; 0.894      ;
; 0.628 ; key_buf[74]                   ; key_buf[78]                   ; CLOCK_50     ; CLOCK_50    ; 0.000        ; 0.081      ; 0.895      ;
; 0.628 ; block[23]                     ; block[31]                     ; CLOCK_50     ; CLOCK_50    ; 0.000        ; 0.081      ; 0.895      ;
+-------+-------------------------------+-------------------------------+--------------+-------------+--------------+------------+------------+


-----------------------------------------------
; Slow 1200mV 85C Model Metastability Summary ;
-----------------------------------------------
The design MTBF is not calculated because there are no specified synchronizers in the design.
Number of Synchronizer Chains Found: 4
Shortest Synchronizer Chain: 2 Registers
Fraction of Chains for which MTBFs Could Not be Calculated: 1.000
Worst Case Available Settling Time: 28.894 ns




+-------------------------------------------------+
; Slow 1200mV 0C Model Fmax Summary               ;
+-----------+-----------------+------------+------+
; Fmax      ; Restricted Fmax ; Clock Name ; Note ;
+-----------+-----------------+------------+------+
; 65.95 MHz ; 65.95 MHz       ; CLOCK_50   ;      ;
+-----------+-----------------+------------+------+
This panel reports FMAX for every clock in the design, regardless of the user-specified clock periods.  FMAX is only computed for paths where the source and destination registers or ports are driven by the same clock.  Paths of different clocks, including generated clocks, are ignored.  For paths between a clock and its inversion, FMAX is computed as if the rising and falling edges are scaled along with FMAX, such that the duty cycle (in terms of a percentage) is maintained. Altera recommends that you always use clock constraints and other slack reports for sign-off analysis.


+------------------------------------+
; Slow 1200mV 0C Model Setup Summary ;
+----------+-------+-----------------+
; Clock    ; Slack ; End Point TNS   ;
+----------+-------+-----------------+
; CLOCK_50 ; 4.837 ; 0.000           ;
+----------+-------+-----------------+


+-----------------------------------+
; Slow 1200mV 0C Model Hold Summary ;
+----------+-------+----------------+
; Clock    ; Slack ; End Point TNS  ;
+----------+-------+----------------+
; CLOCK_50 ; 0.353 ; 0.000          ;
+----------+-------+----------------+


-----------------------------------------
; Slow 1200mV 0C Model Recovery Summary ;
-----------------------------------------
No paths to report.


----------------------------------------
; Slow 1200mV 0C Model Removal Summary ;
----------------------------------------
No paths to report.


+--------------------------------------------------+
; Slow 1200mV 0C Model Minimum Pulse Width Summary ;
+----------+-------+-------------------------------+
; Clock    ; Slack ; End Point TNS                 ;
+----------+-------+-------------------------------+
; CLOCK_50 ; 9.668 ; 0.000                         ;
+----------+-------+-------------------------------+


+-------------------------------------------------------------------------------------------------------------------------------------+
; Slow 1200mV 0C Model Setup: 'CLOCK_50'                                                                                              ;
+-------+------------------------+------------------------------+--------------+-------------+--------------+------------+------------+
; Slack ; From Node              ; To Node                      ; Launch Clock ; Latch Clock ; Relationship ; Clock Skew ; Data Delay ;
+-------+------------------------+------------------------------+--------------+-------------+--------------+------------+------------+
; 4.837 ; key_buf[96]            ; xtea_core:core|v1[31]        ; CLOCK_50     ; CLOCK_50    ; 20.000       ; -0.069     ; 15.113     ;
; 4.911 ; key_buf[96]            ; xtea_core:core|v1[29]        ; CLOCK_50     ; CLOCK_50    ; 20.000       ; -0.081     ; 15.027     ;
; 4.930 ; key_buf[96]            ; xtea_core:core|block_out[30] ; CLOCK_50     ; CLOCK_50    ; 20.000       ; -0.082     ; 15.007     ;
; 4.931 ; key_buf[96]            ; xtea_core:core|v1[30]        ; CLOCK_50     ; CLOCK_50    ; 20.000       ; -0.082     ; 15.006     ;
; 4.955 ; xtea_core:core|sum[12] ; xtea_core:core|v0[28]        ; CLOCK_50     ; CLOCK_50    ; 20.000       ; -0.065     ; 14.999     ;
; 4.973 ; xtea_core:core|sum[12] ; xtea_core:core|v0[19]        ; CLOCK_50     ; CLOCK_50    ; 20.000       ; -0.065     ; 14.981     ;
; 4.993 ; xtea_core:core|sum[12] ; xtea_core:core|v0[31]        ; CLOCK_50     ; CLOCK_50    ; 20.000       ; -0.056     ; 14.970     ;
; 5.016 ; xtea_core:core|sum[12] ; xtea_core:core|block_out[58] ; CLOCK_50     ; CLOCK_50    ; 20.000       ; -0.055     ; 14.948     ;
; 5.017 ; xtea_core:core|sum[12] ; xtea_core:core|v0[26]        ; CLOCK_50     ; CLOCK_50    ; 20.000       ; -0.055     ; 14.947     ;
; 5.034 ; key_buf[96]            ; xtea_core:core|v1[20]        ; CLOCK_50     ; CLOCK_50    ; 20.000       ; -0.082     ; 14.903     ;
; 5.071 ; xtea_core:core|sum[1]  ; xtea_core:core|v1[31]        ; CLOCK_50     ; CLOCK_50    ; 20.000       ; -0.078     ; 14.870     ;
; 5.075 ; key_buf[96]            ; xtea_core:core|v1[28]        ; CLOCK_50     ; CLOCK_50    ; 20.000       ; -0.081     ; 14.863     ;
; 5.082 ; key_buf[32]            ; xtea_core:core|v1[31]        ; CLOCK_50     ; CLOCK_50    ; 20.000       ; -0.069     ; 14.868     ;
; 5.100 ; key_buf[96]            ; xtea_core:core|v1[24]        ; CLOCK_50     ; CLOCK_50    ; 20.000       ; -0.068     ; 14.851     ;
; 5.113 ; xtea_core:core|sum[12] ; xtea_core:core|v0[24]        ; CLOCK_50     ; CLOCK_50    ; 20.000       ; -0.057     ; 14.849     ;
; 5.121 ; key_buf[96]            ; xtea_core:core|block_out[31] ; CLOCK_50     ; CLOCK_50    ; 20.000       ; -0.069     ; 14.829     ;
; 5.128 ; key_buf[96]            ; xtea_core:core|v1[27]        ; CLOCK_50     ; CLOCK_50    ; 20.000       ; -0.083     ; 14.808     ;
; 5.136 ; xtea_core:core|sum[12] ; xtea_core:core|v0[27]        ; CLOCK_50     ; CLOCK_50    ; 20.000       ; -0.065     ; 14.818     ;
; 5.137 ; xtea_core:core|sum[12] ; xtea_core:core|v0[25]        ; CLOCK_50     ; CLOCK_50    ; 20.000       ; -0.065     ; 14.817     ;
; 5.142 ; xtea_core:core|sum[12] ; xtea_core:core|block_out[57] ; CLOCK_50     ; CLOCK_50    ; 20.000       ; -0.065     ; 14.812     ;
; 5.145 ; xtea_core:core|sum[1]  ; xtea_core:core|v1[29]        ; CLOCK_50     ; CLOCK_50    ; 20.000       ; -0.090     ; 14.784     ;
; 5.147 ; xtea_core:core|sum[11] ; xtea_core:core|v0[28]        ; CLOCK_50     ; CLOCK_50    ; 20.000       ; -0.066     ; 14.806     ;
; 5.156 ; key_buf[32]            ; xtea_core:core|v1[29]        ; CLOCK_50     ; CLOCK_50    ; 20.000       ; -0.081     ; 14.782     ;
; 5.164 ; xtea_core:core|sum[1]  ; xtea_core:core|block_out[30] ; CLOCK_50     ; CLOCK_50    ; 20.000       ; -0.091     ; 14.764     ;
; 5.165 ; xtea_core:core|sum[1]  ; xtea_core:core|v1[30]        ; CLOCK_50     ; CLOCK_50    ; 20.000       ; -0.091     ; 14.763     ;
; 5.165 ; xtea_core:core|sum[11] ; xtea_core:core|v0[19]        ; CLOCK_50     ; CLOCK_50    ; 20.000       ; -0.066     ; 14.788     ;
; 5.167 ; key_buf[96]            ; xtea_core:core|block_out[25] ; CLOCK_50     ; CLOCK_50    ; 20.000       ; -0.081     ; 14.771     ;
; 5.169 ; xtea_core:core|sum[12] ; xtea_core:core|v0[30]        ; CLOCK_50     ; CLOCK_50    ; 20.000       ; -0.056     ; 14.794     ;
; 5.169 ; key_buf[96]            ; xtea_core:core|v1[25]        ; CLOCK_50     ; CLOCK_50    ; 20.000       ; -0.081     ; 14.769     ;
; 5.175 ; key_buf[32]            ; xtea_core:core|block_out[30] ; CLOCK_50     ; CLOCK_50    ; 20.000       ; -0.082     ; 14.762     ;
; 5.176 ; key_buf[32]            ; xtea_core:core|v1[30]        ; CLOCK_50     ; CLOCK_50    ; 20.000       ; -0.082     ; 14.761     ;
; 5.180 ; xtea_core:core|sum[12] ; xtea_core:core|block_out[62] ; CLOCK_50     ; CLOCK_50    ; 20.000       ; -0.055     ; 14.784     ;
; 5.182 ; key_buf[96]            ; xtea_core:core|v1[19]        ; CLOCK_50     ; CLOCK_50    ; 20.000       ; -0.081     ; 14.756     ;
; 5.184 ; key_buf[96]            ; xtea_core:core|v1[21]        ; CLOCK_50     ; CLOCK_50    ; 20.000       ; -0.082     ; 14.753     ;
; 5.185 ; xtea_core:core|sum[11] ; xtea_core:core|v0[31]        ; CLOCK_50     ; CLOCK_50    ; 20.000       ; -0.057     ; 14.777     ;
; 5.208 ; xtea_core:core|sum[11] ; xtea_core:core|block_out[58] ; CLOCK_50     ; CLOCK_50    ; 20.000       ; -0.056     ; 14.755     ;
; 5.209 ; xtea_core:core|sum[11] ; xtea_core:core|v0[26]        ; CLOCK_50     ; CLOCK_50    ; 20.000       ; -0.056     ; 14.754     ;
; 5.219 ; xtea_core:core|sum[12] ; xtea_core:core|v0[23]        ; CLOCK_50     ; CLOCK_50    ; 20.000       ; -0.063     ; 14.737     ;
; 5.226 ; xtea_core:core|sum[12] ; xtea_core:core|block_out[61] ; CLOCK_50     ; CLOCK_50    ; 20.000       ; -0.056     ; 14.737     ;
; 5.227 ; xtea_core:core|sum[12] ; xtea_core:core|v0[29]        ; CLOCK_50     ; CLOCK_50    ; 20.000       ; -0.056     ; 14.736     ;
; 5.227 ; xtea_core:core|sum[12] ; xtea_core:core|block_out[59] ; CLOCK_50     ; CLOCK_50    ; 20.000       ; -0.055     ; 14.737     ;
; 5.230 ; key_buf[96]            ; xtea_core:core|v1[22]        ; CLOCK_50     ; CLOCK_50    ; 20.000       ; -0.069     ; 14.720     ;
; 5.236 ; xtea_core:core|sum[12] ; xtea_core:core|v0[21]        ; CLOCK_50     ; CLOCK_50    ; 20.000       ; -0.055     ; 14.728     ;
; 5.246 ; key_buf[96]            ; xtea_core:core|block_out[29] ; CLOCK_50     ; CLOCK_50    ; 20.000       ; -0.068     ; 14.705     ;
; 5.249 ; xtea_core:core|sum[12] ; xtea_core:core|v0[18]        ; CLOCK_50     ; CLOCK_50    ; 20.000       ; -0.065     ; 14.705     ;
; 5.255 ; xtea_core:core|sum[12] ; xtea_core:core|block_out[63] ; CLOCK_50     ; CLOCK_50    ; 20.000       ; -0.056     ; 14.708     ;
; 5.268 ; xtea_core:core|sum[1]  ; xtea_core:core|v1[20]        ; CLOCK_50     ; CLOCK_50    ; 20.000       ; -0.091     ; 14.660     ;
; 5.279 ; key_buf[32]            ; xtea_core:core|v1[20]        ; CLOCK_50     ; CLOCK_50    ; 20.000       ; -0.082     ; 14.658     ;
; 5.296 ; xtea_core:core|sum[12] ; xtea_core:core|block_out[60] ; CLOCK_50     ; CLOCK_50    ; 20.000       ; -0.056     ; 14.667     ;
; 5.297 ; key_buf[96]            ; xtea_core:core|v1[16]        ; CLOCK_50     ; CLOCK_50    ; 20.000       ; -0.081     ; 14.641     ;
; 5.299 ; key_buf[96]            ; xtea_core:core|v1[18]        ; CLOCK_50     ; CLOCK_50    ; 20.000       ; -0.082     ; 14.638     ;
; 5.305 ; xtea_core:core|sum[11] ; xtea_core:core|v0[24]        ; CLOCK_50     ; CLOCK_50    ; 20.000       ; -0.058     ; 14.656     ;
; 5.309 ; xtea_core:core|sum[1]  ; xtea_core:core|v1[28]        ; CLOCK_50     ; CLOCK_50    ; 20.000       ; -0.090     ; 14.620     ;
; 5.320 ; key_buf[32]            ; xtea_core:core|v1[28]        ; CLOCK_50     ; CLOCK_50    ; 20.000       ; -0.081     ; 14.618     ;
; 5.326 ; xtea_core:core|sum[12] ; xtea_core:core|v0[16]        ; CLOCK_50     ; CLOCK_50    ; 20.000       ; -0.065     ; 14.628     ;
; 5.328 ; xtea_core:core|sum[11] ; xtea_core:core|v0[27]        ; CLOCK_50     ; CLOCK_50    ; 20.000       ; -0.066     ; 14.625     ;
; 5.329 ; key_buf[0]             ; xtea_core:core|v1[31]        ; CLOCK_50     ; CLOCK_50    ; 20.000       ; -0.069     ; 14.621     ;
; 5.329 ; xtea_core:core|sum[11] ; xtea_core:core|v0[25]        ; CLOCK_50     ; CLOCK_50    ; 20.000       ; -0.066     ; 14.624     ;
; 5.333 ; xtea_core:core|sum[0]  ; xtea_core:core|v1[31]        ; CLOCK_50     ; CLOCK_50    ; 20.000       ; -0.078     ; 14.608     ;
; 5.334 ; xtea_core:core|sum[1]  ; xtea_core:core|v1[24]        ; CLOCK_50     ; CLOCK_50    ; 20.000       ; -0.077     ; 14.608     ;
; 5.334 ; xtea_core:core|sum[11] ; xtea_core:core|block_out[57] ; CLOCK_50     ; CLOCK_50    ; 20.000       ; -0.066     ; 14.619     ;
; 5.345 ; key_buf[32]            ; xtea_core:core|v1[24]        ; CLOCK_50     ; CLOCK_50    ; 20.000       ; -0.068     ; 14.606     ;
; 5.353 ; xtea_core:core|sum[12] ; xtea_core:core|v0[22]        ; CLOCK_50     ; CLOCK_50    ; 20.000       ; -0.056     ; 14.610     ;
; 5.353 ; xtea_core:core|sum[12] ; xtea_core:core|block_out[54] ; CLOCK_50     ; CLOCK_50    ; 20.000       ; -0.056     ; 14.610     ;
; 5.354 ; key_buf[96]            ; xtea_core:core|block_out[28] ; CLOCK_50     ; CLOCK_50    ; 20.000       ; -0.069     ; 14.596     ;
; 5.355 ; xtea_core:core|sum[1]  ; xtea_core:core|block_out[31] ; CLOCK_50     ; CLOCK_50    ; 20.000       ; -0.078     ; 14.586     ;
; 5.361 ; xtea_core:core|sum[11] ; xtea_core:core|v0[30]        ; CLOCK_50     ; CLOCK_50    ; 20.000       ; -0.057     ; 14.601     ;
; 5.362 ; xtea_core:core|sum[1]  ; xtea_core:core|v1[27]        ; CLOCK_50     ; CLOCK_50    ; 20.000       ; -0.092     ; 14.565     ;
; 5.366 ; key_buf[32]            ; xtea_core:core|block_out[31] ; CLOCK_50     ; CLOCK_50    ; 20.000       ; -0.069     ; 14.584     ;
; 5.372 ; xtea_core:core|sum[11] ; xtea_core:core|block_out[62] ; CLOCK_50     ; CLOCK_50    ; 20.000       ; -0.056     ; 14.591     ;
; 5.373 ; key_buf[32]            ; xtea_core:core|v1[27]        ; CLOCK_50     ; CLOCK_50    ; 20.000       ; -0.083     ; 14.563     ;
; 5.380 ; key_buf[96]            ; xtea_core:core|block_out[22] ; CLOCK_50     ; CLOCK_50    ; 20.000       ; -0.069     ; 14.570     ;
; 5.380 ; key_buf[99]            ; xtea_core:core|v1[31]        ; CLOCK_50     ; CLOCK_50    ; 20.000       ; -0.073     ; 14.566     ;
; 5.388 ; key_buf[96]            ; xtea_core:core|v1[26]        ; CLOCK_50     ; CLOCK_50    ; 20.000       ; -0.069     ; 14.562     ;
; 5.389 ; key_buf[96]            ; xtea_core:core|block_out[26] ; CLOCK_50     ; CLOCK_50    ; 20.000       ; -0.069     ; 14.561     ;
; 5.397 ; key_buf[96]            ; xtea_core:core|v1[23]        ; CLOCK_50     ; CLOCK_50    ; 20.000       ; -0.082     ; 14.540     ;
; 5.401 ; key_buf[96]            ; xtea_core:core|v1[17]        ; CLOCK_50     ; CLOCK_50    ; 20.000       ; -0.083     ; 14.535     ;
; 5.401 ; xtea_core:core|sum[1]  ; xtea_core:core|block_out[25] ; CLOCK_50     ; CLOCK_50    ; 20.000       ; -0.090     ; 14.528     ;
; 5.403 ; key_buf[0]             ; xtea_core:core|v1[29]        ; CLOCK_50     ; CLOCK_50    ; 20.000       ; -0.081     ; 14.535     ;
; 5.403 ; xtea_core:core|sum[1]  ; xtea_core:core|v1[25]        ; CLOCK_50     ; CLOCK_50    ; 20.000       ; -0.090     ; 14.526     ;
; 5.404 ; xtea_core:core|sum[12] ; xtea_core:core|v0[17]        ; CLOCK_50     ; CLOCK_50    ; 20.000       ; -0.055     ; 14.560     ;
; 5.407 ; xtea_core:core|sum[0]  ; xtea_core:core|v1[29]        ; CLOCK_50     ; CLOCK_50    ; 20.000       ; -0.090     ; 14.522     ;
; 5.411 ; xtea_core:core|sum[11] ; xtea_core:core|v0[23]        ; CLOCK_50     ; CLOCK_50    ; 20.000       ; -0.064     ; 14.544     ;
; 5.412 ; key_buf[32]            ; xtea_core:core|block_out[25] ; CLOCK_50     ; CLOCK_50    ; 20.000       ; -0.081     ; 14.526     ;
; 5.414 ; key_buf[32]            ; xtea_core:core|v1[25]        ; CLOCK_50     ; CLOCK_50    ; 20.000       ; -0.081     ; 14.524     ;
; 5.416 ; xtea_core:core|sum[1]  ; xtea_core:core|v1[19]        ; CLOCK_50     ; CLOCK_50    ; 20.000       ; -0.090     ; 14.513     ;
; 5.418 ; xtea_core:core|sum[1]  ; xtea_core:core|v1[21]        ; CLOCK_50     ; CLOCK_50    ; 20.000       ; -0.091     ; 14.510     ;
; 5.418 ; xtea_core:core|sum[11] ; xtea_core:core|block_out[61] ; CLOCK_50     ; CLOCK_50    ; 20.000       ; -0.057     ; 14.544     ;
; 5.419 ; xtea_core:core|sum[11] ; xtea_core:core|v0[29]        ; CLOCK_50     ; CLOCK_50    ; 20.000       ; -0.057     ; 14.543     ;
; 5.419 ; xtea_core:core|sum[11] ; xtea_core:core|block_out[59] ; CLOCK_50     ; CLOCK_50    ; 20.000       ; -0.056     ; 14.544     ;
; 5.422 ; xtea_core:core|sum[12] ; xtea_core:core|block_out[56] ; CLOCK_50     ; CLOCK_50    ; 20.000       ; -0.056     ; 14.541     ;
; 5.422 ; key_buf[0]             ; xtea_core:core|block_out[30] ; CLOCK_50     ; CLOCK_50    ; 20.000       ; -0.082     ; 14.515     ;
; 5.423 ; key_buf[0]             ; xtea_core:core|v1[30]        ; CLOCK_50     ; CLOCK_50    ; 20.000       ; -0.082     ; 14.514     ;
; 5.423 ; key_buf[100]           ; xtea_core:core|v0[28]        ; CLOCK_50     ; CLOCK_50    ; 20.000       ; -0.073     ; 14.523     ;
; 5.426 ; xtea_core:core|sum[0]  ; xtea_core:core|block_out[30] ; CLOCK_50     ; CLOCK_50    ; 20.000       ; -0.091     ; 14.502     ;
; 5.427 ; xtea_core:core|sum[0]  ; xtea_core:core|v1[30]        ; CLOCK_50     ; CLOCK_50    ; 20.000       ; -0.091     ; 14.501     ;
; 5.427 ; key_buf[32]            ; xtea_core:core|v1[19]        ; CLOCK_50     ; CLOCK_50    ; 20.000       ; -0.081     ; 14.511     ;
; 5.428 ; xtea_core:core|sum[11] ; xtea_core:core|v0[21]        ; CLOCK_50     ; CLOCK_50    ; 20.000       ; -0.056     ; 14.535     ;
; 5.429 ; key_buf[32]            ; xtea_core:core|v1[21]        ; CLOCK_50     ; CLOCK_50    ; 20.000       ; -0.082     ; 14.508     ;
; 5.441 ; key_buf[100]           ; xtea_core:core|v0[19]        ; CLOCK_50     ; CLOCK_50    ; 20.000       ; -0.073     ; 14.505     ;
+-------+------------------------+------------------------------+--------------+-------------+--------------+------------+------------+


+---------------------------------------------------------------------------------------------------------------------------------------------+
; Slow 1200mV 0C Model Hold: 'CLOCK_50'                                                                                                       ;
+-------+-------------------------------+-------------------------------+--------------+-------------+--------------+------------+------------+
; Slack ; From Node                     ; To Node                       ; Launch Clock ; Latch Clock ; Relationship ; Clock Skew ; Data Delay ;
+-------+-------------------------------+-------------------------------+--------------+-------------+--------------+------------+------------+
; 0.353 ; xtea_core:core|state.S_IDLE   ; xtea_core:core|state.S_IDLE   ; CLOCK_50     ; CLOCK_50    ; 0.000        ; 0.073      ; 0.597      ;
; 0.354 ; xtea_core:core|state.S_RUN    ; xtea_core:core|state.S_RUN    ; CLOCK_50     ; CLOCK_50    ; 0.000        ; 0.072      ; 0.597      ;
; 0.354 ; enc                           ; enc                           ; CLOCK_50     ; CLOCK_50    ; 0.000        ; 0.072      ; 0.597      ;
; 0.354 ; blk_ascii_count[0]            ; blk_ascii_count[0]            ; CLOCK_50     ; CLOCK_50    ; 0.000        ; 0.072      ; 0.597      ;
; 0.354 ; ps2_keyboard:kbd|ext_next     ; ps2_keyboard:kbd|ext_next     ; CLOCK_50     ; CLOCK_50    ; 0.000        ; 0.072      ; 0.597      ;
; 0.354 ; ps2_keyboard:kbd|break_next   ; ps2_keyboard:kbd|break_next   ; CLOCK_50     ; CLOCK_50    ; 0.000        ; 0.072      ; 0.597      ;
; 0.354 ; ps2_keyboard:kbd|buffer[4]    ; ps2_keyboard:kbd|buffer[4]    ; CLOCK_50     ; CLOCK_50    ; 0.000        ; 0.072      ; 0.597      ;
; 0.354 ; ps2_keyboard:kbd|buffer[1]    ; ps2_keyboard:kbd|buffer[1]    ; CLOCK_50     ; CLOCK_50    ; 0.000        ; 0.072      ; 0.597      ;
; 0.354 ; ps2_keyboard:kbd|buffer[3]    ; ps2_keyboard:kbd|buffer[3]    ; CLOCK_50     ; CLOCK_50    ; 0.000        ; 0.072      ; 0.597      ;
; 0.354 ; ps2_keyboard:kbd|buffer[2]    ; ps2_keyboard:kbd|buffer[2]    ; CLOCK_50     ; CLOCK_50    ; 0.000        ; 0.072      ; 0.597      ;
; 0.354 ; ps2_keyboard:kbd|buffer[9]    ; ps2_keyboard:kbd|buffer[9]    ; CLOCK_50     ; CLOCK_50    ; 0.000        ; 0.072      ; 0.597      ;
; 0.354 ; ps2_keyboard:kbd|buffer[5]    ; ps2_keyboard:kbd|buffer[5]    ; CLOCK_50     ; CLOCK_50    ; 0.000        ; 0.072      ; 0.597      ;
; 0.354 ; ps2_keyboard:kbd|buffer[8]    ; ps2_keyboard:kbd|buffer[8]    ; CLOCK_50     ; CLOCK_50    ; 0.000        ; 0.072      ; 0.597      ;
; 0.354 ; ps2_keyboard:kbd|buffer[6]    ; ps2_keyboard:kbd|buffer[6]    ; CLOCK_50     ; CLOCK_50    ; 0.000        ; 0.072      ; 0.597      ;
; 0.354 ; ps2_keyboard:kbd|buffer[7]    ; ps2_keyboard:kbd|buffer[7]    ; CLOCK_50     ; CLOCK_50    ; 0.000        ; 0.072      ; 0.597      ;
; 0.354 ; ps2_keyboard:kbd|buffer[0]    ; ps2_keyboard:kbd|buffer[0]    ; CLOCK_50     ; CLOCK_50    ; 0.000        ; 0.072      ; 0.597      ;
; 0.354 ; ps2_keyboard:kbd|count[1]     ; ps2_keyboard:kbd|count[1]     ; CLOCK_50     ; CLOCK_50    ; 0.000        ; 0.072      ; 0.597      ;
; 0.354 ; por_cnt[19]                   ; por_cnt[19]                   ; CLOCK_50     ; CLOCK_50    ; 0.000        ; 0.072      ; 0.597      ;
; 0.355 ; lcd_text:lcd|LCD_RS           ; lcd_text:lcd|LCD_RS           ; CLOCK_50     ; CLOCK_50    ; 0.000        ; 0.071      ; 0.597      ;
; 0.355 ; blk_ascii_count[3]            ; blk_ascii_count[3]            ; CLOCK_50     ; CLOCK_50    ; 0.000        ; 0.071      ; 0.597      ;
; 0.355 ; sw_mode                       ; sw_mode                       ; CLOCK_50     ; CLOCK_50    ; 0.000        ; 0.071      ; 0.597      ;
; 0.355 ; lcd_text:lcd|char_cnt[0]      ; lcd_text:lcd|char_cnt[0]      ; CLOCK_50     ; CLOCK_50    ; 0.000        ; 0.071      ; 0.597      ;
; 0.355 ; lcd_text:lcd|char_cnt[1]      ; lcd_text:lcd|char_cnt[1]      ; CLOCK_50     ; CLOCK_50    ; 0.000        ; 0.071      ; 0.597      ;
; 0.355 ; lcd_text:lcd|char_cnt[2]      ; lcd_text:lcd|char_cnt[2]      ; CLOCK_50     ; CLOCK_50    ; 0.000        ; 0.071      ; 0.597      ;
; 0.355 ; lcd_text:lcd|char_cnt[3]      ; lcd_text:lcd|char_cnt[3]      ; CLOCK_50     ; CLOCK_50    ; 0.000        ; 0.071      ; 0.597      ;
; 0.355 ; lcd_text:lcd|state.S_WRL1     ; lcd_text:lcd|state.S_WRL1     ; CLOCK_50     ; CLOCK_50    ; 0.000        ; 0.071      ; 0.597      ;
; 0.355 ; lcd_text:lcd|state.S_WRL2     ; lcd_text:lcd|state.S_WRL2     ; CLOCK_50     ; CLOCK_50    ; 0.000        ; 0.071      ; 0.597      ;
; 0.355 ; lcd_text:lcd|phase.PH_SETUP   ; lcd_text:lcd|phase.PH_SETUP   ; CLOCK_50     ; CLOCK_50    ; 0.000        ; 0.071      ; 0.597      ;
; 0.355 ; lcd_text:lcd|phase.PH_EPULSE  ; lcd_text:lcd|phase.PH_EPULSE  ; CLOCK_50     ; CLOCK_50    ; 0.000        ; 0.071      ; 0.597      ;
; 0.355 ; lcd_text:lcd|phase.PH_ELOW    ; lcd_text:lcd|phase.PH_ELOW    ; CLOCK_50     ; CLOCK_50    ; 0.000        ; 0.071      ; 0.597      ;
; 0.355 ; lcd_text:lcd|state.S_PWRON    ; lcd_text:lcd|state.S_PWRON    ; CLOCK_50     ; CLOCK_50    ; 0.000        ; 0.071      ; 0.597      ;
; 0.365 ; ps2_keyboard:kbd|count[0]     ; ps2_keyboard:kbd|count[0]     ; CLOCK_50     ; CLOCK_50    ; 0.000        ; 0.072      ; 0.608      ;
; 0.366 ; por_cnt[0]                    ; por_cnt[0]                    ; CLOCK_50     ; CLOCK_50    ; 0.000        ; 0.071      ; 0.608      ;
; 0.388 ; key_r1[3]                     ; sw_mode                       ; CLOCK_50     ; CLOCK_50    ; 0.000        ; 0.071      ; 0.630      ;
; 0.396 ; key_r0[0]                     ; key_r1[0]                     ; CLOCK_50     ; CLOCK_50    ; 0.000        ; 0.072      ; 0.639      ;
; 0.397 ; xtea_core:core|block_out[32]  ; block[32]                     ; CLOCK_50     ; CLOCK_50    ; 0.000        ; 0.072      ; 0.640      ;
; 0.397 ; key_r0[2]                     ; key_r1[2]                     ; CLOCK_50     ; CLOCK_50    ; 0.000        ; 0.071      ; 0.639      ;
; 0.397 ; key_r0[3]                     ; key_r1[3]                     ; CLOCK_50     ; CLOCK_50    ; 0.000        ; 0.071      ; 0.639      ;
; 0.398 ; key_r0[1]                     ; key_r1[1]                     ; CLOCK_50     ; CLOCK_50    ; 0.000        ; 0.072      ; 0.641      ;
; 0.403 ; ps2_keyboard:kbd|ps2c_sync[1] ; ps2_keyboard:kbd|ps2c_sync[2] ; CLOCK_50     ; CLOCK_50    ; 0.000        ; 0.072      ; 0.646      ;
; 0.403 ; ps2_keyboard:kbd|ps2c_sync[0] ; ps2_keyboard:kbd|ps2c_sync[1] ; CLOCK_50     ; CLOCK_50    ; 0.000        ; 0.072      ; 0.646      ;
; 0.404 ; key_r1[3]                     ; key_r2[3]                     ; CLOCK_50     ; CLOCK_50    ; 0.000        ; 0.071      ; 0.646      ;
; 0.405 ; lcd_text:lcd|phase.PH_EPULSE  ; lcd_text:lcd|LCD_EN           ; CLOCK_50     ; CLOCK_50    ; 0.000        ; 0.071      ; 0.647      ;
; 0.410 ; xtea_core:core|round[4]       ; xtea_core:core|state.S_DONE   ; CLOCK_50     ; CLOCK_50    ; 0.000        ; 0.073      ; 0.654      ;
; 0.415 ; blk_ascii_count[0]            ; l1[64]                        ; CLOCK_50     ; CLOCK_50    ; 0.000        ; 0.072      ; 0.658      ;
; 0.415 ; key_r1[1]                     ; key_r2[1]                     ; CLOCK_50     ; CLOCK_50    ; 0.000        ; 0.072      ; 0.658      ;
; 0.418 ; block[59]                     ; block[63]                     ; CLOCK_50     ; CLOCK_50    ; 0.000        ; 0.072      ; 0.661      ;
; 0.418 ; block[57]                     ; block[61]                     ; CLOCK_50     ; CLOCK_50    ; 0.000        ; 0.071      ; 0.660      ;
; 0.421 ; key_buf[91]                   ; key_buf[95]                   ; CLOCK_50     ; CLOCK_50    ; 0.000        ; 0.072      ; 0.664      ;
; 0.421 ; key_buf[33]                   ; key_buf[37]                   ; CLOCK_50     ; CLOCK_50    ; 0.000        ; 0.072      ; 0.664      ;
; 0.422 ; key_buf[65]                   ; key_buf[69]                   ; CLOCK_50     ; CLOCK_50    ; 0.000        ; 0.072      ; 0.665      ;
; 0.422 ; key_buf[48]                   ; key_buf[52]                   ; CLOCK_50     ; CLOCK_50    ; 0.000        ; 0.073      ; 0.666      ;
; 0.423 ; key_buf[109]                  ; key_buf[113]                  ; CLOCK_50     ; CLOCK_50    ; 0.000        ; 0.072      ; 0.666      ;
; 0.423 ; key_buf[42]                   ; key_buf[46]                   ; CLOCK_50     ; CLOCK_50    ; 0.000        ; 0.072      ; 0.666      ;
; 0.423 ; key_buf[18]                   ; key_buf[22]                   ; CLOCK_50     ; CLOCK_50    ; 0.000        ; 0.072      ; 0.666      ;
; 0.423 ; key_buf[97]                   ; key_buf[101]                  ; CLOCK_50     ; CLOCK_50    ; 0.000        ; 0.072      ; 0.666      ;
; 0.423 ; key_buf[69]                   ; key_buf[73]                   ; CLOCK_50     ; CLOCK_50    ; 0.000        ; 0.072      ; 0.666      ;
; 0.424 ; lcd_text:lcd|state.S_ADDR2    ; lcd_text:lcd|LCD_DATA[6]      ; CLOCK_50     ; CLOCK_50    ; 0.000        ; 0.071      ; 0.666      ;
; 0.425 ; key_buf[37]                   ; key_buf[41]                   ; CLOCK_50     ; CLOCK_50    ; 0.000        ; 0.072      ; 0.668      ;
; 0.426 ; key_buf[103]                  ; key_buf[107]                  ; CLOCK_50     ; CLOCK_50    ; 0.000        ; 0.072      ; 0.669      ;
; 0.426 ; key_buf[88]                   ; key_buf[92]                   ; CLOCK_50     ; CLOCK_50    ; 0.000        ; 0.071      ; 0.668      ;
; 0.427 ; key_buf[106]                  ; key_buf[110]                  ; CLOCK_50     ; CLOCK_50    ; 0.000        ; 0.072      ; 0.670      ;
; 0.427 ; lcd_text:lcd|state.S_CLR      ; lcd_text:lcd|state.S_ENTRY    ; CLOCK_50     ; CLOCK_50    ; 0.000        ; 0.071      ; 0.669      ;
; 0.429 ; key_buf[66]                   ; key_buf[70]                   ; CLOCK_50     ; CLOCK_50    ; 0.000        ; 0.072      ; 0.672      ;
; 0.434 ; key_buf[49]                   ; key_buf[53]                   ; CLOCK_50     ; CLOCK_50    ; 0.000        ; 0.072      ; 0.677      ;
; 0.435 ; key_buf[111]                  ; key_buf[115]                  ; CLOCK_50     ; CLOCK_50    ; 0.000        ; 0.073      ; 0.679      ;
; 0.436 ; key_buf[7]                    ; key_buf[11]                   ; CLOCK_50     ; CLOCK_50    ; 0.000        ; 0.072      ; 0.679      ;
; 0.436 ; key_buf[4]                    ; key_buf[8]                    ; CLOCK_50     ; CLOCK_50    ; 0.000        ; 0.072      ; 0.679      ;
; 0.437 ; key_buf[104]                  ; key_buf[108]                  ; CLOCK_50     ; CLOCK_50    ; 0.000        ; 0.072      ; 0.680      ;
; 0.437 ; key_buf[39]                   ; key_buf[43]                   ; CLOCK_50     ; CLOCK_50    ; 0.000        ; 0.072      ; 0.680      ;
; 0.437 ; lcd_text:lcd|state.S_FUNC     ; lcd_text:lcd|state.S_DISP     ; CLOCK_50     ; CLOCK_50    ; 0.000        ; 0.071      ; 0.679      ;
; 0.438 ; key_buf[112]                  ; key_buf[116]                  ; CLOCK_50     ; CLOCK_50    ; 0.000        ; 0.073      ; 0.682      ;
; 0.438 ; key_buf[79]                   ; key_buf[83]                   ; CLOCK_50     ; CLOCK_50    ; 0.000        ; 0.073      ; 0.682      ;
; 0.438 ; key_buf[51]                   ; key_buf[55]                   ; CLOCK_50     ; CLOCK_50    ; 0.000        ; 0.072      ; 0.681      ;
; 0.439 ; key_buf[36]                   ; key_buf[40]                   ; CLOCK_50     ; CLOCK_50    ; 0.000        ; 0.072      ; 0.682      ;
; 0.440 ; key_buf[59]                   ; key_buf[63]                   ; CLOCK_50     ; CLOCK_50    ; 0.000        ; 0.072      ; 0.683      ;
; 0.441 ; key_buf[71]                   ; key_buf[75]                   ; CLOCK_50     ; CLOCK_50    ; 0.000        ; 0.072      ; 0.684      ;
; 0.447 ; block[33]                     ; block[37]                     ; CLOCK_50     ; CLOCK_50    ; 0.000        ; 0.071      ; 0.689      ;
; 0.479 ; sel_key                       ; l1[51]                        ; CLOCK_50     ; CLOCK_50    ; 0.000        ; 0.071      ; 0.721      ;
; 0.480 ; sel_key                       ; l1[45]                        ; CLOCK_50     ; CLOCK_50    ; 0.000        ; 0.071      ; 0.722      ;
; 0.480 ; sel_key                       ; l1[58]                        ; CLOCK_50     ; CLOCK_50    ; 0.000        ; 0.071      ; 0.722      ;
; 0.481 ; sel_key                       ; l1[105]                       ; CLOCK_50     ; CLOCK_50    ; 0.000        ; 0.071      ; 0.723      ;
; 0.495 ; sel_key                       ; l1[73]                        ; CLOCK_50     ; CLOCK_50    ; 0.000        ; 0.071      ; 0.737      ;
; 0.496 ; sel_key                       ; l1[121]                       ; CLOCK_50     ; CLOCK_50    ; 0.000        ; 0.071      ; 0.738      ;
; 0.507 ; xtea_core:core|round[5]       ; xtea_core:core|state.S_DONE   ; CLOCK_50     ; CLOCK_50    ; 0.000        ; 0.073      ; 0.751      ;
; 0.520 ; xtea_core:core|state.S_DONE   ; xtea_core:core|done           ; CLOCK_50     ; CLOCK_50    ; 0.000        ; 0.073      ; 0.764      ;
; 0.532 ; key_buf[2]                    ; key_buf[6]                    ; CLOCK_50     ; CLOCK_50    ; 0.000        ; 0.072      ; 0.775      ;
; 0.538 ; key_buf[15]                   ; key_buf[19]                   ; CLOCK_50     ; CLOCK_50    ; 0.000        ; 0.073      ; 0.782      ;
; 0.542 ; lcd_text:lcd|state.S_DISP     ; lcd_text:lcd|state.S_CLR      ; CLOCK_50     ; CLOCK_50    ; 0.000        ; 0.071      ; 0.784      ;
; 0.544 ; lcd_text:lcd|state.S_DISP     ; lcd_text:lcd|LCD_DATA[2]      ; CLOCK_50     ; CLOCK_50    ; 0.000        ; 0.071      ; 0.786      ;
; 0.547 ; key_buf[121]                  ; key_buf[125]                  ; CLOCK_50     ; CLOCK_50    ; 0.000        ; 0.072      ; 0.790      ;
; 0.549 ; xtea_core:core|sum[31]        ; xtea_core:core|sum[31]        ; CLOCK_50     ; CLOCK_50    ; 0.000        ; 0.072      ; 0.792      ;
; 0.558 ; key_r1[2]                     ; key_r2[2]                     ; CLOCK_50     ; CLOCK_50    ; 0.000        ; 0.071      ; 0.800      ;
; 0.569 ; block[40]                     ; block[48]                     ; CLOCK_50     ; CLOCK_50    ; 0.000        ; 0.072      ; 0.812      ;
; 0.569 ; block[38]                     ; block[46]                     ; CLOCK_50     ; CLOCK_50    ; 0.000        ; 0.072      ; 0.812      ;
; 0.569 ; block[43]                     ; block[51]                     ; CLOCK_50     ; CLOCK_50    ; 0.000        ; 0.072      ; 0.812      ;
; 0.570 ; block[37]                     ; block[45]                     ; CLOCK_50     ; CLOCK_50    ; 0.000        ; 0.071      ; 0.812      ;
; 0.573 ; block[23]                     ; block[31]                     ; CLOCK_50     ; CLOCK_50    ; 0.000        ; 0.072      ; 0.816      ;
; 0.573 ; block[52]                     ; block[60]                     ; CLOCK_50     ; CLOCK_50    ; 0.000        ; 0.072      ; 0.816      ;
; 0.574 ; block[20]                     ; block[28]                     ; CLOCK_50     ; CLOCK_50    ; 0.000        ; 0.072      ; 0.817      ;
+-------+-------------------------------+-------------------------------+--------------+-------------+--------------+------------+------------+


----------------------------------------------
; Slow 1200mV 0C Model Metastability Summary ;
----------------------------------------------
The design MTBF is not calculated because there are no specified synchronizers in the design.
Number of Synchronizer Chains Found: 4
Shortest Synchronizer Chain: 2 Registers
Fraction of Chains for which MTBFs Could Not be Calculated: 1.000
Worst Case Available Settling Time: 29.810 ns




+------------------------------------+
; Fast 1200mV 0C Model Setup Summary ;
+----------+--------+----------------+
; Clock    ; Slack  ; End Point TNS  ;
+----------+--------+----------------+
; CLOCK_50 ; 11.692 ; 0.000          ;
+----------+--------+----------------+


+-----------------------------------+
; Fast 1200mV 0C Model Hold Summary ;
+----------+-------+----------------+
; Clock    ; Slack ; End Point TNS  ;
+----------+-------+----------------+
; CLOCK_50 ; 0.181 ; 0.000          ;
+----------+-------+----------------+


-----------------------------------------
; Fast 1200mV 0C Model Recovery Summary ;
-----------------------------------------
No paths to report.


----------------------------------------
; Fast 1200mV 0C Model Removal Summary ;
----------------------------------------
No paths to report.


+--------------------------------------------------+
; Fast 1200mV 0C Model Minimum Pulse Width Summary ;
+----------+-------+-------------------------------+
; Clock    ; Slack ; End Point TNS                 ;
+----------+-------+-------------------------------+
; CLOCK_50 ; 9.436 ; 0.000                         ;
+----------+-------+-------------------------------+


+--------------------------------------------------------------------------------------------------------------------------------------+
; Fast 1200mV 0C Model Setup: 'CLOCK_50'                                                                                               ;
+--------+------------------------+------------------------------+--------------+-------------+--------------+------------+------------+
; Slack  ; From Node              ; To Node                      ; Launch Clock ; Latch Clock ; Relationship ; Clock Skew ; Data Delay ;
+--------+------------------------+------------------------------+--------------+-------------+--------------+------------+------------+
; 11.692 ; key_buf[96]            ; xtea_core:core|v1[31]        ; CLOCK_50     ; CLOCK_50    ; 20.000       ; -0.035     ; 8.280      ;
; 11.727 ; key_buf[96]            ; xtea_core:core|v1[29]        ; CLOCK_50     ; CLOCK_50    ; 20.000       ; -0.044     ; 8.236      ;
; 11.731 ; xtea_core:core|sum[12] ; xtea_core:core|v0[31]        ; CLOCK_50     ; CLOCK_50    ; 20.000       ; -0.029     ; 8.247      ;
; 11.744 ; key_buf[96]            ; xtea_core:core|v1[30]        ; CLOCK_50     ; CLOCK_50    ; 20.000       ; -0.044     ; 8.219      ;
; 11.744 ; key_buf[96]            ; xtea_core:core|block_out[30] ; CLOCK_50     ; CLOCK_50    ; 20.000       ; -0.044     ; 8.219      ;
; 11.774 ; xtea_core:core|sum[12] ; xtea_core:core|v0[28]        ; CLOCK_50     ; CLOCK_50    ; 20.000       ; -0.035     ; 8.198      ;
; 11.782 ; xtea_core:core|sum[12] ; xtea_core:core|v0[25]        ; CLOCK_50     ; CLOCK_50    ; 20.000       ; -0.036     ; 8.189      ;
; 11.783 ; xtea_core:core|sum[12] ; xtea_core:core|v0[27]        ; CLOCK_50     ; CLOCK_50    ; 20.000       ; -0.035     ; 8.189      ;
; 11.789 ; xtea_core:core|sum[12] ; xtea_core:core|block_out[57] ; CLOCK_50     ; CLOCK_50    ; 20.000       ; -0.035     ; 8.183      ;
; 11.799 ; xtea_core:core|sum[12] ; xtea_core:core|v0[19]        ; CLOCK_50     ; CLOCK_50    ; 20.000       ; -0.035     ; 8.173      ;
; 11.800 ; xtea_core:core|sum[1]  ; xtea_core:core|v1[31]        ; CLOCK_50     ; CLOCK_50    ; 20.000       ; -0.047     ; 8.160      ;
; 11.818 ; xtea_core:core|sum[12] ; xtea_core:core|v0[26]        ; CLOCK_50     ; CLOCK_50    ; 20.000       ; -0.029     ; 8.160      ;
; 11.819 ; xtea_core:core|sum[12] ; xtea_core:core|block_out[58] ; CLOCK_50     ; CLOCK_50    ; 20.000       ; -0.029     ; 8.159      ;
; 11.832 ; key_buf[96]            ; xtea_core:core|v1[28]        ; CLOCK_50     ; CLOCK_50    ; 20.000       ; -0.044     ; 8.131      ;
; 11.834 ; key_buf[96]            ; xtea_core:core|v1[24]        ; CLOCK_50     ; CLOCK_50    ; 20.000       ; -0.035     ; 8.138      ;
; 11.835 ; xtea_core:core|sum[1]  ; xtea_core:core|v1[29]        ; CLOCK_50     ; CLOCK_50    ; 20.000       ; -0.056     ; 8.116      ;
; 11.839 ; key_buf[96]            ; xtea_core:core|v1[20]        ; CLOCK_50     ; CLOCK_50    ; 20.000       ; -0.044     ; 8.124      ;
; 11.839 ; key_buf[32]            ; xtea_core:core|v1[31]        ; CLOCK_50     ; CLOCK_50    ; 20.000       ; -0.035     ; 8.133      ;
; 11.849 ; xtea_core:core|sum[12] ; xtea_core:core|block_out[61] ; CLOCK_50     ; CLOCK_50    ; 20.000       ; -0.029     ; 8.129      ;
; 11.850 ; xtea_core:core|sum[12] ; xtea_core:core|v0[29]        ; CLOCK_50     ; CLOCK_50    ; 20.000       ; -0.029     ; 8.128      ;
; 11.852 ; xtea_core:core|sum[1]  ; xtea_core:core|v1[30]        ; CLOCK_50     ; CLOCK_50    ; 20.000       ; -0.056     ; 8.099      ;
; 11.852 ; xtea_core:core|sum[1]  ; xtea_core:core|block_out[30] ; CLOCK_50     ; CLOCK_50    ; 20.000       ; -0.056     ; 8.099      ;
; 11.853 ; xtea_core:core|sum[11] ; xtea_core:core|v0[31]        ; CLOCK_50     ; CLOCK_50    ; 20.000       ; -0.031     ; 8.123      ;
; 11.856 ; key_buf[96]            ; xtea_core:core|v1[27]        ; CLOCK_50     ; CLOCK_50    ; 20.000       ; -0.045     ; 8.106      ;
; 11.858 ; xtea_core:core|sum[12] ; xtea_core:core|block_out[59] ; CLOCK_50     ; CLOCK_50    ; 20.000       ; -0.029     ; 8.120      ;
; 11.865 ; key_buf[96]            ; xtea_core:core|block_out[31] ; CLOCK_50     ; CLOCK_50    ; 20.000       ; -0.036     ; 8.106      ;
; 11.869 ; xtea_core:core|sum[12] ; xtea_core:core|block_out[63] ; CLOCK_50     ; CLOCK_50    ; 20.000       ; -0.029     ; 8.109      ;
; 11.874 ; key_buf[32]            ; xtea_core:core|v1[29]        ; CLOCK_50     ; CLOCK_50    ; 20.000       ; -0.044     ; 8.089      ;
; 11.875 ; key_buf[96]            ; xtea_core:core|block_out[25] ; CLOCK_50     ; CLOCK_50    ; 20.000       ; -0.044     ; 8.088      ;
; 11.877 ; key_buf[96]            ; xtea_core:core|v1[25]        ; CLOCK_50     ; CLOCK_50    ; 20.000       ; -0.044     ; 8.086      ;
; 11.891 ; key_buf[32]            ; xtea_core:core|v1[30]        ; CLOCK_50     ; CLOCK_50    ; 20.000       ; -0.044     ; 8.072      ;
; 11.891 ; key_buf[32]            ; xtea_core:core|block_out[30] ; CLOCK_50     ; CLOCK_50    ; 20.000       ; -0.044     ; 8.072      ;
; 11.896 ; xtea_core:core|sum[11] ; xtea_core:core|v0[28]        ; CLOCK_50     ; CLOCK_50    ; 20.000       ; -0.037     ; 8.074      ;
; 11.898 ; xtea_core:core|sum[12] ; xtea_core:core|v0[23]        ; CLOCK_50     ; CLOCK_50    ; 20.000       ; -0.035     ; 8.074      ;
; 11.899 ; key_buf[99]            ; xtea_core:core|v1[31]        ; CLOCK_50     ; CLOCK_50    ; 20.000       ; -0.042     ; 8.066      ;
; 11.904 ; xtea_core:core|sum[11] ; xtea_core:core|v0[25]        ; CLOCK_50     ; CLOCK_50    ; 20.000       ; -0.038     ; 8.065      ;
; 11.905 ; xtea_core:core|sum[11] ; xtea_core:core|v0[27]        ; CLOCK_50     ; CLOCK_50    ; 20.000       ; -0.037     ; 8.065      ;
; 11.911 ; xtea_core:core|sum[11] ; xtea_core:core|block_out[57] ; CLOCK_50     ; CLOCK_50    ; 20.000       ; -0.037     ; 8.059      ;
; 11.917 ; xtea_core:core|sum[0]  ; xtea_core:core|v1[31]        ; CLOCK_50     ; CLOCK_50    ; 20.000       ; -0.046     ; 8.044      ;
; 11.919 ; xtea_core:core|sum[12] ; xtea_core:core|v0[30]        ; CLOCK_50     ; CLOCK_50    ; 20.000       ; -0.029     ; 8.059      ;
; 11.920 ; key_buf[96]            ; xtea_core:core|v1[21]        ; CLOCK_50     ; CLOCK_50    ; 20.000       ; -0.044     ; 8.043      ;
; 11.921 ; xtea_core:core|sum[11] ; xtea_core:core|v0[19]        ; CLOCK_50     ; CLOCK_50    ; 20.000       ; -0.037     ; 8.049      ;
; 11.922 ; xtea_core:core|sum[12] ; xtea_core:core|block_out[62] ; CLOCK_50     ; CLOCK_50    ; 20.000       ; -0.029     ; 8.056      ;
; 11.925 ; key_buf[96]            ; xtea_core:core|v1[19]        ; CLOCK_50     ; CLOCK_50    ; 20.000       ; -0.044     ; 8.038      ;
; 11.932 ; xtea_core:core|sum[12] ; xtea_core:core|v0[24]        ; CLOCK_50     ; CLOCK_50    ; 20.000       ; -0.030     ; 8.045      ;
; 11.934 ; key_buf[99]            ; xtea_core:core|v1[29]        ; CLOCK_50     ; CLOCK_50    ; 20.000       ; -0.051     ; 8.022      ;
; 11.939 ; key_buf[96]            ; xtea_core:core|block_out[29] ; CLOCK_50     ; CLOCK_50    ; 20.000       ; -0.035     ; 8.033      ;
; 11.940 ; xtea_core:core|sum[11] ; xtea_core:core|v0[26]        ; CLOCK_50     ; CLOCK_50    ; 20.000       ; -0.031     ; 8.036      ;
; 11.940 ; xtea_core:core|sum[1]  ; xtea_core:core|v1[28]        ; CLOCK_50     ; CLOCK_50    ; 20.000       ; -0.056     ; 8.011      ;
; 11.941 ; xtea_core:core|sum[11] ; xtea_core:core|block_out[58] ; CLOCK_50     ; CLOCK_50    ; 20.000       ; -0.031     ; 8.035      ;
; 11.942 ; xtea_core:core|sum[1]  ; xtea_core:core|v1[24]        ; CLOCK_50     ; CLOCK_50    ; 20.000       ; -0.047     ; 8.018      ;
; 11.947 ; xtea_core:core|sum[1]  ; xtea_core:core|v1[20]        ; CLOCK_50     ; CLOCK_50    ; 20.000       ; -0.056     ; 8.004      ;
; 11.951 ; key_buf[99]            ; xtea_core:core|v1[30]        ; CLOCK_50     ; CLOCK_50    ; 20.000       ; -0.051     ; 8.005      ;
; 11.951 ; key_buf[99]            ; xtea_core:core|block_out[30] ; CLOCK_50     ; CLOCK_50    ; 20.000       ; -0.051     ; 8.005      ;
; 11.952 ; xtea_core:core|sum[0]  ; xtea_core:core|v1[29]        ; CLOCK_50     ; CLOCK_50    ; 20.000       ; -0.055     ; 8.000      ;
; 11.954 ; key_buf[96]            ; xtea_core:core|v1[22]        ; CLOCK_50     ; CLOCK_50    ; 20.000       ; -0.035     ; 8.018      ;
; 11.957 ; xtea_core:core|sum[12] ; xtea_core:core|v0[21]        ; CLOCK_50     ; CLOCK_50    ; 20.000       ; -0.029     ; 8.021      ;
; 11.961 ; key_buf[65]            ; xtea_core:core|v1[31]        ; CLOCK_50     ; CLOCK_50    ; 20.000       ; -0.045     ; 8.001      ;
; 11.964 ; xtea_core:core|sum[1]  ; xtea_core:core|v1[27]        ; CLOCK_50     ; CLOCK_50    ; 20.000       ; -0.057     ; 7.986      ;
; 11.969 ; xtea_core:core|sum[0]  ; xtea_core:core|v1[30]        ; CLOCK_50     ; CLOCK_50    ; 20.000       ; -0.055     ; 7.983      ;
; 11.969 ; xtea_core:core|sum[0]  ; xtea_core:core|block_out[30] ; CLOCK_50     ; CLOCK_50    ; 20.000       ; -0.055     ; 7.983      ;
; 11.971 ; xtea_core:core|sum[11] ; xtea_core:core|block_out[61] ; CLOCK_50     ; CLOCK_50    ; 20.000       ; -0.031     ; 8.005      ;
; 11.972 ; xtea_core:core|sum[11] ; xtea_core:core|v0[29]        ; CLOCK_50     ; CLOCK_50    ; 20.000       ; -0.031     ; 8.004      ;
; 11.973 ; xtea_core:core|sum[1]  ; xtea_core:core|block_out[31] ; CLOCK_50     ; CLOCK_50    ; 20.000       ; -0.048     ; 7.986      ;
; 11.979 ; key_buf[32]            ; xtea_core:core|v1[28]        ; CLOCK_50     ; CLOCK_50    ; 20.000       ; -0.044     ; 7.984      ;
; 11.980 ; xtea_core:core|sum[11] ; xtea_core:core|block_out[59] ; CLOCK_50     ; CLOCK_50    ; 20.000       ; -0.031     ; 7.996      ;
; 11.981 ; key_buf[32]            ; xtea_core:core|v1[24]        ; CLOCK_50     ; CLOCK_50    ; 20.000       ; -0.035     ; 7.991      ;
; 11.983 ; xtea_core:core|sum[1]  ; xtea_core:core|block_out[25] ; CLOCK_50     ; CLOCK_50    ; 20.000       ; -0.056     ; 7.968      ;
; 11.985 ; xtea_core:core|sum[1]  ; xtea_core:core|v1[25]        ; CLOCK_50     ; CLOCK_50    ; 20.000       ; -0.056     ; 7.966      ;
; 11.986 ; key_buf[32]            ; xtea_core:core|v1[20]        ; CLOCK_50     ; CLOCK_50    ; 20.000       ; -0.044     ; 7.977      ;
; 11.987 ; xtea_core:core|sum[12] ; xtea_core:core|block_out[60] ; CLOCK_50     ; CLOCK_50    ; 20.000       ; -0.029     ; 7.991      ;
; 11.991 ; key_buf[96]            ; xtea_core:core|v1[16]        ; CLOCK_50     ; CLOCK_50    ; 20.000       ; -0.044     ; 7.972      ;
; 11.991 ; xtea_core:core|sum[11] ; xtea_core:core|block_out[63] ; CLOCK_50     ; CLOCK_50    ; 20.000       ; -0.031     ; 7.985      ;
; 11.995 ; key_buf[96]            ; xtea_core:core|v1[18]        ; CLOCK_50     ; CLOCK_50    ; 20.000       ; -0.044     ; 7.968      ;
; 11.996 ; key_buf[65]            ; xtea_core:core|v1[29]        ; CLOCK_50     ; CLOCK_50    ; 20.000       ; -0.054     ; 7.957      ;
; 12.003 ; key_buf[32]            ; xtea_core:core|v1[27]        ; CLOCK_50     ; CLOCK_50    ; 20.000       ; -0.045     ; 7.959      ;
; 12.009 ; key_buf[96]            ; xtea_core:core|block_out[28] ; CLOCK_50     ; CLOCK_50    ; 20.000       ; -0.036     ; 7.962      ;
; 12.009 ; key_buf[0]             ; xtea_core:core|v1[31]        ; CLOCK_50     ; CLOCK_50    ; 20.000       ; -0.035     ; 7.963      ;
; 12.012 ; key_buf[32]            ; xtea_core:core|block_out[31] ; CLOCK_50     ; CLOCK_50    ; 20.000       ; -0.036     ; 7.959      ;
; 12.013 ; key_buf[65]            ; xtea_core:core|v1[30]        ; CLOCK_50     ; CLOCK_50    ; 20.000       ; -0.054     ; 7.940      ;
; 12.013 ; key_buf[65]            ; xtea_core:core|block_out[30] ; CLOCK_50     ; CLOCK_50    ; 20.000       ; -0.054     ; 7.940      ;
; 12.019 ; key_buf[96]            ; xtea_core:core|v1[26]        ; CLOCK_50     ; CLOCK_50    ; 20.000       ; -0.036     ; 7.952      ;
; 12.020 ; xtea_core:core|sum[12] ; xtea_core:core|v0[18]        ; CLOCK_50     ; CLOCK_50    ; 20.000       ; -0.035     ; 7.952      ;
; 12.020 ; key_buf[96]            ; xtea_core:core|block_out[26] ; CLOCK_50     ; CLOCK_50    ; 20.000       ; -0.036     ; 7.951      ;
; 12.020 ; xtea_core:core|sum[11] ; xtea_core:core|v0[23]        ; CLOCK_50     ; CLOCK_50    ; 20.000       ; -0.037     ; 7.950      ;
; 12.022 ; key_buf[32]            ; xtea_core:core|block_out[25] ; CLOCK_50     ; CLOCK_50    ; 20.000       ; -0.044     ; 7.941      ;
; 12.024 ; key_buf[32]            ; xtea_core:core|v1[25]        ; CLOCK_50     ; CLOCK_50    ; 20.000       ; -0.044     ; 7.939      ;
; 12.026 ; key_buf[96]            ; xtea_core:core|v1[23]        ; CLOCK_50     ; CLOCK_50    ; 20.000       ; -0.044     ; 7.937      ;
; 12.026 ; key_buf[100]           ; xtea_core:core|v0[31]        ; CLOCK_50     ; CLOCK_50    ; 20.000       ; -0.038     ; 7.943      ;
; 12.028 ; xtea_core:core|sum[1]  ; xtea_core:core|v1[21]        ; CLOCK_50     ; CLOCK_50    ; 20.000       ; -0.056     ; 7.923      ;
; 12.033 ; xtea_core:core|sum[1]  ; xtea_core:core|v1[19]        ; CLOCK_50     ; CLOCK_50    ; 20.000       ; -0.056     ; 7.918      ;
; 12.039 ; key_buf[99]            ; xtea_core:core|v1[28]        ; CLOCK_50     ; CLOCK_50    ; 20.000       ; -0.051     ; 7.917      ;
; 12.041 ; key_buf[99]            ; xtea_core:core|v1[24]        ; CLOCK_50     ; CLOCK_50    ; 20.000       ; -0.042     ; 7.924      ;
; 12.041 ; xtea_core:core|sum[11] ; xtea_core:core|v0[30]        ; CLOCK_50     ; CLOCK_50    ; 20.000       ; -0.031     ; 7.935      ;
; 12.043 ; xtea_core:core|sum[12] ; xtea_core:core|v0[17]        ; CLOCK_50     ; CLOCK_50    ; 20.000       ; -0.029     ; 7.935      ;
; 12.044 ; key_buf[0]             ; xtea_core:core|v1[29]        ; CLOCK_50     ; CLOCK_50    ; 20.000       ; -0.044     ; 7.919      ;
; 12.044 ; xtea_core:core|sum[11] ; xtea_core:core|block_out[62] ; CLOCK_50     ; CLOCK_50    ; 20.000       ; -0.031     ; 7.932      ;
; 12.045 ; key_buf[96]            ; xtea_core:core|block_out[22] ; CLOCK_50     ; CLOCK_50    ; 20.000       ; -0.036     ; 7.926      ;
; 12.046 ; key_buf[99]            ; xtea_core:core|v1[20]        ; CLOCK_50     ; CLOCK_50    ; 20.000       ; -0.051     ; 7.910      ;
; 12.047 ; xtea_core:core|sum[1]  ; xtea_core:core|block_out[29] ; CLOCK_50     ; CLOCK_50    ; 20.000       ; -0.047     ; 7.913      ;
+--------+------------------------+------------------------------+--------------+-------------+--------------+------------+------------+


+---------------------------------------------------------------------------------------------------------------------------------------------+
; Fast 1200mV 0C Model Hold: 'CLOCK_50'                                                                                                       ;
+-------+-------------------------------+-------------------------------+--------------+-------------+--------------+------------+------------+
; Slack ; From Node                     ; To Node                       ; Launch Clock ; Latch Clock ; Relationship ; Clock Skew ; Data Delay ;
+-------+-------------------------------+-------------------------------+--------------+-------------+--------------+------------+------------+
; 0.181 ; xtea_core:core|state.S_IDLE   ; xtea_core:core|state.S_IDLE   ; CLOCK_50     ; CLOCK_50    ; 0.000        ; 0.042      ; 0.307      ;
; 0.181 ; blk_ascii_count[0]            ; blk_ascii_count[0]            ; CLOCK_50     ; CLOCK_50    ; 0.000        ; 0.042      ; 0.307      ;
; 0.181 ; ps2_keyboard:kbd|ext_next     ; ps2_keyboard:kbd|ext_next     ; CLOCK_50     ; CLOCK_50    ; 0.000        ; 0.042      ; 0.307      ;
; 0.181 ; ps2_keyboard:kbd|break_next   ; ps2_keyboard:kbd|break_next   ; CLOCK_50     ; CLOCK_50    ; 0.000        ; 0.042      ; 0.307      ;
; 0.181 ; ps2_keyboard:kbd|buffer[9]    ; ps2_keyboard:kbd|buffer[9]    ; CLOCK_50     ; CLOCK_50    ; 0.000        ; 0.042      ; 0.307      ;
; 0.181 ; ps2_keyboard:kbd|buffer[0]    ; ps2_keyboard:kbd|buffer[0]    ; CLOCK_50     ; CLOCK_50    ; 0.000        ; 0.042      ; 0.307      ;
; 0.181 ; ps2_keyboard:kbd|count[1]     ; ps2_keyboard:kbd|count[1]     ; CLOCK_50     ; CLOCK_50    ; 0.000        ; 0.042      ; 0.307      ;
; 0.181 ; por_cnt[19]                   ; por_cnt[19]                   ; CLOCK_50     ; CLOCK_50    ; 0.000        ; 0.042      ; 0.307      ;
; 0.182 ; xtea_core:core|state.S_RUN    ; xtea_core:core|state.S_RUN    ; CLOCK_50     ; CLOCK_50    ; 0.000        ; 0.041      ; 0.307      ;
; 0.182 ; lcd_text:lcd|LCD_RS           ; lcd_text:lcd|LCD_RS           ; CLOCK_50     ; CLOCK_50    ; 0.000        ; 0.041      ; 0.307      ;
; 0.182 ; enc                           ; enc                           ; CLOCK_50     ; CLOCK_50    ; 0.000        ; 0.041      ; 0.307      ;
; 0.182 ; ps2_keyboard:kbd|buffer[4]    ; ps2_keyboard:kbd|buffer[4]    ; CLOCK_50     ; CLOCK_50    ; 0.000        ; 0.041      ; 0.307      ;
; 0.182 ; ps2_keyboard:kbd|buffer[1]    ; ps2_keyboard:kbd|buffer[1]    ; CLOCK_50     ; CLOCK_50    ; 0.000        ; 0.041      ; 0.307      ;
; 0.182 ; ps2_keyboard:kbd|buffer[3]    ; ps2_keyboard:kbd|buffer[3]    ; CLOCK_50     ; CLOCK_50    ; 0.000        ; 0.041      ; 0.307      ;
; 0.182 ; ps2_keyboard:kbd|buffer[2]    ; ps2_keyboard:kbd|buffer[2]    ; CLOCK_50     ; CLOCK_50    ; 0.000        ; 0.041      ; 0.307      ;
; 0.182 ; ps2_keyboard:kbd|buffer[5]    ; ps2_keyboard:kbd|buffer[5]    ; CLOCK_50     ; CLOCK_50    ; 0.000        ; 0.041      ; 0.307      ;
; 0.182 ; ps2_keyboard:kbd|buffer[8]    ; ps2_keyboard:kbd|buffer[8]    ; CLOCK_50     ; CLOCK_50    ; 0.000        ; 0.041      ; 0.307      ;
; 0.182 ; ps2_keyboard:kbd|buffer[6]    ; ps2_keyboard:kbd|buffer[6]    ; CLOCK_50     ; CLOCK_50    ; 0.000        ; 0.041      ; 0.307      ;
; 0.182 ; ps2_keyboard:kbd|buffer[7]    ; ps2_keyboard:kbd|buffer[7]    ; CLOCK_50     ; CLOCK_50    ; 0.000        ; 0.041      ; 0.307      ;
; 0.182 ; lcd_text:lcd|char_cnt[0]      ; lcd_text:lcd|char_cnt[0]      ; CLOCK_50     ; CLOCK_50    ; 0.000        ; 0.041      ; 0.307      ;
; 0.182 ; lcd_text:lcd|char_cnt[1]      ; lcd_text:lcd|char_cnt[1]      ; CLOCK_50     ; CLOCK_50    ; 0.000        ; 0.041      ; 0.307      ;
; 0.182 ; lcd_text:lcd|char_cnt[2]      ; lcd_text:lcd|char_cnt[2]      ; CLOCK_50     ; CLOCK_50    ; 0.000        ; 0.041      ; 0.307      ;
; 0.182 ; lcd_text:lcd|char_cnt[3]      ; lcd_text:lcd|char_cnt[3]      ; CLOCK_50     ; CLOCK_50    ; 0.000        ; 0.041      ; 0.307      ;
; 0.182 ; lcd_text:lcd|state.S_WRL1     ; lcd_text:lcd|state.S_WRL1     ; CLOCK_50     ; CLOCK_50    ; 0.000        ; 0.041      ; 0.307      ;
; 0.182 ; lcd_text:lcd|state.S_WRL2     ; lcd_text:lcd|state.S_WRL2     ; CLOCK_50     ; CLOCK_50    ; 0.000        ; 0.041      ; 0.307      ;
; 0.182 ; lcd_text:lcd|phase.PH_SETUP   ; lcd_text:lcd|phase.PH_SETUP   ; CLOCK_50     ; CLOCK_50    ; 0.000        ; 0.041      ; 0.307      ;
; 0.182 ; lcd_text:lcd|phase.PH_EPULSE  ; lcd_text:lcd|phase.PH_EPULSE  ; CLOCK_50     ; CLOCK_50    ; 0.000        ; 0.041      ; 0.307      ;
; 0.182 ; lcd_text:lcd|phase.PH_ELOW    ; lcd_text:lcd|phase.PH_ELOW    ; CLOCK_50     ; CLOCK_50    ; 0.000        ; 0.041      ; 0.307      ;
; 0.182 ; lcd_text:lcd|state.S_PWRON    ; lcd_text:lcd|state.S_PWRON    ; CLOCK_50     ; CLOCK_50    ; 0.000        ; 0.041      ; 0.307      ;
; 0.183 ; blk_ascii_count[3]            ; blk_ascii_count[3]            ; CLOCK_50     ; CLOCK_50    ; 0.000        ; 0.040      ; 0.307      ;
; 0.183 ; sw_mode                       ; sw_mode                       ; CLOCK_50     ; CLOCK_50    ; 0.000        ; 0.040      ; 0.307      ;
; 0.188 ; xtea_core:core|block_out[32]  ; block[32]                     ; CLOCK_50     ; CLOCK_50    ; 0.000        ; 0.042      ; 0.314      ;
; 0.188 ; ps2_keyboard:kbd|count[0]     ; ps2_keyboard:kbd|count[0]     ; CLOCK_50     ; CLOCK_50    ; 0.000        ; 0.042      ; 0.314      ;
; 0.189 ; key_r0[0]                     ; key_r1[0]                     ; CLOCK_50     ; CLOCK_50    ; 0.000        ; 0.041      ; 0.314      ;
; 0.189 ; por_cnt[0]                    ; por_cnt[0]                    ; CLOCK_50     ; CLOCK_50    ; 0.000        ; 0.041      ; 0.314      ;
; 0.190 ; key_r0[2]                     ; key_r1[2]                     ; CLOCK_50     ; CLOCK_50    ; 0.000        ; 0.040      ; 0.314      ;
; 0.190 ; key_r0[3]                     ; key_r1[3]                     ; CLOCK_50     ; CLOCK_50    ; 0.000        ; 0.040      ; 0.314      ;
; 0.191 ; key_r0[1]                     ; key_r1[1]                     ; CLOCK_50     ; CLOCK_50    ; 0.000        ; 0.041      ; 0.316      ;
; 0.193 ; ps2_keyboard:kbd|ps2c_sync[1] ; ps2_keyboard:kbd|ps2c_sync[2] ; CLOCK_50     ; CLOCK_50    ; 0.000        ; 0.041      ; 0.318      ;
; 0.194 ; key_r1[3]                     ; key_r2[3]                     ; CLOCK_50     ; CLOCK_50    ; 0.000        ; 0.040      ; 0.318      ;
; 0.194 ; ps2_keyboard:kbd|ps2c_sync[0] ; ps2_keyboard:kbd|ps2c_sync[1] ; CLOCK_50     ; CLOCK_50    ; 0.000        ; 0.041      ; 0.319      ;
; 0.194 ; lcd_text:lcd|phase.PH_EPULSE  ; lcd_text:lcd|LCD_EN           ; CLOCK_50     ; CLOCK_50    ; 0.000        ; 0.041      ; 0.319      ;
; 0.194 ; key_r1[3]                     ; sw_mode                       ; CLOCK_50     ; CLOCK_50    ; 0.000        ; 0.040      ; 0.318      ;
; 0.198 ; xtea_core:core|round[4]       ; xtea_core:core|state.S_DONE   ; CLOCK_50     ; CLOCK_50    ; 0.000        ; 0.042      ; 0.324      ;
; 0.199 ; blk_ascii_count[0]            ; l1[64]                        ; CLOCK_50     ; CLOCK_50    ; 0.000        ; 0.042      ; 0.325      ;
; 0.200 ; key_r1[1]                     ; key_r2[1]                     ; CLOCK_50     ; CLOCK_50    ; 0.000        ; 0.041      ; 0.325      ;
; 0.201 ; block[59]                     ; block[63]                     ; CLOCK_50     ; CLOCK_50    ; 0.000        ; 0.042      ; 0.327      ;
; 0.201 ; block[57]                     ; block[61]                     ; CLOCK_50     ; CLOCK_50    ; 0.000        ; 0.042      ; 0.327      ;
; 0.203 ; key_buf[91]                   ; key_buf[95]                   ; CLOCK_50     ; CLOCK_50    ; 0.000        ; 0.041      ; 0.328      ;
; 0.203 ; key_buf[33]                   ; key_buf[37]                   ; CLOCK_50     ; CLOCK_50    ; 0.000        ; 0.041      ; 0.328      ;
; 0.204 ; key_buf[109]                  ; key_buf[113]                  ; CLOCK_50     ; CLOCK_50    ; 0.000        ; 0.041      ; 0.329      ;
; 0.204 ; key_buf[18]                   ; key_buf[22]                   ; CLOCK_50     ; CLOCK_50    ; 0.000        ; 0.042      ; 0.330      ;
; 0.204 ; key_buf[97]                   ; key_buf[101]                  ; CLOCK_50     ; CLOCK_50    ; 0.000        ; 0.042      ; 0.330      ;
; 0.204 ; key_buf[65]                   ; key_buf[69]                   ; CLOCK_50     ; CLOCK_50    ; 0.000        ; 0.041      ; 0.329      ;
; 0.204 ; key_buf[48]                   ; key_buf[52]                   ; CLOCK_50     ; CLOCK_50    ; 0.000        ; 0.042      ; 0.330      ;
; 0.205 ; key_buf[42]                   ; key_buf[46]                   ; CLOCK_50     ; CLOCK_50    ; 0.000        ; 0.041      ; 0.330      ;
; 0.205 ; lcd_text:lcd|state.S_ADDR2    ; lcd_text:lcd|LCD_DATA[6]      ; CLOCK_50     ; CLOCK_50    ; 0.000        ; 0.041      ; 0.330      ;
; 0.206 ; key_buf[103]                  ; key_buf[107]                  ; CLOCK_50     ; CLOCK_50    ; 0.000        ; 0.042      ; 0.332      ;
; 0.206 ; key_buf[69]                   ; key_buf[73]                   ; CLOCK_50     ; CLOCK_50    ; 0.000        ; 0.041      ; 0.331      ;
; 0.207 ; key_buf[37]                   ; key_buf[41]                   ; CLOCK_50     ; CLOCK_50    ; 0.000        ; 0.041      ; 0.332      ;
; 0.208 ; key_buf[106]                  ; key_buf[110]                  ; CLOCK_50     ; CLOCK_50    ; 0.000        ; 0.041      ; 0.333      ;
; 0.208 ; key_buf[88]                   ; key_buf[92]                   ; CLOCK_50     ; CLOCK_50    ; 0.000        ; 0.041      ; 0.333      ;
; 0.208 ; lcd_text:lcd|state.S_CLR      ; lcd_text:lcd|state.S_ENTRY    ; CLOCK_50     ; CLOCK_50    ; 0.000        ; 0.041      ; 0.333      ;
; 0.209 ; key_buf[66]                   ; key_buf[70]                   ; CLOCK_50     ; CLOCK_50    ; 0.000        ; 0.042      ; 0.335      ;
; 0.210 ; key_buf[7]                    ; key_buf[11]                   ; CLOCK_50     ; CLOCK_50    ; 0.000        ; 0.042      ; 0.336      ;
; 0.210 ; key_buf[49]                   ; key_buf[53]                   ; CLOCK_50     ; CLOCK_50    ; 0.000        ; 0.042      ; 0.336      ;
; 0.212 ; key_buf[111]                  ; key_buf[115]                  ; CLOCK_50     ; CLOCK_50    ; 0.000        ; 0.042      ; 0.338      ;
; 0.212 ; key_buf[4]                    ; key_buf[8]                    ; CLOCK_50     ; CLOCK_50    ; 0.000        ; 0.042      ; 0.338      ;
; 0.213 ; key_buf[104]                  ; key_buf[108]                  ; CLOCK_50     ; CLOCK_50    ; 0.000        ; 0.041      ; 0.338      ;
; 0.213 ; lcd_text:lcd|state.S_FUNC     ; lcd_text:lcd|state.S_DISP     ; CLOCK_50     ; CLOCK_50    ; 0.000        ; 0.041      ; 0.338      ;
; 0.214 ; key_buf[51]                   ; key_buf[55]                   ; CLOCK_50     ; CLOCK_50    ; 0.000        ; 0.042      ; 0.340      ;
; 0.214 ; key_buf[39]                   ; key_buf[43]                   ; CLOCK_50     ; CLOCK_50    ; 0.000        ; 0.042      ; 0.340      ;
; 0.214 ; key_buf[36]                   ; key_buf[40]                   ; CLOCK_50     ; CLOCK_50    ; 0.000        ; 0.042      ; 0.340      ;
; 0.215 ; key_buf[112]                  ; key_buf[116]                  ; CLOCK_50     ; CLOCK_50    ; 0.000        ; 0.042      ; 0.341      ;
; 0.215 ; key_buf[79]                   ; key_buf[83]                   ; CLOCK_50     ; CLOCK_50    ; 0.000        ; 0.042      ; 0.341      ;
; 0.215 ; key_buf[71]                   ; key_buf[75]                   ; CLOCK_50     ; CLOCK_50    ; 0.000        ; 0.042      ; 0.341      ;
; 0.215 ; key_buf[59]                   ; key_buf[63]                   ; CLOCK_50     ; CLOCK_50    ; 0.000        ; 0.042      ; 0.341      ;
; 0.219 ; block[33]                     ; block[37]                     ; CLOCK_50     ; CLOCK_50    ; 0.000        ; 0.042      ; 0.345      ;
; 0.247 ; sel_key                       ; l1[121]                       ; CLOCK_50     ; CLOCK_50    ; 0.000        ; 0.041      ; 0.372      ;
; 0.248 ; sel_key                       ; l1[73]                        ; CLOCK_50     ; CLOCK_50    ; 0.000        ; 0.041      ; 0.373      ;
; 0.251 ; sel_key                       ; l1[51]                        ; CLOCK_50     ; CLOCK_50    ; 0.000        ; 0.041      ; 0.376      ;
; 0.251 ; sel_key                       ; l1[45]                        ; CLOCK_50     ; CLOCK_50    ; 0.000        ; 0.041      ; 0.376      ;
; 0.251 ; sel_key                       ; l1[58]                        ; CLOCK_50     ; CLOCK_50    ; 0.000        ; 0.041      ; 0.376      ;
; 0.253 ; sel_key                       ; l1[105]                       ; CLOCK_50     ; CLOCK_50    ; 0.000        ; 0.041      ; 0.378      ;
; 0.256 ; xtea_core:core|state.S_DONE   ; xtea_core:core|done           ; CLOCK_50     ; CLOCK_50    ; 0.000        ; 0.042      ; 0.382      ;
; 0.257 ; xtea_core:core|round[5]       ; xtea_core:core|state.S_DONE   ; CLOCK_50     ; CLOCK_50    ; 0.000        ; 0.042      ; 0.383      ;
; 0.264 ; xtea_core:core|sum[31]        ; xtea_core:core|sum[31]        ; CLOCK_50     ; CLOCK_50    ; 0.000        ; 0.042      ; 0.390      ;
; 0.264 ; key_buf[2]                    ; key_buf[6]                    ; CLOCK_50     ; CLOCK_50    ; 0.000        ; 0.042      ; 0.390      ;
; 0.268 ; key_buf[15]                   ; key_buf[19]                   ; CLOCK_50     ; CLOCK_50    ; 0.000        ; 0.042      ; 0.394      ;
; 0.269 ; lcd_text:lcd|state.S_DISP     ; lcd_text:lcd|state.S_CLR      ; CLOCK_50     ; CLOCK_50    ; 0.000        ; 0.041      ; 0.394      ;
; 0.270 ; lcd_text:lcd|state.S_DISP     ; lcd_text:lcd|LCD_DATA[2]      ; CLOCK_50     ; CLOCK_50    ; 0.000        ; 0.041      ; 0.395      ;
; 0.270 ; key_r1[2]                     ; key_r2[2]                     ; CLOCK_50     ; CLOCK_50    ; 0.000        ; 0.040      ; 0.394      ;
; 0.273 ; key_buf[121]                  ; key_buf[125]                  ; CLOCK_50     ; CLOCK_50    ; 0.000        ; 0.041      ; 0.398      ;
; 0.273 ; key_buf[74]                   ; key_buf[78]                   ; CLOCK_50     ; CLOCK_50    ; 0.000        ; 0.043      ; 0.400      ;
; 0.274 ; block[40]                     ; block[48]                     ; CLOCK_50     ; CLOCK_50    ; 0.000        ; 0.042      ; 0.400      ;
; 0.274 ; block[37]                     ; block[45]                     ; CLOCK_50     ; CLOCK_50    ; 0.000        ; 0.042      ; 0.400      ;
; 0.274 ; block[43]                     ; block[51]                     ; CLOCK_50     ; CLOCK_50    ; 0.000        ; 0.042      ; 0.400      ;
; 0.275 ; block[52]                     ; block[60]                     ; CLOCK_50     ; CLOCK_50    ; 0.000        ; 0.042      ; 0.401      ;
; 0.275 ; block[40]                     ; block[44]                     ; CLOCK_50     ; CLOCK_50    ; 0.000        ; 0.042      ; 0.401      ;
; 0.275 ; block[38]                     ; block[46]                     ; CLOCK_50     ; CLOCK_50    ; 0.000        ; 0.041      ; 0.400      ;
+-------+-------------------------------+-------------------------------+--------------+-------------+--------------+------------+------------+


----------------------------------------------
; Fast 1200mV 0C Model Metastability Summary ;
----------------------------------------------
The design MTBF is not calculated because there are no specified synchronizers in the design.
Number of Synchronizer Chains Found: 4
Shortest Synchronizer Chain: 2 Registers
Fraction of Chains for which MTBFs Could Not be Calculated: 1.000
Worst Case Available Settling Time: 34.425 ns




+-----------------------------------------------------------------------------+
; Multicorner Timing Analysis Summary                                         ;
+------------------+-------+-------+----------+---------+---------------------+
; Clock            ; Setup ; Hold  ; Recovery ; Removal ; Minimum Pulse Width ;
+------------------+-------+-------+----------+---------+---------------------+
; Worst-case Slack ; 3.447 ; 0.181 ; N/A      ; N/A     ; 9.436               ;
;  CLOCK_50        ; 3.447 ; 0.181 ; N/A      ; N/A     ; 9.436               ;
; Design-wide TNS  ; 0.0   ; 0.0   ; 0.0      ; 0.0     ; 0.0                 ;
;  CLOCK_50        ; 0.000 ; 0.000 ; N/A      ; N/A     ; 0.000               ;
+------------------+-------+-------+----------+---------+---------------------+


+------------------------------------------------------------------------------------------------------------------------------------------------------------------------------------------------------------------------------------------------------------------------------------------------------------------------------------------------------------------------------------------------------------------+
; Board Trace Model Assignments                                                                                                                                                                                                                                                                                                                                                                                    ;
+---------------+--------------+-------------------+-------------------------+-------------------------+---------------+---------------------+----------------+------------------+--------+------------------+------------------------+------------------------+--------------+---------------+-----------------+-------+---------------------+--------------------+---------------+-----------------+-------------+
; Pin           ; I/O Standard ; Near Tline Length ; Near Tline L per Length ; Near Tline C per Length ; Near Series R ; Near Differential R ; Near Pull-up R ; Near Pull-down R ; Near C ; Far Tline Length ; Far Tline L per Length ; Far Tline C per Length ; Far Series R ; Far Pull-up R ; Far Pull-down R ; Far C ; Termination Voltage ; Far Differential R ; EBD File Name ; EBD Signal Name ; EBD Far-end ;
+---------------+--------------+-------------------+-------------------------+-------------------------+---------------+---------------------+----------------+------------------+--------+------------------+------------------------+------------------------+--------------+---------------+-----------------+-------+---------------------+--------------------+---------------+-----------------+-------------+
; LCD_ON        ; 2.5 V        ; 0 in              ; 0 H/in                  ; 0 F/in                  ; short         ; -                   ; open           ; open             ; open   ; 0 in             ; 0 H/in                 ; 0 F/in                 ; short        ; open          ; open            ; open  ; 0 V                 ; -                  ; n/a           ; n/a             ; n/a         ;
; LCD_EN        ; 2.5 V        ; 0 in              ; 0 H/in                  ; 0 F/in                  ; short         ; -                   ; open           ; open             ; open   ; 0 in             ; 0 H/in                 ; 0 F/in                 ; short        ; open          ; open            ; open  ; 0 V                 ; -                  ; n/a           ; n/a             ; n/a         ;
; LCD_RS        ; 2.5 V        ; 0 in              ; 0 H/in                  ; 0 F/in                  ; short         ; -                   ; open           ; open             ; open   ; 0 in             ; 0 H/in                 ; 0 F/in                 ; short        ; open          ; open            ; open  ; 0 V                 ; -                  ; n/a           ; n/a             ; n/a         ;
; LCD_RW        ; 2.5 V        ; 0 in              ; 0 H/in                  ; 0 F/in                  ; short         ; -                   ; open           ; open             ; open   ; 0 in             ; 0 H/in                 ; 0 F/in                 ; short        ; open          ; open            ; open  ; 0 V                 ; -                  ; n/a           ; n/a             ; n/a         ;
; LCD_DATA[0]   ; 2.5 V        ; 0 in              ; 0 H/in                  ; 0 F/in                  ; short         ; -                   ; open           ; open             ; open   ; 0 in             ; 0 H/in                 ; 0 F/in                 ; short        ; open          ; open            ; open  ; 0 V                 ; -                  ; n/a           ; n/a             ; n/a         ;
; LCD_DATA[1]   ; 2.5 V        ; 0 in              ; 0 H/in                  ; 0 F/in                  ; short         ; -                   ; open           ; open             ; open   ; 0 in             ; 0 H/in                 ; 0 F/in                 ; short        ; open          ; open            ; open  ; 0 V                 ; -                  ; n/a           ; n/a             ; n/a         ;
; LCD_DATA[2]   ; 2.5 V        ; 0 in              ; 0 H/in                  ; 0 F/in                  ; short         ; -                   ; open           ; open             ; open   ; 0 in             ; 0 H/in                 ; 0 F/in                 ; short        ; open          ; open            ; open  ; 0 V                 ; -                  ; n/a           ; n/a             ; n/a         ;
; LCD_DATA[3]   ; 2.5 V        ; 0 in              ; 0 H/in                  ; 0 F/in                  ; short         ; -                   ; open           ; open             ; open   ; 0 in             ; 0 H/in                 ; 0 F/in                 ; short        ; open          ; open            ; open  ; 0 V                 ; -                  ; n/a           ; n/a             ; n/a         ;
; LCD_DATA[4]   ; 2.5 V        ; 0 in              ; 0 H/in                  ; 0 F/in                  ; short         ; -                   ; open           ; open             ; open   ; 0 in             ; 0 H/in                 ; 0 F/in                 ; short        ; open          ; open            ; open  ; 0 V                 ; -                  ; n/a           ; n/a             ; n/a         ;
; LCD_DATA[5]   ; 2.5 V        ; 0 in              ; 0 H/in                  ; 0 F/in                  ; short         ; -                   ; open           ; open             ; open   ; 0 in             ; 0 H/in                 ; 0 F/in                 ; short        ; open          ; open            ; open  ; 0 V                 ; -                  ; n/a           ; n/a             ; n/a         ;
; LCD_DATA[6]   ; 2.5 V        ; 0 in              ; 0 H/in                  ; 0 F/in                  ; short         ; -                   ; open           ; open             ; open   ; 0 in             ; 0 H/in                 ; 0 F/in                 ; short        ; open          ; open            ; open  ; 0 V                 ; -                  ; n/a           ; n/a             ; n/a         ;
; LCD_DATA[7]   ; 2.5 V        ; 0 in              ; 0 H/in                  ; 0 F/in                  ; short         ; -                   ; open           ; open             ; open   ; 0 in             ; 0 H/in                 ; 0 F/in                 ; short        ; open          ; open            ; open  ; 0 V                 ; -                  ; n/a           ; n/a             ; n/a         ;
; ~ALTERA_DCLK~ ; 2.5 V        ; 0 in              ; 0 H/in                  ; 0 F/in                  ; short         ; -                   ; open           ; open             ; open   ; 0 in             ; 0 H/in                 ; 0 F/in                 ; short        ; open          ; open            ; open  ; 0 V                 ; -                  ; n/a           ; n/a             ; n/a         ;
; ~ALTERA_nCEO~ ; 2.5 V        ; 0 in              ; 0 H/in                  ; 0 F/in                  ; short         ; -                   ; open           ; open             ; open   ; 0 in             ; 0 H/in                 ; 0 F/in                 ; short        ; open          ; open            ; open  ; 0 V                 ; -                  ; n/a           ; n/a             ; n/a         ;
+---------------+--------------+-------------------+-------------------------+-------------------------+---------------+---------------------+----------------+------------------+--------+------------------+------------------------+------------------------+--------------+---------------+-----------------+-------+---------------------+--------------------+---------------+-----------------+-------------+


+----------------------------------------------------------------------------+
; Input Transition Times                                                     ;
+-------------------------+--------------+-----------------+-----------------+
; Pin                     ; I/O Standard ; 10-90 Rise Time ; 90-10 Fall Time ;
+-------------------------+--------------+-----------------+-----------------+
; RESET_N                 ; 2.5 V        ; 2000 ps         ; 2000 ps         ;
; SW[5]                   ; 2.5 V        ; 2000 ps         ; 2000 ps         ;
; SW[6]                   ; 2.5 V        ; 2000 ps         ; 2000 ps         ;
; SW[7]                   ; 2.5 V        ; 2000 ps         ; 2000 ps         ;
; SW[8]                   ; 2.5 V        ; 2000 ps         ; 2000 ps         ;
; SW[9]                   ; 2.5 V        ; 2000 ps         ; 2000 ps         ;
; SW[10]                  ; 2.5 V        ; 2000 ps         ; 2000 ps         ;
; SW[11]                  ; 2.5 V        ; 2000 ps         ; 2000 ps         ;
; SW[12]                  ; 2.5 V        ; 2000 ps         ; 2000 ps         ;
; SW[13]                  ; 2.5 V        ; 2000 ps         ; 2000 ps         ;
; SW[14]                  ; 2.5 V        ; 2000 ps         ; 2000 ps         ;
; SW[15]                  ; 2.5 V        ; 2000 ps         ; 2000 ps         ;
; SW[16]                  ; 2.5 V        ; 2000 ps         ; 2000 ps         ;
; CLOCK_50                ; 2.5 V        ; 2000 ps         ; 2000 ps         ;
; SW[1]                   ; 2.5 V        ; 2000 ps         ; 2000 ps         ;
; SW[2]                   ; 2.5 V        ; 2000 ps         ; 2000 ps         ;
; SW[0]                   ; 2.5 V        ; 2000 ps         ; 2000 ps         ;
; SW[3]                   ; 2.5 V        ; 2000 ps         ; 2000 ps         ;
; SW[17]                  ; 2.5 V        ; 2000 ps         ; 2000 ps         ;
; PS2_KBDAT               ; 2.5 V        ; 2000 ps         ; 2000 ps         ;
; KEY[0]                  ; 2.5 V        ; 2000 ps         ; 2000 ps         ;
; KEY[1]                  ; 2.5 V        ; 2000 ps         ; 2000 ps         ;
; KEY[3]                  ; 2.5 V        ; 2000 ps         ; 2000 ps         ;
; SW[4]                   ; 2.5 V        ; 2000 ps         ; 2000 ps         ;
; PS2_KBCLK               ; 2.5 V        ; 2000 ps         ; 2000 ps         ;
; KEY[2]                  ; 2.5 V        ; 2000 ps         ; 2000 ps         ;
; ~ALTERA_ASDO_DATA1~     ; 2.5 V        ; 2000 ps         ; 2000 ps         ;
; ~ALTERA_FLASH_nCE_nCSO~ ; 2.5 V        ; 2000 ps         ; 2000 ps         ;
; ~ALTERA_DATA0~          ; 2.5 V        ; 2000 ps         ; 2000 ps         ;
+-------------------------+--------------+-----------------+-----------------+


+--------------------------------------------------------------------------------------------------------------------------------------------------------------------------------------------------------------------------------------------------------------------------------------------------------------------------------------------------------------------------------------------------------------------------------------------------------------------------------------------------------------------------------------------------------------------------------------------------------------------------------------------------------------------------------------------+
; Signal Integrity Metrics (Slow 1200mv 0c Model)                                                                                                                                                                                                                                                                                                                                                                                                                                                                                                                                                                                                                                            ;
+---------------+--------------+---------------------+---------------------+------------------------------+------------------------------+---------------------+---------------------+--------------------------------------+--------------------------------------+-----------------------------+-----------------------------+----------------------------+----------------------------+-----------------------------+-----------------------------+--------------------+--------------------+-------------------------------------+-------------------------------------+----------------------------+----------------------------+---------------------------+---------------------------+
; Pin           ; I/O Standard ; Board Delay on Rise ; Board Delay on Fall ; Steady State Voh at FPGA Pin ; Steady State Vol at FPGA Pin ; Voh Max at FPGA Pin ; Vol Min at FPGA Pin ; Ringback Voltage on Rise at FPGA Pin ; Ringback Voltage on Fall at FPGA Pin ; 10-90 Rise Time at FPGA Pin ; 90-10 Fall Time at FPGA Pin ; Monotonic Rise at FPGA Pin ; Monotonic Fall at FPGA Pin ; Steady State Voh at Far-end ; Steady State Vol at Far-end ; Voh Max at Far-end ; Vol Min at Far-end ; Ringback Voltage on Rise at Far-end ; Ringback Voltage on Fall at Far-end ; 10-90 Rise Time at Far-end ; 90-10 Fall Time at Far-end ; Monotonic Rise at Far-end ; Monotonic Fall at Far-end ;
+---------------+--------------+---------------------+---------------------+------------------------------+------------------------------+---------------------+---------------------+--------------------------------------+--------------------------------------+-----------------------------+-----------------------------+----------------------------+----------------------------+-----------------------------+-----------------------------+--------------------+--------------------+-------------------------------------+-------------------------------------+----------------------------+----------------------------+---------------------------+---------------------------+
; LCD_ON        ; 2.5 V        ; 0 s                 ; 0 s                 ; 2.32 V                       ; 3.07e-09 V                   ; 2.33 V              ; -0.00496 V          ; 0.223 V                              ; 0.086 V                              ; 2.9e-09 s                   ; 2.73e-09 s                  ; Yes                        ; Yes                        ; 2.32 V                      ; 3.07e-09 V                  ; 2.33 V             ; -0.00496 V         ; 0.223 V                             ; 0.086 V                             ; 2.9e-09 s                  ; 2.73e-09 s                 ; Yes                       ; Yes                       ;
; LCD_EN        ; 2.5 V        ; 0 s                 ; 0 s                 ; 2.32 V                       ; 3.07e-09 V                   ; 2.37 V              ; -0.00994 V          ; 0.186 V                              ; 0.028 V                              ; 4.98e-10 s                  ; 4.96e-10 s                  ; Yes                        ; Yes                        ; 2.32 V                      ; 3.07e-09 V                  ; 2.37 V             ; -0.00994 V         ; 0.186 V                             ; 0.028 V                             ; 4.98e-10 s                 ; 4.96e-10 s                 ; Yes                       ; Yes                       ;
; LCD_RS        ; 2.5 V        ; 0 s                 ; 0 s                 ; 2.32 V                       ; 3.07e-09 V                   ; 2.37 V              ; -0.00994 V          ; 0.186 V                              ; 0.028 V                              ; 4.98e-10 s                  ; 4.96e-10 s                  ; Yes                        ; Yes                        ; 2.32 V                      ; 3.07e-09 V                  ; 2.37 V             ; -0.00994 V         ; 0.186 V                             ; 0.028 V                             ; 4.98e-10 s                 ; 4.96e-10 s                 ; Yes                       ; Yes                       ;
; LCD_RW        ; 2.5 V        ; 0 s                 ; 0 s                 ; 2.32 V                       ; 3.07e-09 V                   ; 2.37 V              ; -0.00994 V          ; 0.186 V                              ; 0.028 V                              ; 4.98e-10 s                  ; 4.96e-10 s                  ; Yes                        ; Yes                        ; 2.32 V                      ; 3.07e-09 V                  ; 2.37 V             ; -0.00994 V         ; 0.186 V                             ; 0.028 V                             ; 4.98e-10 s                 ; 4.96e-10 s                 ; Yes                       ; Yes                       ;
; LCD_DATA[0]   ; 2.5 V        ; 0 s                 ; 0 s                 ; 2.32 V                       ; 3.07e-09 V                   ; 2.37 V              ; -0.00994 V          ; 0.186 V                              ; 0.028 V                              ; 4.98e-10 s                  ; 4.96e-10 s                  ; Yes                        ; Yes                        ; 2.32 V                      ; 3.07e-09 V                  ; 2.37 V             ; -0.00994 V         ; 0.186 V                             ; 0.028 V                             ; 4.98e-10 s                 ; 4.96e-10 s                 ; Yes                       ; Yes                       ;
; LCD_DATA[1]   ; 2.5 V        ; 0 s                 ; 0 s                 ; 2.32 V                       ; 3.07e-09 V                   ; 2.37 V              ; -0.00994 V          ; 0.186 V                              ; 0.028 V                              ; 4.98e-10 s                  ; 4.96e-10 s                  ; Yes                        ; Yes                        ; 2.32 V                      ; 3.07e-09 V                  ; 2.37 V             ; -0.00994 V         ; 0.186 V                             ; 0.028 V                             ; 4.98e-10 s                 ; 4.96e-10 s                 ; Yes                       ; Yes                       ;
; LCD_DATA[2]   ; 2.5 V        ; 0 s                 ; 0 s                 ; 2.32 V                       ; 3.07e-09 V                   ; 2.37 V              ; -0.00994 V          ; 0.186 V                              ; 0.028 V                              ; 4.98e-10 s                  ; 4.96e-10 s                  ; Yes                        ; Yes                        ; 2.32 V                      ; 3.07e-09 V                  ; 2.37 V             ; -0.00994 V         ; 0.186 V                             ; 0.028 V                             ; 4.98e-10 s                 ; 4.96e-10 s                 ; Yes                       ; Yes                       ;
; LCD_DATA[3]   ; 2.5 V        ; 0 s                 ; 0 s                 ; 2.32 V                       ; 3.07e-09 V                   ; 2.37 V              ; -0.00994 V          ; 0.186 V                              ; 0.028 V                              ; 4.98e-10 s                  ; 4.96e-10 s                  ; Yes                        ; Yes                        ; 2.32 V                      ; 3.07e-09 V                  ; 2.37 V             ; -0.00994 V         ; 0.186 V                             ; 0.028 V                             ; 4.98e-10 s                 ; 4.96e-10 s                 ; Yes                       ; Yes                       ;
; LCD_DATA[4]   ; 2.5 V        ; 0 s                 ; 0 s                 ; 2.32 V                       ; 3.07e-09 V                   ; 2.37 V              ; -0.00994 V          ; 0.186 V                              ; 0.028 V                              ; 4.98e-10 s                  ; 4.96e-10 s                  ; Yes                        ; Yes                        ; 2.32 V                      ; 3.07e-09 V                  ; 2.37 V             ; -0.00994 V         ; 0.186 V                             ; 0.028 V                             ; 4.98e-10 s                 ; 4.96e-10 s                 ; Yes                       ; Yes                       ;
; LCD_DATA[5]   ; 2.5 V        ; 0 s                 ; 0 s                 ; 2.32 V                       ; 3.07e-09 V                   ; 2.37 V              ; -0.00994 V          ; 0.186 V                              ; 0.028 V                              ; 4.98e-10 s                  ; 4.96e-10 s                  ; Yes                        ; Yes                        ; 2.32 V                      ; 3.07e-09 V                  ; 2.37 V             ; -0.00994 V         ; 0.186 V                             ; 0.028 V                             ; 4.98e-10 s                 ; 4.96e-10 s                 ; Yes                       ; Yes                       ;
; LCD_DATA[6]   ; 2.5 V        ; 0 s                 ; 0 s                 ; 2.32 V                       ; 3.07e-09 V                   ; 2.37 V              ; -0.00994 V          ; 0.186 V                              ; 0.028 V                              ; 4.98e-10 s                  ; 4.96e-10 s                  ; Yes                        ; Yes                        ; 2.32 V                      ; 3.07e-09 V                  ; 2.37 V             ; -0.00994 V         ; 0.186 V                             ; 0.028 V                             ; 4.98e-10 s                 ; 4.96e-10 s                 ; Yes                       ; Yes                       ;
; LCD_DATA[7]   ; 2.5 V        ; 0 s                 ; 0 s                 ; 2.32 V                       ; 3.07e-09 V                   ; 2.33 V              ; -0.00496 V          ; 0.223 V                              ; 0.086 V                              ; 2.9e-09 s                   ; 2.73e-09 s                  ; Yes                        ; Yes                        ; 2.32 V                      ; 3.07e-09 V                  ; 2.33 V             ; -0.00496 V         ; 0.223 V                             ; 0.086 V                             ; 2.9e-09 s                  ; 2.73e-09 s                 ; Yes                       ; Yes                       ;
; ~ALTERA_DCLK~ ; 2.5 V        ; 0 s                 ; 0 s                 ; 2.32 V                       ; 2.67e-09 V                   ; 2.38 V              ; -0.0485 V           ; 0.167 V                              ; 0.096 V                              ; 2.95e-10 s                  ; 2.73e-10 s                  ; Yes                        ; Yes                        ; 2.32 V                      ; 2.67e-09 V                  ; 2.38 V             ; -0.0485 V          ; 0.167 V                             ; 0.096 V                             ; 2.95e-10 s                 ; 2.73e-10 s                 ; Yes                       ; Yes                       ;
; ~ALTERA_nCEO~ ; 2.5 V        ; 0 s                 ; 0 s                 ; 2.32 V                       ; 4.18e-09 V                   ; 2.38 V              ; -0.00483 V          ; 0.152 V                              ; 0.012 V                              ; 4.81e-10 s                  ; 6.29e-10 s                  ; Yes                        ; Yes                        ; 2.32 V                      ; 4.18e-09 V                  ; 2.38 V             ; -0.00483 V         ; 0.152 V                             ; 0.012 V                             ; 4.81e-10 s                 ; 6.29e-10 s                 ; Yes                       ; Yes                       ;
+---------------+--------------+---------------------+---------------------+------------------------------+------------------------------+---------------------+---------------------+--------------------------------------+--------------------------------------+-----------------------------+-----------------------------+----------------------------+----------------------------+-----------------------------+-----------------------------+--------------------+--------------------+-------------------------------------+-------------------------------------+----------------------------+----------------------------+---------------------------+---------------------------+


+--------------------------------------------------------------------------------------------------------------------------------------------------------------------------------------------------------------------------------------------------------------------------------------------------------------------------------------------------------------------------------------------------------------------------------------------------------------------------------------------------------------------------------------------------------------------------------------------------------------------------------------------------------------------------------------------+
; Signal Integrity Metrics (Slow 1200mv 85c Model)                                                                                                                                                                                                                                                                                                                                                                                                                                                                                                                                                                                                                                           ;
+---------------+--------------+---------------------+---------------------+------------------------------+------------------------------+---------------------+---------------------+--------------------------------------+--------------------------------------+-----------------------------+-----------------------------+----------------------------+----------------------------+-----------------------------+-----------------------------+--------------------+--------------------+-------------------------------------+-------------------------------------+----------------------------+----------------------------+---------------------------+---------------------------+
; Pin           ; I/O Standard ; Board Delay on Rise ; Board Delay on Fall ; Steady State Voh at FPGA Pin ; Steady State Vol at FPGA Pin ; Voh Max at FPGA Pin ; Vol Min at FPGA Pin ; Ringback Voltage on Rise at FPGA Pin ; Ringback Voltage on Fall at FPGA Pin ; 10-90 Rise Time at FPGA Pin ; 90-10 Fall Time at FPGA Pin ; Monotonic Rise at FPGA Pin ; Monotonic Fall at FPGA Pin ; Steady State Voh at Far-end ; Steady State Vol at Far-end ; Voh Max at Far-end ; Vol Min at Far-end ; Ringback Voltage on Rise at Far-end ; Ringback Voltage on Fall at Far-end ; 10-90 Rise Time at Far-end ; 90-10 Fall Time at Far-end ; Monotonic Rise at Far-end ; Monotonic Fall at Far-end ;
+---------------+--------------+---------------------+---------------------+------------------------------+------------------------------+---------------------+---------------------+--------------------------------------+--------------------------------------+-----------------------------+-----------------------------+----------------------------+----------------------------+-----------------------------+-----------------------------+--------------------+--------------------+-------------------------------------+-------------------------------------+----------------------------+----------------------------+---------------------------+---------------------------+
; LCD_ON        ; 2.5 V        ; 0 s                 ; 0 s                 ; 2.32 V                       ; 4.67e-07 V                   ; 2.33 V              ; -0.00269 V          ; 0.13 V                               ; 0.055 V                              ; 3.54e-09 s                  ; 3.29e-09 s                  ; Yes                        ; Yes                        ; 2.32 V                      ; 4.67e-07 V                  ; 2.33 V             ; -0.00269 V         ; 0.13 V                              ; 0.055 V                             ; 3.54e-09 s                 ; 3.29e-09 s                 ; Yes                       ; Yes                       ;
; LCD_EN        ; 2.5 V        ; 0 s                 ; 0 s                 ; 2.32 V                       ; 4.67e-07 V                   ; 2.35 V              ; -0.00942 V          ; 0.116 V                              ; 0.033 V                              ; 6.66e-10 s                  ; 6.27e-10 s                  ; Yes                        ; Yes                        ; 2.32 V                      ; 4.67e-07 V                  ; 2.35 V             ; -0.00942 V         ; 0.116 V                             ; 0.033 V                             ; 6.66e-10 s                 ; 6.27e-10 s                 ; Yes                       ; Yes                       ;
; LCD_RS        ; 2.5 V        ; 0 s                 ; 0 s                 ; 2.32 V                       ; 4.67e-07 V                   ; 2.35 V              ; -0.00942 V          ; 0.116 V                              ; 0.033 V                              ; 6.66e-10 s                  ; 6.27e-10 s                  ; Yes                        ; Yes                        ; 2.32 V                      ; 4.67e-07 V                  ; 2.35 V             ; -0.00942 V         ; 0.116 V                             ; 0.033 V                             ; 6.66e-10 s                 ; 6.27e-10 s                 ; Yes                       ; Yes                       ;
; LCD_RW        ; 2.5 V        ; 0 s                 ; 0 s                 ; 2.32 V                       ; 4.67e-07 V                   ; 2.35 V              ; -0.00942 V          ; 0.116 V                              ; 0.033 V                              ; 6.66e-10 s                  ; 6.27e-10 s                  ; Yes                        ; Yes                        ; 2.32 V                      ; 4.67e-07 V                  ; 2.35 V             ; -0.00942 V         ; 0.116 V                             ; 0.033 V                             ; 6.66e-10 s                 ; 6.27e-10 s                 ; Yes                       ; Yes                       ;
; LCD_DATA[0]   ; 2.5 V        ; 0 s                 ; 0 s                 ; 2.32 V                       ; 4.67e-07 V                   ; 2.35 V              ; -0.00942 V          ; 0.116 V                              ; 0.033 V                              ; 6.66e-10 s                  ; 6.27e-10 s                  ; Yes                        ; Yes                        ; 2.32 V                      ; 4.67e-07 V                  ; 2.35 V             ; -0.00942 V         ; 0.116 V                             ; 0.033 V                             ; 6.66e-10 s                 ; 6.27e-10 s                 ; Yes                       ; Yes                       ;
; LCD_DATA[1]   ; 2.5 V        ; 0 s                 ; 0 s                 ; 2.32 V                       ; 4.67e-07 V                   ; 2.35 V              ; -0.00942 V          ; 0.116 V                              ; 0.033 V                              ; 6.66e-10 s                  ; 6.27e-10 s                  ; Yes                        ; Yes                        ; 2.32 V                      ; 4.67e-07 V                  ; 2.35 V             ; -0.00942 V         ; 0.116 V                             ; 0.033 V                             ; 6.66e-10 s                 ; 6.27e-10 s                 ; Yes                       ; Yes                       ;
; LCD_DATA[2]   ; 2.5 V        ; 0 s                 ; 0 s                 ; 2.32 V                       ; 4.67e-07 V                   ; 2.35 V              ; -0.00942 V          ; 0.116 V                              ; 0.033 V                              ; 6.66e-10 s                  ; 6.27e-10 s                  ; Yes                        ; Yes                        ; 2.32 V                      ; 4.67e-07 V                  ; 2.35 V             ; -0.00942 V         ; 0.116 V                             ; 0.033 V                             ; 6.66e-10 s                 ; 6.27e-10 s                 ; Yes                       ; Yes                       ;
; LCD_DATA[3]   ; 2.5 V        ; 0 s                 ; 0 s                 ; 2.32 V                       ; 4.67e-07 V                   ; 2.35 V              ; -0.00942 V          ; 0.116 V                              ; 0.033 V                              ; 6.66e-10 s                  ; 6.27e-10 s                  ; Yes                        ; Yes                        ; 2.32 V                      ; 4.67e-07 V                  ; 2.35 V             ; -0.00942 V         ; 0.116 V                             ; 0.033 V                             ; 6.66e-10 s                 ; 6.27e-10 s                 ; Yes                       ; Yes                       ;
; LCD_DATA[4]   ; 2.5 V        ; 0 s                 ; 0 s                 ; 2.32 V                       ; 4.67e-07 V                   ; 2.35 V              ; -0.00942 V          ; 0.116 V                              ; 0.033 V                              ; 6.66e-10 s                  ; 6.27e-10 s                  ; Yes                        ; Yes                        ; 2.32 V                      ; 4.67e-07 V                  ; 2.35 V             ; -0.00942 V         ; 0.116 V                             ; 0.033 V                             ; 6.66e-10 s                 ; 6.27e-10 s                 ; Yes                       ; Yes                       ;
; LCD_DATA[5]   ; 2.5 V        ; 0 s                 ; 0 s                 ; 2.32 V                       ; 4.67e-07 V                   ; 2.35 V              ; -0.00942 V          ; 0.116 V                              ; 0.033 V                              ; 6.66e-10 s                  ; 6.27e-10 s                  ; Yes                        ; Yes                        ; 2.32 V                      ; 4.67e-07 V                  ; 2.35 V             ; -0.00942 V         ; 0.116 V                             ; 0.033 V                             ; 6.66e-10 s                 ; 6.27e-10 s                 ; Yes                       ; Yes                       ;
; LCD_DATA[6]   ; 2.5 V        ; 0 s                 ; 0 s                 ; 2.32 V                       ; 4.67e-07 V                   ; 2.35 V              ; -0.00942 V          ; 0.116 V                              ; 0.033 V                              ; 6.66e-10 s                  ; 6.27e-10 s                  ; Yes                        ; Yes                        ; 2.32 V                      ; 4.67e-07 V                  ; 2.35 V             ; -0.00942 V         ; 0.116 V                             ; 0.033 V                             ; 6.66e-10 s                 ; 6.27e-10 s                 ; Yes                       ; Yes                       ;
; LCD_DATA[7]   ; 2.5 V        ; 0 s                 ; 0 s                 ; 2.32 V                       ; 4.67e-07 V                   ; 2.33 V              ; -0.00269 V          ; 0.13 V                               ; 0.055 V                              ; 3.54e-09 s                  ; 3.29e-09 s                  ; Yes                        ; Yes                        ; 2.32 V                      ; 4.67e-07 V                  ; 2.33 V             ; -0.00269 V         ; 0.13 V                              ; 0.055 V                             ; 3.54e-09 s                 ; 3.29e-09 s                 ; Yes                       ; Yes                       ;
; ~ALTERA_DCLK~ ; 2.5 V        ; 0 s                 ; 0 s                 ; 2.32 V                       ; 3.75e-07 V                   ; 2.35 V              ; -0.0109 V           ; 0.084 V                              ; 0.027 V                              ; 4.31e-10 s                  ; 3.61e-10 s                  ; Yes                        ; Yes                        ; 2.32 V                      ; 3.75e-07 V                  ; 2.35 V             ; -0.0109 V          ; 0.084 V                             ; 0.027 V                             ; 4.31e-10 s                 ; 3.61e-10 s                 ; Yes                       ; Yes                       ;
; ~ALTERA_nCEO~ ; 2.5 V        ; 0 s                 ; 0 s                 ; 2.32 V                       ; 6.15e-07 V                   ; 2.35 V              ; -0.00712 V          ; 0.093 V                              ; 0.02 V                               ; 6.21e-10 s                  ; 7.9e-10 s                   ; Yes                        ; Yes                        ; 2.32 V                      ; 6.15e-07 V                  ; 2.35 V             ; -0.00712 V         ; 0.093 V                             ; 0.02 V                              ; 6.21e-10 s                 ; 7.9e-10 s                  ; Yes                       ; Yes                       ;
+---------------+--------------+---------------------+---------------------+------------------------------+------------------------------+---------------------+---------------------+--------------------------------------+--------------------------------------+-----------------------------+-----------------------------+----------------------------+----------------------------+-----------------------------+-----------------------------+--------------------+--------------------+-------------------------------------+-------------------------------------+----------------------------+----------------------------+---------------------------+---------------------------+


+--------------------------------------------------------------------------------------------------------------------------------------------------------------------------------------------------------------------------------------------------------------------------------------------------------------------------------------------------------------------------------------------------------------------------------------------------------------------------------------------------------------------------------------------------------------------------------------------------------------------------------------------------------------------------------------------+
; Signal Integrity Metrics (Fast 1200mv 0c Model)                                                                                                                                                                                                                                                                                                                                                                                                                                                                                                                                                                                                                                            ;
+---------------+--------------+---------------------+---------------------+------------------------------+------------------------------+---------------------+---------------------+--------------------------------------+--------------------------------------+-----------------------------+-----------------------------+----------------------------+----------------------------+-----------------------------+-----------------------------+--------------------+--------------------+-------------------------------------+-------------------------------------+----------------------------+----------------------------+---------------------------+---------------------------+
; Pin           ; I/O Standard ; Board Delay on Rise ; Board Delay on Fall ; Steady State Voh at FPGA Pin ; Steady State Vol at FPGA Pin ; Voh Max at FPGA Pin ; Vol Min at FPGA Pin ; Ringback Voltage on Rise at FPGA Pin ; Ringback Voltage on Fall at FPGA Pin ; 10-90 Rise Time at FPGA Pin ; 90-10 Fall Time at FPGA Pin ; Monotonic Rise at FPGA Pin ; Monotonic Fall at FPGA Pin ; Steady State Voh at Far-end ; Steady State Vol at Far-end ; Voh Max at Far-end ; Vol Min at Far-end ; Ringback Voltage on Rise at Far-end ; Ringback Voltage on Fall at Far-end ; 10-90 Rise Time at Far-end ; 90-10 Fall Time at Far-end ; Monotonic Rise at Far-end ; Monotonic Fall at Far-end ;
+---------------+--------------+---------------------+---------------------+------------------------------+------------------------------+---------------------+---------------------+--------------------------------------+--------------------------------------+-----------------------------+-----------------------------+----------------------------+----------------------------+-----------------------------+-----------------------------+--------------------+--------------------+-------------------------------------+-------------------------------------+----------------------------+----------------------------+---------------------------+---------------------------+
; LCD_ON        ; 2.5 V        ; 0 s                 ; 0 s                 ; 2.62 V                       ; 2.74e-08 V                   ; 2.64 V              ; -0.0117 V           ; 0.202 V                              ; 0.176 V                              ; 2.38e-09 s                  ; 2.22e-09 s                  ; No                         ; Yes                        ; 2.62 V                      ; 2.74e-08 V                  ; 2.64 V             ; -0.0117 V          ; 0.202 V                             ; 0.176 V                             ; 2.38e-09 s                 ; 2.22e-09 s                 ; No                        ; Yes                       ;
; LCD_EN        ; 2.5 V        ; 0 s                 ; 0 s                 ; 2.62 V                       ; 2.74e-08 V                   ; 2.71 V              ; -0.0317 V           ; 0.148 V                              ; 0.064 V                              ; 4.51e-10 s                  ; 4.15e-10 s                  ; No                         ; Yes                        ; 2.62 V                      ; 2.74e-08 V                  ; 2.71 V             ; -0.0317 V          ; 0.148 V                             ; 0.064 V                             ; 4.51e-10 s                 ; 4.15e-10 s                 ; No                        ; Yes                       ;
; LCD_RS        ; 2.5 V        ; 0 s                 ; 0 s                 ; 2.62 V                       ; 2.74e-08 V                   ; 2.71 V              ; -0.0317 V           ; 0.148 V                              ; 0.064 V                              ; 4.51e-10 s                  ; 4.15e-10 s                  ; No                         ; Yes                        ; 2.62 V                      ; 2.74e-08 V                  ; 2.71 V             ; -0.0317 V          ; 0.148 V                             ; 0.064 V                             ; 4.51e-10 s                 ; 4.15e-10 s                 ; No                        ; Yes                       ;
; LCD_RW        ; 2.5 V        ; 0 s                 ; 0 s                 ; 2.62 V                       ; 2.74e-08 V                   ; 2.71 V              ; -0.0317 V           ; 0.148 V                              ; 0.064 V                              ; 4.51e-10 s                  ; 4.15e-10 s                  ; No                         ; Yes                        ; 2.62 V                      ; 2.74e-08 V                  ; 2.71 V             ; -0.0317 V          ; 0.148 V                             ; 0.064 V                             ; 4.51e-10 s                 ; 4.15e-10 s                 ; No                        ; Yes                       ;
; LCD_DATA[0]   ; 2.5 V        ; 0 s                 ; 0 s                 ; 2.62 V                       ; 2.74e-08 V                   ; 2.71 V              ; -0.0317 V           ; 0.148 V                              ; 0.064 V                              ; 4.51e-10 s                  ; 4.15e-10 s                  ; No                         ; Yes                        ; 2.62 V                      ; 2.74e-08 V                  ; 2.71 V             ; -0.0317 V          ; 0.148 V                             ; 0.064 V                             ; 4.51e-10 s                 ; 4.15e-10 s                 ; No                        ; Yes                       ;
; LCD_DATA[1]   ; 2.5 V        ; 0 s                 ; 0 s                 ; 2.62 V                       ; 2.74e-08 V                   ; 2.71 V              ; -0.0317 V           ; 0.148 V                              ; 0.064 V                              ; 4.51e-10 s                  ; 4.15e-10 s                  ; No                         ; Yes                        ; 2.62 V                      ; 2.74e-08 V                  ; 2.71 V             ; -0.0317 V          ; 0.148 V                             ; 0.064 V                             ; 4.51e-10 s                 ; 4.15e-10 s                 ; No                        ; Yes                       ;
; LCD_DATA[2]   ; 2.5 V        ; 0 s                 ; 0 s                 ; 2.62 V                       ; 2.74e-08 V                   ; 2.71 V              ; -0.0317 V           ; 0.148 V                              ; 0.064 V                              ; 4.51e-10 s                  ; 4.15e-10 s                  ; No                         ; Yes                        ; 2.62 V                      ; 2.74e-08 V                  ; 2.71 V             ; -0.0317 V          ; 0.148 V                             ; 0.064 V                             ; 4.51e-10 s                 ; 4.15e-10 s                 ; No                        ; Yes                       ;
; LCD_DATA[3]   ; 2.5 V        ; 0 s                 ; 0 s                 ; 2.62 V                       ; 2.74e-08 V                   ; 2.71 V              ; -0.0317 V           ; 0.148 V                              ; 0.064 V                              ; 4.51e-10 s                  ; 4.15e-10 s                  ; No                         ; Yes                        ; 2.62 V                      ; 2.74e-08 V                  ; 2.71 V             ; -0.0317 V          ; 0.148 V                             ; 0.064 V                             ; 4.51e-10 s                 ; 4.15e-10 s                 ; No                        ; Yes                       ;
; LCD_DATA[4]   ; 2.5 V        ; 0 s                 ; 0 s                 ; 2.62 V                       ; 2.74e-08 V                   ; 2.71 V              ; -0.0317 V           ; 0.148 V                              ; 0.064 V                              ; 4.51e-10 s                  ; 4.15e-10 s                  ; No                         ; Yes                        ; 2.62 V                      ; 2.74e-08 V                  ; 2.71 V             ; -0.0317 V          ; 0.148 V                             ; 0.064 V                             ; 4.51e-10 s                 ; 4.15e-10 s                 ; No                        ; Yes                       ;
; LCD_DATA[5]   ; 2.5 V        ; 0 s                 ; 0 s                 ; 2.62 V                       ; 2.74e-08 V                   ; 2.71 V              ; -0.0317 V           ; 0.148 V                              ; 0.064 V                              ; 4.51e-10 s                  ; 4.15e-10 s                  ; No                         ; Yes                        ; 2.62 V                      ; 2.74e-08 V                  ; 2.71 V             ; -0.0317 V          ; 0.148 V                             ; 0.064 V                             ; 4.51e-10 s                 ; 4.15e-10 s                 ; No                        ; Yes                       ;
; LCD_DATA[6]   ; 2.5 V        ; 0 s                 ; 0 s                 ; 2.62 V                       ; 2.74e-08 V                   ; 2.71 V              ; -0.0317 V           ; 0.148 V                              ; 0.064 V                              ; 4.51e-10 s                  ; 4.15e-10 s                  ; No                         ; Yes                        ; 2.62 V                      ; 2.74e-08 V                  ; 2.71 V             ; -0.0317 V          ; 0.148 V                             ; 0.064 V                             ; 4.51e-10 s                 ; 4.15e-10 s                 ; No                        ; Yes                       ;
; LCD_DATA[7]   ; 2.5 V        ; 0 s                 ; 0 s                 ; 2.62 V                       ; 2.74e-08 V                   ; 2.64 V              ; -0.0117 V           ; 0.202 V                              ; 0.176 V                              ; 2.38e-09 s                  ; 2.22e-09 s                  ; No                         ; Yes                        ; 2.62 V                      ; 2.74e-08 V                  ; 2.64 V             ; -0.0117 V          ; 0.202 V                             ; 0.176 V                             ; 2.38e-09 s                 ; 2.22e-09 s                 ; No                        ; Yes                       ;
; ~ALTERA_DCLK~ ; 2.5 V        ; 0 s                 ; 0 s                 ; 2.62 V                       ; 2.22e-08 V                   ; 2.74 V              ; -0.06 V             ; 0.158 V                              ; 0.08 V                               ; 2.68e-10 s                  ; 2.19e-10 s                  ; Yes                        ; Yes                        ; 2.62 V                      ; 2.22e-08 V                  ; 2.74 V             ; -0.06 V            ; 0.158 V                             ; 0.08 V                              ; 2.68e-10 s                 ; 2.19e-10 s                 ; Yes                       ; Yes                       ;
; ~ALTERA_nCEO~ ; 2.5 V        ; 0 s                 ; 0 s                 ; 2.62 V                       ; 3.54e-08 V                   ; 2.7 V               ; -0.00943 V          ; 0.276 V                              ; 0.035 V                              ; 3.19e-10 s                  ; 4.99e-10 s                  ; No                         ; Yes                        ; 2.62 V                      ; 3.54e-08 V                  ; 2.7 V              ; -0.00943 V         ; 0.276 V                             ; 0.035 V                             ; 3.19e-10 s                 ; 4.99e-10 s                 ; No                        ; Yes                       ;
+---------------+--------------+---------------------+---------------------+------------------------------+------------------------------+---------------------+---------------------+--------------------------------------+--------------------------------------+-----------------------------+-----------------------------+----------------------------+----------------------------+-----------------------------+-----------------------------+--------------------+--------------------+-------------------------------------+-------------------------------------+----------------------------+----------------------------+---------------------------+---------------------------+


+-------------------------------------------------------------------+
; Setup Transfers                                                   ;
+------------+----------+----------+----------+----------+----------+
; From Clock ; To Clock ; RR Paths ; FR Paths ; RF Paths ; FF Paths ;
+------------+----------+----------+----------+----------+----------+
; CLOCK_50   ; CLOCK_50 ; 56075037 ; 0        ; 0        ; 0        ;
+------------+----------+----------+----------+----------+----------+
Entries labeled "false path" only account for clock-to-clock false paths and not path-based false paths. As a result, actual path counts may be lower than reported.


+-------------------------------------------------------------------+
; Hold Transfers                                                    ;
+------------+----------+----------+----------+----------+----------+
; From Clock ; To Clock ; RR Paths ; FR Paths ; RF Paths ; FF Paths ;
+------------+----------+----------+----------+----------+----------+
; CLOCK_50   ; CLOCK_50 ; 56075037 ; 0        ; 0        ; 0        ;
+------------+----------+----------+----------+----------+----------+
Entries labeled "false path" only account for clock-to-clock false paths and not path-based false paths. As a result, actual path counts may be lower than reported.


---------------
; Report TCCS ;
---------------
No dedicated SERDES Transmitter circuitry present in device or used in design


---------------
; Report RSKM ;
---------------
No non-DPA dedicated SERDES Receiver circuitry present in device or used in design


+------------------------------------------------+
; Unconstrained Paths Summary                    ;
+---------------------------------+-------+------+
; Property                        ; Setup ; Hold ;
+---------------------------------+-------+------+
; Illegal Clocks                  ; 0     ; 0    ;
; Unconstrained Clocks            ; 1     ; 1    ;
; Unconstrained Input Ports       ; 12    ; 12   ;
; Unconstrained Input Port Paths  ; 266   ; 266  ;
; Unconstrained Output Ports      ; 10    ; 10   ;
; Unconstrained Output Port Paths ; 10    ; 10   ;
+---------------------------------+-------+------+


+-------------------------------------------------------------+
; Clock Status Summary                                        ;
+---------------------------+----------+------+---------------+
; Target                    ; Clock    ; Type ; Status        ;
+---------------------------+----------+------+---------------+
; CLOCK_50                  ; CLOCK_50 ; Base ; Constrained   ;
; ps2_keyboard:kbd|ascii[0] ;          ; Base ; Unconstrained ;
+---------------------------+----------+------+---------------+


+---------------------------------------------------------------------------------------------------+
; Unconstrained Input Ports                                                                         ;
+------------+--------------------------------------------------------------------------------------+
; Input Port ; Comment                                                                              ;
+------------+--------------------------------------------------------------------------------------+
; KEY[0]     ; No input delay, min/max delays, false-path exceptions, or max skew assignments found ;
; KEY[1]     ; No input delay, min/max delays, false-path exceptions, or max skew assignments found ;
; KEY[2]     ; No input delay, min/max delays, false-path exceptions, or max skew assignments found ;
; KEY[3]     ; No input delay, min/max delays, false-path exceptions, or max skew assignments found ;
; PS2_KBCLK  ; No input delay, min/max delays, false-path exceptions, or max skew assignments found ;
; PS2_KBDAT  ; No input delay, min/max delays, false-path exceptions, or max skew assignments found ;
; SW[0]      ; No input delay, min/max delays, false-path exceptions, or max skew assignments found ;
; SW[1]      ; No input delay, min/max delays, false-path exceptions, or max skew assignments found ;
; SW[2]      ; No input delay, min/max delays, false-path exceptions, or max skew assignments found ;
; SW[3]      ; No input delay, min/max delays, false-path exceptions, or max skew assignments found ;
; SW[4]      ; No input delay, min/max delays, false-path exceptions, or max skew assignments found ;
; SW[17]     ; No input delay, min/max delays, false-path exceptions, or max skew assignments found ;
+------------+--------------------------------------------------------------------------------------+


+-----------------------------------------------------------------------------------------------------+
; Unconstrained Output Ports                                                                          ;
+-------------+---------------------------------------------------------------------------------------+
; Output Port ; Comment                                                                               ;
+-------------+---------------------------------------------------------------------------------------+
; LCD_DATA[0] ; No output delay, min/max delays, false-path exceptions, or max skew assignments found ;
; LCD_DATA[1] ; No output delay, min/max delays, false-path exceptions, or max skew assignments found ;
; LCD_DATA[2] ; No output delay, min/max delays, false-path exceptions, or max skew assignments found ;
; LCD_DATA[3] ; No output delay, min/max delays, false-path exceptions, or max skew assignments found ;
; LCD_DATA[4] ; No output delay, min/max delays, false-path exceptions, or max skew assignments found ;
; LCD_DATA[5] ; No output delay, min/max delays, false-path exceptions, or max skew assignments found ;
; LCD_DATA[6] ; No output delay, min/max delays, false-path exceptions, or max skew assignments found ;
; LCD_DATA[7] ; No output delay, min/max delays, false-path exceptions, or max skew assignments found ;
; LCD_EN      ; No output delay, min/max delays, false-path exceptions, or max skew assignments found ;
; LCD_RS      ; No output delay, min/max delays, false-path exceptions, or max skew assignments found ;
+-------------+---------------------------------------------------------------------------------------+


+---------------------------------------------------------------------------------------------------+
; Unconstrained Input Ports                                                                         ;
+------------+--------------------------------------------------------------------------------------+
; Input Port ; Comment                                                                              ;
+------------+--------------------------------------------------------------------------------------+
; KEY[0]     ; No input delay, min/max delays, false-path exceptions, or max skew assignments found ;
; KEY[1]     ; No input delay, min/max delays, false-path exceptions, or max skew assignments found ;
; KEY[2]     ; No input delay, min/max delays, false-path exceptions, or max skew assignments found ;
; KEY[3]     ; No input delay, min/max delays, false-path exceptions, or max skew assignments found ;
; PS2_KBCLK  ; No input delay, min/max delays, false-path exceptions, or max skew assignments found ;
; PS2_KBDAT  ; No input delay, min/max delays, false-path exceptions, or max skew assignments found ;
; SW[0]      ; No input delay, min/max delays, false-path exceptions, or max skew assignments found ;
; SW[1]      ; No input delay, min/max delays, false-path exceptions, or max skew assignments found ;
; SW[2]      ; No input delay, min/max delays, false-path exceptions, or max skew assignments found ;
; SW[3]      ; No input delay, min/max delays, false-path exceptions, or max skew assignments found ;
; SW[4]      ; No input delay, min/max delays, false-path exceptions, or max skew assignments found ;
; SW[17]     ; No input delay, min/max delays, false-path exceptions, or max skew assignments found ;
+------------+--------------------------------------------------------------------------------------+


+-----------------------------------------------------------------------------------------------------+
; Unconstrained Output Ports                                                                          ;
+-------------+---------------------------------------------------------------------------------------+
; Output Port ; Comment                                                                               ;
+-------------+---------------------------------------------------------------------------------------+
; LCD_DATA[0] ; No output delay, min/max delays, false-path exceptions, or max skew assignments found ;
; LCD_DATA[1] ; No output delay, min/max delays, false-path exceptions, or max skew assignments found ;
; LCD_DATA[2] ; No output delay, min/max delays, false-path exceptions, or max skew assignments found ;
; LCD_DATA[3] ; No output delay, min/max delays, false-path exceptions, or max skew assignments found ;
; LCD_DATA[4] ; No output delay, min/max delays, false-path exceptions, or max skew assignments found ;
; LCD_DATA[5] ; No output delay, min/max delays, false-path exceptions, or max skew assignments found ;
; LCD_DATA[6] ; No output delay, min/max delays, false-path exceptions, or max skew assignments found ;
; LCD_DATA[7] ; No output delay, min/max delays, false-path exceptions, or max skew assignments found ;
; LCD_EN      ; No output delay, min/max delays, false-path exceptions, or max skew assignments found ;
; LCD_RS      ; No output delay, min/max delays, false-path exceptions, or max skew assignments found ;
+-------------+---------------------------------------------------------------------------------------+


+--------------------------+
; Timing Analyzer Messages ;
+--------------------------+
Info: *******************************************************************
Info: Running Quartus Prime Timing Analyzer
    Info: Version 20.1.1 Build 720 11/11/2020 SJ Lite Edition
    Info: Processing started: Tue May 05 17:16:01 2026
Info: Command: quartus_sta XTEA_proj -c XTEA_proj
Info: qsta_default_script.tcl version: #1
Warning (18236): Number of processors has not been specified which may cause overloading on shared machines.  Set the global assignment NUM_PARALLEL_PROCESSORS in your QSF to an appropriate value for best performance.
Info (20030): Parallel compilation is enabled and will use 6 of the 6 processors detected
Info (21077): Low junction temperature is 0 degrees C
Info (21077): High junction temperature is 85 degrees C
Warning (335093): The Timing Analyzer is analyzing 4 combinational loops as latches. For more details, run the Check Timing command in the Timing Analyzer or view the "User-Specified and Inferred Latches" table in the Analysis & Synthesis report.
Info (332104): Reading SDC File: 'XTEA_proj.sdc'
Warning (332060): Node: ps2_keyboard:kbd|ascii[0] was determined to be a clock but was found without an associated clock assignment.
    Info (13166): Latch ascii_hex_nibble:ah|h[3] is being clocked by ps2_keyboard:kbd|ascii[0]
Critical Warning (332168): The following clock transfers have no clock uncertainty assignment. For more accurate results, apply clock uncertainty assignments or use the derive_clock_uncertainty command.
    Critical Warning (332169): From CLOCK_50 (Rise) to CLOCK_50 (Rise) (setup and hold)
Info: Found TIMING_ANALYZER_REPORT_SCRIPT_INCLUDE_DEFAULT_ANALYSIS = ON
Info: Analyzing Slow 1200mV 85C Model
Info (332146): Worst-case setup slack is 3.447
    Info (332119):     Slack       End Point TNS Clock 
    Info (332119): ========= =================== =====================
    Info (332119):     3.447               0.000 CLOCK_50 
Info (332146): Worst-case hold slack is 0.402
    Info (332119):     Slack       End Point TNS Clock 
    Info (332119): ========= =================== =====================
    Info (332119):     0.402               0.000 CLOCK_50 
Info (332140): No Recovery paths to report
Info (332140): No Removal paths to report
Info (332146): Worst-case minimum pulse width slack is 9.703
    Info (332119):     Slack       End Point TNS Clock 
    Info (332119): ========= =================== =====================
    Info (332119):     9.703               0.000 CLOCK_50 
Info (332114): Report Metastability: Found 4 synchronizer chains.
    Info (332114): The design MTBF is not calculated because there are no specified synchronizers in the design.
    Info (332114): Number of Synchronizer Chains Found: 4
    Info (332114): Shortest Synchronizer Chain: 2 Registers
    Info (332114): Fraction of Chains for which MTBFs Could Not be Calculated: 1.000
    Info (332114): Worst Case Available Settling Time: 28.894 ns
    Info (332114): 
Info: Analyzing Slow 1200mV 0C Model
Info (334003): Started post-fitting delay annotation
Info (334004): Delay annotation completed successfully
Warning (332060): Node: ps2_keyboard:kbd|ascii[0] was determined to be a clock but was found without an associated clock assignment.
    Info (13166): Latch ascii_hex_nibble:ah|h[3] is being clocked by ps2_keyboard:kbd|ascii[0]
Critical Warning (332168): The following clock transfers have no clock uncertainty assignment. For more accurate results, apply clock uncertainty assignments or use the derive_clock_uncertainty command.
    Critical Warning (332169): From CLOCK_50 (Rise) to CLOCK_50 (Rise) (setup and hold)
Info (332146): Worst-case setup slack is 4.837
    Info (332119):     Slack       End Point TNS Clock 
    Info (332119): ========= =================== =====================
    Info (332119):     4.837               0.000 CLOCK_50 
Info (332146): Worst-case hold slack is 0.353
    Info (332119):     Slack       End Point TNS Clock 
    Info (332119): ========= =================== =====================
    Info (332119):     0.353               0.000 CLOCK_50 
Info (332140): No Recovery paths to report
Info (332140): No Removal paths to report
Info (332146): Worst-case minimum pulse width slack is 9.668
    Info (332119):     Slack       End Point TNS Clock 
    Info (332119): ========= =================== =====================
    Info (332119):     9.668               0.000 CLOCK_50 
Info (332114): Report Metastability: Found 4 synchronizer chains.
    Info (332114): The design MTBF is not calculated because there are no specified synchronizers in the design.
    Info (332114): Number of Synchronizer Chains Found: 4
    Info (332114): Shortest Synchronizer Chain: 2 Registers
    Info (332114): Fraction of Chains for which MTBFs Could Not be Calculated: 1.000
    Info (332114): Worst Case Available Settling Time: 29.810 ns
    Info (332114): 
Info: Analyzing Fast 1200mV 0C Model
Warning (332060): Node: ps2_keyboard:kbd|ascii[0] was determined to be a clock but was found without an associated clock assignment.
    Info (13166): Latch ascii_hex_nibble:ah|h[3] is being clocked by ps2_keyboard:kbd|ascii[0]
Critical Warning (332168): The following clock transfers have no clock uncertainty assignment. For more accurate results, apply clock uncertainty assignments or use the derive_clock_uncertainty command.
    Critical Warning (332169): From CLOCK_50 (Rise) to CLOCK_50 (Rise) (setup and hold)
Info (332146): Worst-case setup slack is 11.692
    Info (332119):     Slack       End Point TNS Clock 
    Info (332119): ========= =================== =====================
    Info (332119):    11.692               0.000 CLOCK_50 
Info (332146): Worst-case hold slack is 0.181
    Info (332119):     Slack       End Point TNS Clock 
    Info (332119): ========= =================== =====================
    Info (332119):     0.181               0.000 CLOCK_50 
Info (332140): No Recovery paths to report
Info (332140): No Removal paths to report
Info (332146): Worst-case minimum pulse width slack is 9.436
    Info (332119):     Slack       End Point TNS Clock 
    Info (332119): ========= =================== =====================
    Info (332119):     9.436               0.000 CLOCK_50 
Info (332114): Report Metastability: Found 4 synchronizer chains.
    Info (332114): The design MTBF is not calculated because there are no specified synchronizers in the design.
    Info (332114): Number of Synchronizer Chains Found: 4
    Info (332114): Shortest Synchronizer Chain: 2 Registers
    Info (332114): Fraction of Chains for which MTBFs Could Not be Calculated: 1.000
    Info (332114): Worst Case Available Settling Time: 34.425 ns
    Info (332114): 
Info (332102): Design is not fully constrained for setup requirements
Info (332102): Design is not fully constrained for hold requirements
Info: Quartus Prime Timing Analyzer was successful. 0 errors, 11 warnings
    Info: Peak virtual memory: 4910 megabytes
    Info: Processing ended: Tue May 05 17:16:03 2026
    Info: Elapsed time: 00:00:02
    Info: Total CPU time (on all processors): 00:00:03


