Fitter report for XTEA_proj
Sat Apr 04 12:33:25 2026
Quartus Prime Version 20.1.1 Build 720 11/11/2020 SJ Lite Edition


---------------------
; Table of Contents ;
---------------------
  1. Legal Notice
  2. Fitter Summary
  3. Fitter Settings
  4. Parallel Compilation
  5. Ignored Assignments
  6. Incremental Compilation Preservation Summary
  7. Incremental Compilation Partition Settings
  8. Incremental Compilation Placement Preservation
  9. Pin-Out File
 10. Fitter Resource Usage Summary
 11. Fitter Partition Statistics
 12. Input Pins
 13. Output Pins
 14. Dual Purpose and Dedicated Pins
 15. I/O Bank Usage
 16. All Package Pins
 17. I/O Assignment Warnings
 18. Fitter Resource Utilization by Entity
 19. Delay Chain Summary
 20. Pad To Core Delay Chain Fanout
 21. Control Signals
 22. Global & Other Fast Signals
 23. Routing Usage Summary
 24. LAB Logic Elements
 25. LAB-wide Signals
 26. LAB Signals Sourced
 27. LAB Signals Sourced Out
 28. LAB Distinct Inputs
 29. I/O Rules Summary
 30. I/O Rules Details
 31. I/O Rules Matrix
 32. Fitter Device Options
 33. Operating Settings and Conditions
 34. Fitter Messages
 35. Fitter Suppressed Messages



----------------
; Legal Notice ;
----------------
Copyright (C) 2020  Intel Corporation. All rights reserved.
Your use of Intel Corporation's design tools, logic functions 
and other software and tools, and any partner logic 
functions, and any output files from any of the foregoing 
(including device programming or simulation files), and any 
associated documentation or information are expressly subject 
to the terms and conditions of the Intel Program License 
Subscription Agreement, the Intel Quartus Prime License Agreement,
the Intel FPGA IP License Agreement, or other applicable license
agreement, including, without limitation, that your use is for
the sole purpose of programming logic devices manufactured by
Intel and sold by Intel or its authorized distributors.  Please
refer to the applicable agreement for further details, at
https://fpgasoftware.intel.com/eula.



+----------------------------------------------------------------------------------+
; Fitter Summary                                                                   ;
+------------------------------------+---------------------------------------------+
; Fitter Status                      ; Successful - Sat Apr 04 12:33:25 2026       ;
; Quartus Prime Version              ; 20.1.1 Build 720 11/11/2020 SJ Lite Edition ;
; Revision Name                      ; XTEA_proj                                   ;
; Top-level Entity Name              ; xtea_core                                   ;
; Family                             ; Cyclone IV E                                ;
; Device                             ; EP4CE115F29C7                               ;
; Timing Models                      ; Final                                       ;
; Total logic elements               ; 1,179 / 114,480 ( 1 % )                     ;
;     Total combinational functions  ; 1,179 / 114,480 ( 1 % )                     ;
;     Dedicated logic registers      ; 170 / 114,480 ( < 1 % )                     ;
; Total registers                    ; 170                                         ;
; Total pins                         ; 261 / 529 ( 49 % )                          ;
; Total virtual pins                 ; 0                                           ;
; Total memory bits                  ; 0 / 3,981,312 ( 0 % )                       ;
; Embedded Multiplier 9-bit elements ; 0 / 532 ( 0 % )                             ;
; Total PLLs                         ; 0 / 4 ( 0 % )                               ;
+------------------------------------+---------------------------------------------+


+----------------------------------------------------------------------------------------------------------------------------------------------------+
; Fitter Settings                                                                                                                                    ;
+--------------------------------------------------------------------+---------------------------------------+---------------------------------------+
; Option                                                             ; Setting                               ; Default Value                         ;
+--------------------------------------------------------------------+---------------------------------------+---------------------------------------+
; Device                                                             ; EP4CE115F29C7                         ;                                       ;
; Nominal Core Supply Voltage                                        ; 1.2V                                  ;                                       ;
; Minimum Core Junction Temperature                                  ; 0                                     ;                                       ;
; Maximum Core Junction Temperature                                  ; 85                                    ;                                       ;
; Fit Attempts to Skip                                               ; 0                                     ; 0.0                                   ;
; Use smart compilation                                              ; Off                                   ; Off                                   ;
; Enable parallel Assembler and Timing Analyzer during compilation   ; On                                    ; On                                    ;
; Enable compact report table                                        ; Off                                   ; Off                                   ;
; Auto Merge PLLs                                                    ; On                                    ; On                                    ;
; Router Timing Optimization Level                                   ; Normal                                ; Normal                                ;
; Perform Clocking Topology Analysis During Routing                  ; Off                                   ; Off                                   ;
; Placement Effort Multiplier                                        ; 1.0                                   ; 1.0                                   ;
; Router Effort Multiplier                                           ; 1.0                                   ; 1.0                                   ;
; Optimize Hold Timing                                               ; All Paths                             ; All Paths                             ;
; Optimize Multi-Corner Timing                                       ; On                                    ; On                                    ;
; Power Optimization During Fitting                                  ; Normal compilation                    ; Normal compilation                    ;
; SSN Optimization                                                   ; Off                                   ; Off                                   ;
; Optimize Timing                                                    ; Normal compilation                    ; Normal compilation                    ;
; Optimize Timing for ECOs                                           ; Off                                   ; Off                                   ;
; Regenerate Full Fit Report During ECO Compiles                     ; Off                                   ; Off                                   ;
; Optimize IOC Register Placement for Timing                         ; Normal                                ; Normal                                ;
; Limit to One Fitting Attempt                                       ; Off                                   ; Off                                   ;
; Final Placement Optimizations                                      ; Automatically                         ; Automatically                         ;
; Fitter Aggressive Routability Optimizations                        ; Automatically                         ; Automatically                         ;
; Fitter Initial Placement Seed                                      ; 1                                     ; 1                                     ;
; Periphery to Core Placement and Routing Optimization               ; Off                                   ; Off                                   ;
; PCI I/O                                                            ; Off                                   ; Off                                   ;
; Weak Pull-Up Resistor                                              ; Off                                   ; Off                                   ;
; Enable Bus-Hold Circuitry                                          ; Off                                   ; Off                                   ;
; Auto Packed Registers                                              ; Auto                                  ; Auto                                  ;
; Auto Delay Chains                                                  ; On                                    ; On                                    ;
; Auto Delay Chains for High Fanout Input Pins                       ; Off                                   ; Off                                   ;
; Allow Single-ended Buffer for Differential-XSTL Input              ; Off                                   ; Off                                   ;
; Treat Bidirectional Pin as Output Pin                              ; Off                                   ; Off                                   ;
; Perform Physical Synthesis for Combinational Logic for Fitting     ; Off                                   ; Off                                   ;
; Perform Physical Synthesis for Combinational Logic for Performance ; Off                                   ; Off                                   ;
; Perform Register Duplication for Performance                       ; Off                                   ; Off                                   ;
; Perform Logic to Memory Mapping for Fitting                        ; Off                                   ; Off                                   ;
; Perform Register Retiming for Performance                          ; Off                                   ; Off                                   ;
; Perform Asynchronous Signal Pipelining                             ; Off                                   ; Off                                   ;
; Fitter Effort                                                      ; Auto Fit                              ; Auto Fit                              ;
; Physical Synthesis Effort Level                                    ; Normal                                ; Normal                                ;
; Logic Cell Insertion - Logic Duplication                           ; Auto                                  ; Auto                                  ;
; Auto Register Duplication                                          ; Auto                                  ; Auto                                  ;
; Auto Global Clock                                                  ; On                                    ; On                                    ;
; Auto Global Register Control Signals                               ; On                                    ; On                                    ;
; Reserve all unused pins                                            ; As input tri-stated with weak pull-up ; As input tri-stated with weak pull-up ;
; Synchronizer Identification                                        ; Auto                                  ; Auto                                  ;
; Enable Beneficial Skew Optimization                                ; On                                    ; On                                    ;
; Optimize Design for Metastability                                  ; On                                    ; On                                    ;
; Force Fitter to Avoid Periphery Placement Warnings                 ; Off                                   ; Off                                   ;
; Enable input tri-state on active configuration pins in user mode   ; Off                                   ; Off                                   ;
+--------------------------------------------------------------------+---------------------------------------+---------------------------------------+


+------------------------------------------+
; Parallel Compilation                     ;
+----------------------------+-------------+
; Processors                 ; Number      ;
+----------------------------+-------------+
; Number detected on machine ; 20          ;
; Maximum allowed            ; 12          ;
;                            ;             ;
; Average used               ; 1.04        ;
; Maximum used               ; 12          ;
;                            ;             ;
; Usage by Processor         ; % Time Used ;
;     Processor 1            ; 100.0%      ;
;     Processor 2            ;   0.4%      ;
;     Processor 3            ;   0.4%      ;
;     Processor 4            ;   0.4%      ;
;     Processor 5            ;   0.3%      ;
;     Processor 6            ;   0.3%      ;
;     Processor 7            ;   0.3%      ;
;     Processor 8            ;   0.3%      ;
;     Processors 9-12        ;   0.3%      ;
+----------------------------+-------------+


+----------------------------------------------------------------------------------------+
; Ignored Assignments                                                                    ;
+----------+----------------+--------------+------------+---------------+----------------+
; Name     ; Ignored Entity ; Ignored From ; Ignored To ; Ignored Value ; Ignored Source ;
+----------+----------------+--------------+------------+---------------+----------------+
; Location ;                ;              ; CLOCK_50   ; PIN_N2        ; QSF Assignment ;
; Location ;                ;              ; LCD_BLON   ; PIN_K2        ; QSF Assignment ;
; Location ;                ;              ; LCD_DATA0  ; PIN_J1        ; QSF Assignment ;
; Location ;                ;              ; LCD_DATA1  ; PIN_J2        ; QSF Assignment ;
; Location ;                ;              ; LCD_DATA2  ; PIN_H1        ; QSF Assignment ;
; Location ;                ;              ; LCD_DATA3  ; PIN_H2        ; QSF Assignment ;
; Location ;                ;              ; LCD_DATA4  ; PIN_J4        ; QSF Assignment ;
; Location ;                ;              ; LCD_DATA5  ; PIN_J3        ; QSF Assignment ;
; Location ;                ;              ; LCD_DATA6  ; PIN_H4        ; QSF Assignment ;
; Location ;                ;              ; LCD_DATA7  ; PIN_H3        ; QSF Assignment ;
; Location ;                ;              ; LCD_EN     ; PIN_K3        ; QSF Assignment ;
; Location ;                ;              ; LCD_ON     ; PIN_L4        ; QSF Assignment ;
; Location ;                ;              ; LCD_RS     ; PIN_K1        ; QSF Assignment ;
; Location ;                ;              ; LCD_RW     ; PIN_K4        ; QSF Assignment ;
; Location ;                ;              ; PS2_KBCLK  ; PIN_C24       ; QSF Assignment ;
; Location ;                ;              ; PS2_KBDAT  ; PIN_D26       ; QSF Assignment ;
+----------+----------------+--------------+------------+---------------+----------------+


+---------------------------------------------------------------------------------------------------+
; Incremental Compilation Preservation Summary                                                      ;
+---------------------+---------------------+----------------------------+--------------------------+
; Type                ; Total [A + B]       ; From Design Partitions [A] ; From Rapid Recompile [B] ;
+---------------------+---------------------+----------------------------+--------------------------+
; Placement (by node) ;                     ;                            ;                          ;
;     -- Requested    ; 0.00 % ( 0 / 1883 ) ; 0.00 % ( 0 / 1883 )        ; 0.00 % ( 0 / 1883 )      ;
;     -- Achieved     ; 0.00 % ( 0 / 1883 ) ; 0.00 % ( 0 / 1883 )        ; 0.00 % ( 0 / 1883 )      ;
;                     ;                     ;                            ;                          ;
; Routing (by net)    ;                     ;                            ;                          ;
;     -- Requested    ; 0.00 % ( 0 / 0 )    ; 0.00 % ( 0 / 0 )           ; 0.00 % ( 0 / 0 )         ;
;     -- Achieved     ; 0.00 % ( 0 / 0 )    ; 0.00 % ( 0 / 0 )           ; 0.00 % ( 0 / 0 )         ;
+---------------------+---------------------+----------------------------+--------------------------+


+----------------------------------------------------------------------------------------------------------------------------------------------------------------------------------------+
; Incremental Compilation Partition Settings                                                                                                                                             ;
+--------------------------------+----------------+-------------------+-------------------------+------------------------+------------------------------+--------------------------------+
; Partition Name                 ; Partition Type ; Netlist Type Used ; Preservation Level Used ; Netlist Type Requested ; Preservation Level Requested ; Contents                       ;
+--------------------------------+----------------+-------------------+-------------------------+------------------------+------------------------------+--------------------------------+
; Top                            ; User-created   ; Source File       ; N/A                     ; Source File            ; N/A                          ;                                ;
; hard_block:auto_generated_inst ; Auto-generated ; Source File       ; N/A                     ; Source File            ; N/A                          ; hard_block:auto_generated_inst ;
+--------------------------------+----------------+-------------------+-------------------------+------------------------+------------------------------+--------------------------------+


+------------------------------------------------------------------------------------------------------------------------------------+
; Incremental Compilation Placement Preservation                                                                                     ;
+--------------------------------+-----------------------+-------------------------+-------------------+---------------------+-------+
; Partition Name                 ; Preservation Achieved ; Preservation Level Used ; Netlist Type Used ; Preservation Method ; Notes ;
+--------------------------------+-----------------------+-------------------------+-------------------+---------------------+-------+
; Top                            ; 0.00 % ( 0 / 1873 )   ; N/A                     ; Source File       ; N/A                 ;       ;
; hard_block:auto_generated_inst ; 0.00 % ( 0 / 10 )     ; N/A                     ; Source File       ; N/A                 ;       ;
+--------------------------------+-----------------------+-------------------------+-------------------+---------------------+-------+


+--------------+
; Pin-Out File ;
+--------------+
The pin-out file can be found in C:/Users/boysa.CALEB-DESKTOP/Desktop/XTEA-Implementation-FPGA/output_files/XTEA_proj.pin.


+-----------------------------------------------------------------------+
; Fitter Resource Usage Summary                                         ;
+---------------------------------------------+-------------------------+
; Resource                                    ; Usage                   ;
+---------------------------------------------+-------------------------+
; Total logic elements                        ; 1,179 / 114,480 ( 1 % ) ;
;     -- Combinational with no register       ; 1009                    ;
;     -- Register only                        ; 0                       ;
;     -- Combinational with a register        ; 170                     ;
;                                             ;                         ;
; Logic element usage by number of LUT inputs ;                         ;
;     -- 4 input functions                    ; 397                     ;
;     -- 3 input functions                    ; 475                     ;
;     -- <=2 input functions                  ; 307                     ;
;     -- Register only                        ; 0                       ;
;                                             ;                         ;
; Logic elements by mode                      ;                         ;
;     -- normal mode                          ; 709                     ;
;     -- arithmetic mode                      ; 470                     ;
;                                             ;                         ;
; Total registers*                            ; 170 / 117,053 ( < 1 % ) ;
;     -- Dedicated logic registers            ; 170 / 114,480 ( < 1 % ) ;
;     -- I/O registers                        ; 0 / 2,573 ( 0 % )       ;
;                                             ;                         ;
; Total LABs:  partially or completely used   ; 93 / 7,155 ( 1 % )      ;
; Virtual pins                                ; 0                       ;
; I/O pins                                    ; 261 / 529 ( 49 % )      ;
;     -- Clock pins                           ; 4 / 7 ( 57 % )          ;
;     -- Dedicated input pins                 ; 0 / 9 ( 0 % )           ;
;                                             ;                         ;
; M9Ks                                        ; 0 / 432 ( 0 % )         ;
; Total block memory bits                     ; 0 / 3,981,312 ( 0 % )   ;
; Total block memory implementation bits      ; 0 / 3,981,312 ( 0 % )   ;
; Embedded Multiplier 9-bit elements          ; 0 / 532 ( 0 % )         ;
; PLLs                                        ; 0 / 4 ( 0 % )           ;
; Global signals                              ; 1                       ;
;     -- Global clocks                        ; 1 / 20 ( 5 % )          ;
; JTAGs                                       ; 0 / 1 ( 0 % )           ;
; CRC blocks                                  ; 0 / 1 ( 0 % )           ;
; ASMI blocks                                 ; 0 / 1 ( 0 % )           ;
; Oscillator blocks                           ; 0 / 1 ( 0 % )           ;
; Impedance control blocks                    ; 0 / 4 ( 0 % )           ;
; Average interconnect usage (total/H/V)      ; 1.2% / 1.1% / 1.3%      ;
; Peak interconnect usage (total/H/V)         ; 17.9% / 18.1% / 17.7%   ;
; Maximum fan-out                             ; 170                     ;
; Highest non-global fan-out                  ; 168                     ;
; Total fan-out                               ; 4583                    ;
; Average fan-out                             ; 2.44                    ;
+---------------------------------------------+-------------------------+
*  Register count does not include registers inside RAM blocks or DSP blocks.



+-------------------------------------------------------------------------------------------------------+
; Fitter Partition Statistics                                                                           ;
+---------------------------------------------+------------------------+--------------------------------+
; Statistic                                   ; Top                    ; hard_block:auto_generated_inst ;
+---------------------------------------------+------------------------+--------------------------------+
; Difficulty Clustering Region                ; Low                    ; Low                            ;
;                                             ;                        ;                                ;
; Total logic elements                        ; 1179 / 114480 ( 1 % )  ; 0 / 114480 ( 0 % )             ;
;     -- Combinational with no register       ; 1009                   ; 0                              ;
;     -- Register only                        ; 0                      ; 0                              ;
;     -- Combinational with a register        ; 170                    ; 0                              ;
;                                             ;                        ;                                ;
; Logic element usage by number of LUT inputs ;                        ;                                ;
;     -- 4 input functions                    ; 397                    ; 0                              ;
;     -- 3 input functions                    ; 475                    ; 0                              ;
;     -- <=2 input functions                  ; 307                    ; 0                              ;
;     -- Register only                        ; 0                      ; 0                              ;
;                                             ;                        ;                                ;
; Logic elements by mode                      ;                        ;                                ;
;     -- normal mode                          ; 709                    ; 0                              ;
;     -- arithmetic mode                      ; 470                    ; 0                              ;
;                                             ;                        ;                                ;
; Total registers                             ; 170                    ; 0                              ;
;     -- Dedicated logic registers            ; 170 / 114480 ( < 1 % ) ; 0 / 114480 ( 0 % )             ;
;     -- I/O registers                        ; 0                      ; 0                              ;
;                                             ;                        ;                                ;
; Total LABs:  partially or completely used   ; 93 / 7155 ( 1 % )      ; 0 / 7155 ( 0 % )               ;
;                                             ;                        ;                                ;
; Virtual pins                                ; 0                      ; 0                              ;
; I/O pins                                    ; 261                    ; 0                              ;
; Embedded Multiplier 9-bit elements          ; 0 / 532 ( 0 % )        ; 0 / 532 ( 0 % )                ;
; Total memory bits                           ; 0                      ; 0                              ;
; Total RAM block bits                        ; 0                      ; 0                              ;
; Clock control block                         ; 1 / 24 ( 4 % )         ; 0 / 24 ( 0 % )                 ;
;                                             ;                        ;                                ;
; Connections                                 ;                        ;                                ;
;     -- Input Connections                    ; 0                      ; 0                              ;
;     -- Registered Input Connections         ; 0                      ; 0                              ;
;     -- Output Connections                   ; 0                      ; 0                              ;
;     -- Registered Output Connections        ; 0                      ; 0                              ;
;                                             ;                        ;                                ;
; Internal Connections                        ;                        ;                                ;
;     -- Total Connections                    ; 4578                   ; 5                              ;
;     -- Registered Connections               ; 902                    ; 0                              ;
;                                             ;                        ;                                ;
; External Connections                        ;                        ;                                ;
;     -- Top                                  ; 0                      ; 0                              ;
;     -- hard_block:auto_generated_inst       ; 0                      ; 0                              ;
;                                             ;                        ;                                ;
; Partition Interface                         ;                        ;                                ;
;     -- Input Ports                          ; 196                    ; 0                              ;
;     -- Output Ports                         ; 65                     ; 0                              ;
;     -- Bidir Ports                          ; 0                      ; 0                              ;
;                                             ;                        ;                                ;
; Registered Ports                            ;                        ;                                ;
;     -- Registered Input Ports               ; 0                      ; 0                              ;
;     -- Registered Output Ports              ; 0                      ; 0                              ;
;                                             ;                        ;                                ;
; Port Connectivity                           ;                        ;                                ;
;     -- Input Ports driven by GND            ; 0                      ; 0                              ;
;     -- Output Ports driven by GND           ; 0                      ; 0                              ;
;     -- Input Ports driven by VCC            ; 0                      ; 0                              ;
;     -- Output Ports driven by VCC           ; 0                      ; 0                              ;
;     -- Input Ports with no Source           ; 0                      ; 0                              ;
;     -- Output Ports with no Source          ; 0                      ; 0                              ;
;     -- Input Ports with no Fanout           ; 0                      ; 0                              ;
;     -- Output Ports with no Fanout          ; 0                      ; 0                              ;
+---------------------------------------------+------------------------+--------------------------------+


+-----------------------------------------------------------------------------------------------------------------------------------------------------------------------------------------------------------------------------------------------------------------------------------------------+
; Input Pins                                                                                                                                                                                                                                                                                    ;
+--------------+-------+----------+--------------+--------------+--------------+-----------------------+--------------------+--------+----------------+---------------+-----------------+----------+--------------+--------------+---------------------------+----------------------+-----------+
; Name         ; Pin # ; I/O Bank ; X coordinate ; Y coordinate ; Z coordinate ; Combinational Fan-Out ; Registered Fan-Out ; Global ; Input Register ; Power Up High ; PCI I/O Enabled ; Bus Hold ; Weak Pull Up ; I/O Standard ; Termination Control Block ; Location assigned by ; Slew Rate ;
+--------------+-------+----------+--------------+--------------+--------------+-----------------------+--------------------+--------+----------------+---------------+-----------------+----------+--------------+--------------+---------------------------+----------------------+-----------+
; block_in[0]  ; H19   ; 7        ; 72           ; 73           ; 0            ; 1                     ; 0                  ; no     ; no             ; no            ; yes             ; no       ; Off          ; 2.5 V        ; --                        ; Fitter               ; no        ;
; block_in[10] ; D17   ; 7        ; 81           ; 73           ; 7            ; 1                     ; 0                  ; no     ; no             ; no            ; yes             ; no       ; Off          ; 2.5 V        ; --                        ; Fitter               ; no        ;
; block_in[11] ; AE18  ; 4        ; 79           ; 0            ; 21           ; 1                     ; 0                  ; no     ; no             ; no            ; yes             ; no       ; Off          ; 2.5 V        ; --                        ; Fitter               ; no        ;
; block_in[12] ; C13   ; 8        ; 54           ; 73           ; 0            ; 1                     ; 0                  ; no     ; no             ; no            ; yes             ; no       ; Off          ; 2.5 V        ; --                        ; Fitter               ; no        ;
; block_in[13] ; E25   ; 7        ; 83           ; 73           ; 0            ; 1                     ; 0                  ; no     ; no             ; no            ; yes             ; no       ; Off          ; 2.5 V        ; --                        ; Fitter               ; no        ;
; block_in[14] ; G15   ; 7        ; 65           ; 73           ; 7            ; 1                     ; 0                  ; no     ; no             ; no            ; yes             ; no       ; Off          ; 2.5 V        ; --                        ; Fitter               ; no        ;
; block_in[15] ; B17   ; 7        ; 60           ; 73           ; 7            ; 1                     ; 0                  ; no     ; no             ; no            ; yes             ; no       ; Off          ; 2.5 V        ; --                        ; Fitter               ; no        ;
; block_in[16] ; A17   ; 7        ; 60           ; 73           ; 0            ; 1                     ; 0                  ; no     ; no             ; no            ; yes             ; no       ; Off          ; 2.5 V        ; --                        ; Fitter               ; no        ;
; block_in[17] ; AE21  ; 4        ; 85           ; 0            ; 0            ; 1                     ; 0                  ; no     ; no             ; no            ; yes             ; no       ; Off          ; 2.5 V        ; --                        ; Fitter               ; no        ;
; block_in[18] ; G19   ; 7        ; 69           ; 73           ; 14           ; 1                     ; 0                  ; no     ; no             ; no            ; yes             ; no       ; Off          ; 2.5 V        ; --                        ; Fitter               ; no        ;
; block_in[19] ; W4    ; 2        ; 0            ; 14           ; 7            ; 1                     ; 0                  ; no     ; no             ; no            ; yes             ; no       ; Off          ; 2.5 V        ; --                        ; Fitter               ; no        ;
; block_in[1]  ; AD18  ; 4        ; 85           ; 0            ; 7            ; 1                     ; 0                  ; no     ; no             ; no            ; yes             ; no       ; Off          ; 2.5 V        ; --                        ; Fitter               ; no        ;
; block_in[20] ; AH25  ; 4        ; 91           ; 0            ; 14           ; 1                     ; 0                  ; no     ; no             ; no            ; yes             ; no       ; Off          ; 2.5 V        ; --                        ; Fitter               ; no        ;
; block_in[21] ; D13   ; 8        ; 54           ; 73           ; 7            ; 1                     ; 0                  ; no     ; no             ; no            ; yes             ; no       ; Off          ; 2.5 V        ; --                        ; Fitter               ; no        ;
; block_in[22] ; AF24  ; 4        ; 83           ; 0            ; 7            ; 1                     ; 0                  ; no     ; no             ; no            ; yes             ; no       ; Off          ; 2.5 V        ; --                        ; Fitter               ; no        ;
; block_in[23] ; J16   ; 7        ; 65           ; 73           ; 14           ; 1                     ; 0                  ; no     ; no             ; no            ; yes             ; no       ; Off          ; 2.5 V        ; --                        ; Fitter               ; no        ;
; block_in[24] ; C17   ; 7        ; 81           ; 73           ; 0            ; 1                     ; 0                  ; no     ; no             ; no            ; yes             ; no       ; Off          ; 2.5 V        ; --                        ; Fitter               ; no        ;
; block_in[25] ; C14   ; 8        ; 52           ; 73           ; 0            ; 1                     ; 0                  ; no     ; no             ; no            ; yes             ; no       ; Off          ; 2.5 V        ; --                        ; Fitter               ; no        ;
; block_in[26] ; R23   ; 5        ; 115          ; 35           ; 14           ; 1                     ; 0                  ; no     ; no             ; no            ; yes             ; no       ; Off          ; 2.5 V        ; --                        ; Fitter               ; no        ;
; block_in[27] ; J17   ; 7        ; 69           ; 73           ; 0            ; 1                     ; 0                  ; no     ; no             ; no            ; yes             ; no       ; Off          ; 2.5 V        ; --                        ; Fitter               ; no        ;
; block_in[28] ; AH18  ; 4        ; 69           ; 0            ; 0            ; 1                     ; 0                  ; no     ; no             ; no            ; yes             ; no       ; Off          ; 2.5 V        ; --                        ; Fitter               ; no        ;
; block_in[29] ; AF26  ; 4        ; 89           ; 0            ; 0            ; 1                     ; 0                  ; no     ; no             ; no            ; yes             ; no       ; Off          ; 2.5 V        ; --                        ; Fitter               ; no        ;
; block_in[2]  ; B19   ; 7        ; 81           ; 73           ; 21           ; 1                     ; 0                  ; no     ; no             ; no            ; yes             ; no       ; Off          ; 2.5 V        ; --                        ; Fitter               ; no        ;
; block_in[30] ; A19   ; 7        ; 81           ; 73           ; 14           ; 1                     ; 0                  ; no     ; no             ; no            ; yes             ; no       ; Off          ; 2.5 V        ; --                        ; Fitter               ; no        ;
; block_in[31] ; L4    ; 1        ; 0            ; 52           ; 0            ; 1                     ; 0                  ; no     ; no             ; no            ; yes             ; no       ; Off          ; 2.5 V        ; --                        ; Fitter               ; no        ;
; block_in[32] ; AH12  ; 3        ; 54           ; 0            ; 0            ; 1                     ; 0                  ; no     ; no             ; no            ; yes             ; no       ; Off          ; 2.5 V        ; --                        ; Fitter               ; no        ;
; block_in[33] ; AC14  ; 3        ; 56           ; 0            ; 21           ; 1                     ; 0                  ; no     ; no             ; no            ; yes             ; no       ; Off          ; 2.5 V        ; --                        ; Fitter               ; no        ;
; block_in[34] ; Y1    ; 2        ; 0            ; 36           ; 21           ; 1                     ; 0                  ; no     ; no             ; no            ; yes             ; no       ; Off          ; 2.5 V        ; --                        ; Fitter               ; no        ;
; block_in[35] ; Y2    ; 2        ; 0            ; 36           ; 14           ; 1                     ; 0                  ; no     ; no             ; no            ; yes             ; no       ; Off          ; 2.5 V        ; --                        ; Fitter               ; no        ;
; block_in[36] ; AG18  ; 4        ; 69           ; 0            ; 7            ; 1                     ; 0                  ; no     ; no             ; no            ; yes             ; no       ; Off          ; 2.5 V        ; --                        ; Fitter               ; no        ;
; block_in[37] ; AC17  ; 4        ; 74           ; 0            ; 21           ; 1                     ; 0                  ; no     ; no             ; no            ; yes             ; no       ; Off          ; 2.5 V        ; --                        ; Fitter               ; no        ;
; block_in[38] ; AH21  ; 4        ; 74           ; 0            ; 0            ; 1                     ; 0                  ; no     ; no             ; no            ; yes             ; no       ; Off          ; 2.5 V        ; --                        ; Fitter               ; no        ;
; block_in[39] ; AA14  ; 3        ; 54           ; 0            ; 21           ; 1                     ; 0                  ; no     ; no             ; no            ; yes             ; no       ; Off          ; 2.5 V        ; --                        ; Fitter               ; no        ;
; block_in[3]  ; AD19  ; 4        ; 94           ; 0            ; 0            ; 1                     ; 0                  ; no     ; no             ; no            ; yes             ; no       ; Off          ; 2.5 V        ; --                        ; Fitter               ; no        ;
; block_in[40] ; D12   ; 8        ; 52           ; 73           ; 21           ; 1                     ; 0                  ; no     ; no             ; no            ; yes             ; no       ; Off          ; 2.5 V        ; --                        ; Fitter               ; no        ;
; block_in[41] ; AG23  ; 4        ; 81           ; 0            ; 21           ; 1                     ; 0                  ; no     ; no             ; no            ; yes             ; no       ; Off          ; 2.5 V        ; --                        ; Fitter               ; no        ;
; block_in[42] ; AE17  ; 4        ; 67           ; 0            ; 7            ; 1                     ; 0                  ; no     ; no             ; no            ; yes             ; no       ; Off          ; 2.5 V        ; --                        ; Fitter               ; no        ;
; block_in[43] ; J19   ; 7        ; 72           ; 73           ; 7            ; 1                     ; 0                  ; no     ; no             ; no            ; yes             ; no       ; Off          ; 2.5 V        ; --                        ; Fitter               ; no        ;
; block_in[44] ; AG22  ; 4        ; 79           ; 0            ; 7            ; 1                     ; 0                  ; no     ; no             ; no            ; yes             ; no       ; Off          ; 2.5 V        ; --                        ; Fitter               ; no        ;
; block_in[45] ; AG21  ; 4        ; 74           ; 0            ; 7            ; 1                     ; 0                  ; no     ; no             ; no            ; yes             ; no       ; Off          ; 2.5 V        ; --                        ; Fitter               ; no        ;
; block_in[46] ; H14   ; 8        ; 49           ; 73           ; 14           ; 1                     ; 0                  ; no     ; no             ; no            ; yes             ; no       ; Off          ; 2.5 V        ; --                        ; Fitter               ; no        ;
; block_in[47] ; T25   ; 5        ; 115          ; 31           ; 0            ; 1                     ; 0                  ; no     ; no             ; no            ; yes             ; no       ; Off          ; 2.5 V        ; --                        ; Fitter               ; no        ;
; block_in[48] ; Y14   ; 3        ; 56           ; 0            ; 7            ; 1                     ; 0                  ; no     ; no             ; no            ; yes             ; no       ; Off          ; 2.5 V        ; --                        ; Fitter               ; no        ;
; block_in[49] ; T21   ; 5        ; 115          ; 32           ; 0            ; 1                     ; 0                  ; no     ; no             ; no            ; yes             ; no       ; Off          ; 2.5 V        ; --                        ; Fitter               ; no        ;
; block_in[4]  ; G17   ; 7        ; 83           ; 73           ; 21           ; 1                     ; 0                  ; no     ; no             ; no            ; yes             ; no       ; Off          ; 2.5 V        ; --                        ; Fitter               ; no        ;
; block_in[50] ; AA13  ; 3        ; 52           ; 0            ; 0            ; 1                     ; 0                  ; no     ; no             ; no            ; yes             ; no       ; Off          ; 2.5 V        ; --                        ; Fitter               ; no        ;
; block_in[51] ; AC15  ; 4        ; 60           ; 0            ; 21           ; 1                     ; 0                  ; no     ; no             ; no            ; yes             ; no       ; Off          ; 2.5 V        ; --                        ; Fitter               ; no        ;
; block_in[52] ; T22   ; 5        ; 115          ; 32           ; 7            ; 1                     ; 0                  ; no     ; no             ; no            ; yes             ; no       ; Off          ; 2.5 V        ; --                        ; Fitter               ; no        ;
; block_in[53] ; AE19  ; 4        ; 83           ; 0            ; 21           ; 1                     ; 0                  ; no     ; no             ; no            ; yes             ; no       ; Off          ; 2.5 V        ; --                        ; Fitter               ; no        ;
; block_in[54] ; AA16  ; 4        ; 65           ; 0            ; 7            ; 1                     ; 0                  ; no     ; no             ; no            ; yes             ; no       ; Off          ; 2.5 V        ; --                        ; Fitter               ; no        ;
; block_in[55] ; AF15  ; 4        ; 60           ; 0            ; 0            ; 1                     ; 0                  ; no     ; no             ; no            ; yes             ; no       ; Off          ; 2.5 V        ; --                        ; Fitter               ; no        ;
; block_in[56] ; AE25  ; 4        ; 89           ; 0            ; 7            ; 1                     ; 0                  ; no     ; no             ; no            ; yes             ; no       ; Off          ; 2.5 V        ; --                        ; Fitter               ; no        ;
; block_in[57] ; AG12  ; 3        ; 54           ; 0            ; 7            ; 1                     ; 0                  ; no     ; no             ; no            ; yes             ; no       ; Off          ; 2.5 V        ; --                        ; Fitter               ; no        ;
; block_in[58] ; AH22  ; 4        ; 79           ; 0            ; 0            ; 1                     ; 0                  ; no     ; no             ; no            ; yes             ; no       ; Off          ; 2.5 V        ; --                        ; Fitter               ; no        ;
; block_in[59] ; Y12   ; 3        ; 52           ; 0            ; 21           ; 1                     ; 0                  ; no     ; no             ; no            ; yes             ; no       ; Off          ; 2.5 V        ; --                        ; Fitter               ; no        ;
; block_in[5]  ; E15   ; 7        ; 58           ; 73           ; 7            ; 1                     ; 0                  ; no     ; no             ; no            ; yes             ; no       ; Off          ; 2.5 V        ; --                        ; Fitter               ; no        ;
; block_in[60] ; AF17  ; 4        ; 67           ; 0            ; 0            ; 1                     ; 0                  ; no     ; no             ; no            ; yes             ; no       ; Off          ; 2.5 V        ; --                        ; Fitter               ; no        ;
; block_in[61] ; J14   ; 8        ; 49           ; 73           ; 21           ; 1                     ; 0                  ; no     ; no             ; no            ; yes             ; no       ; Off          ; 2.5 V        ; --                        ; Fitter               ; no        ;
; block_in[62] ; C19   ; 7        ; 83           ; 73           ; 7            ; 1                     ; 0                  ; no     ; no             ; no            ; yes             ; no       ; Off          ; 2.5 V        ; --                        ; Fitter               ; no        ;
; block_in[63] ; AB16  ; 4        ; 65           ; 0            ; 0            ; 1                     ; 0                  ; no     ; no             ; no            ; yes             ; no       ; Off          ; 2.5 V        ; --                        ; Fitter               ; no        ;
; block_in[6]  ; F15   ; 7        ; 58           ; 73           ; 0            ; 1                     ; 0                  ; no     ; no             ; no            ; yes             ; no       ; Off          ; 2.5 V        ; --                        ; Fitter               ; no        ;
; block_in[7]  ; G16   ; 7        ; 67           ; 73           ; 0            ; 1                     ; 0                  ; no     ; no             ; no            ; yes             ; no       ; Off          ; 2.5 V        ; --                        ; Fitter               ; no        ;
; block_in[8]  ; N4    ; 1        ; 0            ; 46           ; 14           ; 1                     ; 0                  ; no     ; no             ; no            ; yes             ; no       ; Off          ; 2.5 V        ; --                        ; Fitter               ; no        ;
; block_in[9]  ; H17   ; 7        ; 67           ; 73           ; 7            ; 1                     ; 0                  ; no     ; no             ; no            ; yes             ; no       ; Off          ; 2.5 V        ; --                        ; Fitter               ; no        ;
; clk          ; J1    ; 1        ; 0            ; 36           ; 7            ; 170                   ; 0                  ; yes    ; no             ; no            ; yes             ; no       ; Off          ; 2.5 V        ; --                        ; Fitter               ; no        ;
; enc          ; AD14  ; 3        ; 56           ; 0            ; 14           ; 168                   ; 0                  ; no     ; no             ; no            ; yes             ; no       ; Off          ; 2.5 V        ; --                        ; Fitter               ; no        ;
; key[0]       ; R3    ; 2        ; 0            ; 34           ; 21           ; 4                     ; 0                  ; no     ; no             ; no            ; yes             ; no       ; Off          ; 2.5 V        ; --                        ; Fitter               ; no        ;
; key[100]     ; N8    ; 1        ; 0            ; 42           ; 7            ; 4                     ; 0                  ; no     ; no             ; no            ; yes             ; no       ; Off          ; 2.5 V        ; --                        ; Fitter               ; no        ;
; key[101]     ; AB11  ; 3        ; 27           ; 0            ; 7            ; 4                     ; 0                  ; no     ; no             ; no            ; yes             ; no       ; Off          ; 2.5 V        ; --                        ; Fitter               ; no        ;
; key[102]     ; AD10  ; 3        ; 13           ; 0            ; 21           ; 4                     ; 0                  ; no     ; no             ; no            ; yes             ; no       ; Off          ; 2.5 V        ; --                        ; Fitter               ; no        ;
; key[103]     ; D11   ; 8        ; 23           ; 73           ; 7            ; 4                     ; 0                  ; no     ; no             ; no            ; yes             ; no       ; Off          ; 2.5 V        ; --                        ; Fitter               ; no        ;
; key[104]     ; A6    ; 8        ; 27           ; 73           ; 14           ; 4                     ; 0                  ; no     ; no             ; no            ; yes             ; no       ; Off          ; 2.5 V        ; --                        ; Fitter               ; no        ;
; key[105]     ; F11   ; 8        ; 31           ; 73           ; 7            ; 4                     ; 0                  ; no     ; no             ; no            ; yes             ; no       ; Off          ; 2.5 V        ; --                        ; Fitter               ; no        ;
; key[106]     ; AE8   ; 3        ; 23           ; 0            ; 21           ; 4                     ; 0                  ; no     ; no             ; no            ; yes             ; no       ; Off          ; 2.5 V        ; --                        ; Fitter               ; no        ;
; key[107]     ; E14   ; 8        ; 45           ; 73           ; 7            ; 4                     ; 0                  ; no     ; no             ; no            ; yes             ; no       ; Off          ; 2.5 V        ; --                        ; Fitter               ; no        ;
; key[108]     ; M3    ; 1        ; 0            ; 51           ; 14           ; 4                     ; 0                  ; no     ; no             ; no            ; yes             ; no       ; Off          ; 2.5 V        ; --                        ; Fitter               ; no        ;
; key[109]     ; AB13  ; 3        ; 47           ; 0            ; 7            ; 4                     ; 0                  ; no     ; no             ; no            ; yes             ; no       ; Off          ; 2.5 V        ; --                        ; Fitter               ; no        ;
; key[10]      ; C9    ; 8        ; 23           ; 73           ; 14           ; 4                     ; 0                  ; no     ; no             ; no            ; yes             ; no       ; Off          ; 2.5 V        ; --                        ; Fitter               ; no        ;
; key[110]     ; E10   ; 8        ; 18           ; 73           ; 14           ; 4                     ; 0                  ; no     ; no             ; no            ; yes             ; no       ; Off          ; 2.5 V        ; --                        ; Fitter               ; no        ;
; key[111]     ; AG4   ; 3        ; 9            ; 0            ; 21           ; 4                     ; 0                  ; no     ; no             ; no            ; yes             ; no       ; Off          ; 2.5 V        ; --                        ; Fitter               ; no        ;
; key[112]     ; AG14  ; 3        ; 58           ; 0            ; 21           ; 4                     ; 0                  ; no     ; no             ; no            ; yes             ; no       ; Off          ; 2.5 V        ; --                        ; Fitter               ; no        ;
; key[113]     ; G11   ; 8        ; 25           ; 73           ; 14           ; 4                     ; 0                  ; no     ; no             ; no            ; yes             ; no       ; Off          ; 2.5 V        ; --                        ; Fitter               ; no        ;
; key[114]     ; G13   ; 8        ; 38           ; 73           ; 14           ; 4                     ; 0                  ; no     ; no             ; no            ; yes             ; no       ; Off          ; 2.5 V        ; --                        ; Fitter               ; no        ;
; key[115]     ; U5    ; 2        ; 0            ; 24           ; 0            ; 4                     ; 0                  ; no     ; no             ; no            ; yes             ; no       ; Off          ; 2.5 V        ; --                        ; Fitter               ; no        ;
; key[116]     ; AF11  ; 3        ; 35           ; 0            ; 14           ; 4                     ; 0                  ; no     ; no             ; no            ; yes             ; no       ; Off          ; 2.5 V        ; --                        ; Fitter               ; no        ;
; key[117]     ; AC10  ; 3        ; 38           ; 0            ; 0            ; 4                     ; 0                  ; no     ; no             ; no            ; yes             ; no       ; Off          ; 2.5 V        ; --                        ; Fitter               ; no        ;
; key[118]     ; AH10  ; 3        ; 31           ; 0            ; 0            ; 4                     ; 0                  ; no     ; no             ; no            ; yes             ; no       ; Off          ; 2.5 V        ; --                        ; Fitter               ; no        ;
; key[119]     ; AD1   ; 2        ; 0            ; 21           ; 14           ; 4                     ; 0                  ; no     ; no             ; no            ; yes             ; no       ; Off          ; 2.5 V        ; --                        ; Fitter               ; no        ;
; key[11]      ; U21   ; 5        ; 115          ; 29           ; 0            ; 4                     ; 0                  ; no     ; no             ; no            ; yes             ; no       ; Off          ; 2.5 V        ; --                        ; Fitter               ; no        ;
; key[120]     ; W1    ; 2        ; 0            ; 25           ; 14           ; 4                     ; 0                  ; no     ; no             ; no            ; yes             ; no       ; Off          ; 2.5 V        ; --                        ; Fitter               ; no        ;
; key[121]     ; B11   ; 8        ; 42           ; 73           ; 7            ; 4                     ; 0                  ; no     ; no             ; no            ; yes             ; no       ; Off          ; 2.5 V        ; --                        ; Fitter               ; no        ;
; key[122]     ; K8    ; 1        ; 0            ; 48           ; 0            ; 4                     ; 0                  ; no     ; no             ; no            ; yes             ; no       ; Off          ; 2.5 V        ; --                        ; Fitter               ; no        ;
; key[123]     ; A10   ; 8        ; 38           ; 73           ; 0            ; 4                     ; 0                  ; no     ; no             ; no            ; yes             ; no       ; Off          ; 2.5 V        ; --                        ; Fitter               ; no        ;
; key[124]     ; AG8   ; 3        ; 18           ; 0            ; 0            ; 4                     ; 0                  ; no     ; no             ; no            ; yes             ; no       ; Off          ; 2.5 V        ; --                        ; Fitter               ; no        ;
; key[125]     ; U8    ; 2        ; 0            ; 18           ; 21           ; 4                     ; 0                  ; no     ; no             ; no            ; yes             ; no       ; Off          ; 2.5 V        ; --                        ; Fitter               ; no        ;
; key[126]     ; AF12  ; 3        ; 33           ; 0            ; 0            ; 4                     ; 0                  ; no     ; no             ; no            ; yes             ; no       ; Off          ; 2.5 V        ; --                        ; Fitter               ; no        ;
; key[127]     ; J12   ; 8        ; 40           ; 73           ; 7            ; 4                     ; 0                  ; no     ; no             ; no            ; yes             ; no       ; Off          ; 2.5 V        ; --                        ; Fitter               ; no        ;
; key[12]      ; T4    ; 2        ; 0            ; 33           ; 21           ; 4                     ; 0                  ; no     ; no             ; no            ; yes             ; no       ; Off          ; 2.5 V        ; --                        ; Fitter               ; no        ;
; key[13]      ; M4    ; 1        ; 0            ; 52           ; 21           ; 4                     ; 0                  ; no     ; no             ; no            ; yes             ; no       ; Off          ; 2.5 V        ; --                        ; Fitter               ; no        ;
; key[14]      ; AD12  ; 3        ; 47           ; 0            ; 0            ; 4                     ; 0                  ; no     ; no             ; no            ; yes             ; no       ; Off          ; 2.5 V        ; --                        ; Fitter               ; no        ;
; key[15]      ; AH8   ; 3        ; 20           ; 0            ; 21           ; 4                     ; 0                  ; no     ; no             ; no            ; yes             ; no       ; Off          ; 2.5 V        ; --                        ; Fitter               ; no        ;
; key[16]      ; AH14  ; 3        ; 58           ; 0            ; 14           ; 4                     ; 0                  ; no     ; no             ; no            ; yes             ; no       ; Off          ; 2.5 V        ; --                        ; Fitter               ; no        ;
; key[17]      ; AG15  ; 4        ; 58           ; 0            ; 7            ; 4                     ; 0                  ; no     ; no             ; no            ; yes             ; no       ; Off          ; 2.5 V        ; --                        ; Fitter               ; no        ;
; key[18]      ; U28   ; 5        ; 115          ; 28           ; 0            ; 4                     ; 0                  ; no     ; no             ; no            ; yes             ; no       ; Off          ; 2.5 V        ; --                        ; Fitter               ; no        ;
; key[19]      ; Y3    ; 2        ; 0            ; 24           ; 14           ; 4                     ; 0                  ; no     ; no             ; no            ; yes             ; no       ; Off          ; 2.5 V        ; --                        ; Fitter               ; no        ;
; key[1]       ; AD2   ; 2        ; 0            ; 22           ; 21           ; 4                     ; 0                  ; no     ; no             ; no            ; yes             ; no       ; Off          ; 2.5 V        ; --                        ; Fitter               ; no        ;
; key[20]      ; R5    ; 2        ; 0            ; 32           ; 21           ; 4                     ; 0                  ; no     ; no             ; no            ; yes             ; no       ; Off          ; 2.5 V        ; --                        ; Fitter               ; no        ;
; key[21]      ; AB10  ; 3        ; 38           ; 0            ; 7            ; 4                     ; 0                  ; no     ; no             ; no            ; yes             ; no       ; Off          ; 2.5 V        ; --                        ; Fitter               ; no        ;
; key[22]      ; AE11  ; 3        ; 35           ; 0            ; 21           ; 4                     ; 0                  ; no     ; no             ; no            ; yes             ; no       ; Off          ; 2.5 V        ; --                        ; Fitter               ; no        ;
; key[23]      ; Y4    ; 2        ; 0            ; 24           ; 7            ; 4                     ; 0                  ; no     ; no             ; no            ; yes             ; no       ; Off          ; 2.5 V        ; --                        ; Fitter               ; no        ;
; key[24]      ; AD3   ; 2        ; 0            ; 22           ; 14           ; 4                     ; 0                  ; no     ; no             ; no            ; yes             ; no       ; Off          ; 2.5 V        ; --                        ; Fitter               ; no        ;
; key[25]      ; M2    ; 1        ; 0            ; 44           ; 14           ; 4                     ; 0                  ; no     ; no             ; no            ; yes             ; no       ; Off          ; 2.5 V        ; --                        ; Fitter               ; no        ;
; key[26]      ; B6    ; 8        ; 27           ; 73           ; 21           ; 4                     ; 0                  ; no     ; no             ; no            ; yes             ; no       ; Off          ; 2.5 V        ; --                        ; Fitter               ; no        ;
; key[27]      ; B10   ; 8        ; 38           ; 73           ; 7            ; 4                     ; 0                  ; no     ; no             ; no            ; yes             ; no       ; Off          ; 2.5 V        ; --                        ; Fitter               ; no        ;
; key[28]      ; AA10  ; 3        ; 18           ; 0            ; 7            ; 4                     ; 0                  ; no     ; no             ; no            ; yes             ; no       ; Off          ; 2.5 V        ; --                        ; Fitter               ; no        ;
; key[29]      ; T8    ; 2        ; 0            ; 20           ; 14           ; 4                     ; 0                  ; no     ; no             ; no            ; yes             ; no       ; Off          ; 2.5 V        ; --                        ; Fitter               ; no        ;
; key[2]       ; L7    ; 1        ; 0            ; 47           ; 14           ; 4                     ; 0                  ; no     ; no             ; no            ; yes             ; no       ; Off          ; 2.5 V        ; --                        ; Fitter               ; no        ;
; key[30]      ; V2    ; 2        ; 0            ; 28           ; 14           ; 4                     ; 0                  ; no     ; no             ; no            ; yes             ; no       ; Off          ; 2.5 V        ; --                        ; Fitter               ; no        ;
; key[31]      ; R1    ; 2        ; 0            ; 35           ; 7            ; 4                     ; 0                  ; no     ; no             ; no            ; yes             ; no       ; Off          ; 2.5 V        ; --                        ; Fitter               ; no        ;
; key[32]      ; R6    ; 2        ; 0            ; 34           ; 0            ; 4                     ; 0                  ; no     ; no             ; no            ; yes             ; no       ; Off          ; 2.5 V        ; --                        ; Fitter               ; no        ;
; key[33]      ; A11   ; 8        ; 42           ; 73           ; 0            ; 4                     ; 0                  ; no     ; no             ; no            ; yes             ; no       ; Off          ; 2.5 V        ; --                        ; Fitter               ; no        ;
; key[34]      ; N3    ; 1        ; 0            ; 46           ; 21           ; 4                     ; 0                  ; no     ; no             ; no            ; yes             ; no       ; Off          ; 2.5 V        ; --                        ; Fitter               ; no        ;
; key[35]      ; V6    ; 2        ; 0            ; 16           ; 21           ; 4                     ; 0                  ; no     ; no             ; no            ; yes             ; no       ; Off          ; 2.5 V        ; --                        ; Fitter               ; no        ;
; key[36]      ; U4    ; 2        ; 0            ; 34           ; 14           ; 4                     ; 0                  ; no     ; no             ; no            ; yes             ; no       ; Off          ; 2.5 V        ; --                        ; Fitter               ; no        ;
; key[37]      ; L2    ; 1        ; 0            ; 44           ; 0            ; 4                     ; 0                  ; no     ; no             ; no            ; yes             ; no       ; Off          ; 2.5 V        ; --                        ; Fitter               ; no        ;
; key[38]      ; U6    ; 2        ; 0            ; 25           ; 21           ; 4                     ; 0                  ; no     ; no             ; no            ; yes             ; no       ; Off          ; 2.5 V        ; --                        ; Fitter               ; no        ;
; key[39]      ; W7    ; 2        ; 0            ; 12           ; 21           ; 4                     ; 0                  ; no     ; no             ; no            ; yes             ; no       ; Off          ; 2.5 V        ; --                        ; Fitter               ; no        ;
; key[3]       ; AA3   ; 2        ; 0            ; 19           ; 7            ; 4                     ; 0                  ; no     ; no             ; no            ; yes             ; no       ; Off          ; 2.5 V        ; --                        ; Fitter               ; no        ;
; key[40]      ; E11   ; 8        ; 31           ; 73           ; 0            ; 4                     ; 0                  ; no     ; no             ; no            ; yes             ; no       ; Off          ; 2.5 V        ; --                        ; Fitter               ; no        ;
; key[41]      ; R4    ; 2        ; 0            ; 33           ; 14           ; 4                     ; 0                  ; no     ; no             ; no            ; yes             ; no       ; Off          ; 2.5 V        ; --                        ; Fitter               ; no        ;
; key[42]      ; C11   ; 8        ; 23           ; 73           ; 0            ; 4                     ; 0                  ; no     ; no             ; no            ; yes             ; no       ; Off          ; 2.5 V        ; --                        ; Fitter               ; no        ;
; key[43]      ; AC12  ; 3        ; 45           ; 0            ; 21           ; 4                     ; 0                  ; no     ; no             ; no            ; yes             ; no       ; Off          ; 2.5 V        ; --                        ; Fitter               ; no        ;
; key[44]      ; AC8   ; 3        ; 18           ; 0            ; 21           ; 4                     ; 0                  ; no     ; no             ; no            ; yes             ; no       ; Off          ; 2.5 V        ; --                        ; Fitter               ; no        ;
; key[45]      ; AC1   ; 2        ; 0            ; 23           ; 14           ; 4                     ; 0                  ; no     ; no             ; no            ; yes             ; no       ; Off          ; 2.5 V        ; --                        ; Fitter               ; no        ;
; key[46]      ; AD11  ; 3        ; 49           ; 0            ; 0            ; 4                     ; 0                  ; no     ; no             ; no            ; yes             ; no       ; Off          ; 2.5 V        ; --                        ; Fitter               ; no        ;
; key[47]      ; D9    ; 8        ; 23           ; 73           ; 21           ; 4                     ; 0                  ; no     ; no             ; no            ; yes             ; no       ; Off          ; 2.5 V        ; --                        ; Fitter               ; no        ;
; key[48]      ; AG7   ; 3        ; 16           ; 0            ; 21           ; 4                     ; 0                  ; no     ; no             ; no            ; yes             ; no       ; Off          ; 2.5 V        ; --                        ; Fitter               ; no        ;
; key[49]      ; AH7   ; 3        ; 16           ; 0            ; 7            ; 4                     ; 0                  ; no     ; no             ; no            ; yes             ; no       ; Off          ; 2.5 V        ; --                        ; Fitter               ; no        ;
; key[4]       ; A7    ; 8        ; 29           ; 73           ; 0            ; 4                     ; 0                  ; no     ; no             ; no            ; yes             ; no       ; Off          ; 2.5 V        ; --                        ; Fitter               ; no        ;
; key[50]      ; D10   ; 8        ; 35           ; 73           ; 21           ; 4                     ; 0                  ; no     ; no             ; no            ; yes             ; no       ; Off          ; 2.5 V        ; --                        ; Fitter               ; no        ;
; key[51]      ; V1    ; 2        ; 0            ; 28           ; 21           ; 4                     ; 0                  ; no     ; no             ; no            ; yes             ; no       ; Off          ; 2.5 V        ; --                        ; Fitter               ; no        ;
; key[52]      ; AF10  ; 3        ; 29           ; 0            ; 14           ; 4                     ; 0                  ; no     ; no             ; no            ; yes             ; no       ; Off          ; 2.5 V        ; --                        ; Fitter               ; no        ;
; key[53]      ; AG11  ; 3        ; 40           ; 0            ; 21           ; 4                     ; 0                  ; no     ; no             ; no            ; yes             ; no       ; Off          ; 2.5 V        ; --                        ; Fitter               ; no        ;
; key[54]      ; E12   ; 8        ; 33           ; 73           ; 0            ; 4                     ; 0                  ; no     ; no             ; no            ; yes             ; no       ; Off          ; 2.5 V        ; --                        ; Fitter               ; no        ;
; key[55]      ; AD8   ; 3        ; 9            ; 0            ; 7            ; 4                     ; 0                  ; no     ; no             ; no            ; yes             ; no       ; Off          ; 2.5 V        ; --                        ; Fitter               ; no        ;
; key[56]      ; AB8   ; 3        ; 11           ; 0            ; 0            ; 4                     ; 0                  ; no     ; no             ; no            ; yes             ; no       ; Off          ; 2.5 V        ; --                        ; Fitter               ; no        ;
; key[57]      ; H13   ; 8        ; 38           ; 73           ; 21           ; 4                     ; 0                  ; no     ; no             ; no            ; yes             ; no       ; Off          ; 2.5 V        ; --                        ; Fitter               ; no        ;
; key[58]      ; L8    ; 1        ; 0            ; 48           ; 7            ; 4                     ; 0                  ; no     ; no             ; no            ; yes             ; no       ; Off          ; 2.5 V        ; --                        ; Fitter               ; no        ;
; key[59]      ; AB9   ; 3        ; 11           ; 0            ; 7            ; 4                     ; 0                  ; no     ; no             ; no            ; yes             ; no       ; Off          ; 2.5 V        ; --                        ; Fitter               ; no        ;
; key[5]       ; AE7   ; 3        ; 20           ; 0            ; 14           ; 4                     ; 0                  ; no     ; no             ; no            ; yes             ; no       ; Off          ; 2.5 V        ; --                        ; Fitter               ; no        ;
; key[60]      ; H10   ; 8        ; 20           ; 73           ; 14           ; 4                     ; 0                  ; no     ; no             ; no            ; yes             ; no       ; Off          ; 2.5 V        ; --                        ; Fitter               ; no        ;
; key[61]      ; AG6   ; 3        ; 11           ; 0            ; 21           ; 4                     ; 0                  ; no     ; no             ; no            ; yes             ; no       ; Off          ; 2.5 V        ; --                        ; Fitter               ; no        ;
; key[62]      ; AC2   ; 2        ; 0            ; 24           ; 21           ; 4                     ; 0                  ; no     ; no             ; no            ; yes             ; no       ; Off          ; 2.5 V        ; --                        ; Fitter               ; no        ;
; key[63]      ; R2    ; 2        ; 0            ; 35           ; 0            ; 4                     ; 0                  ; no     ; no             ; no            ; yes             ; no       ; Off          ; 2.5 V        ; --                        ; Fitter               ; no        ;
; key[64]      ; P1    ; 1        ; 0            ; 42           ; 0            ; 4                     ; 0                  ; no     ; no             ; no            ; yes             ; no       ; Off          ; 2.5 V        ; --                        ; Fitter               ; no        ;
; key[65]      ; K7    ; 1        ; 0            ; 49           ; 7            ; 4                     ; 0                  ; no     ; no             ; no            ; yes             ; no       ; Off          ; 2.5 V        ; --                        ; Fitter               ; no        ;
; key[66]      ; M5    ; 1        ; 0            ; 47           ; 0            ; 4                     ; 0                  ; no     ; no             ; no            ; yes             ; no       ; Off          ; 2.5 V        ; --                        ; Fitter               ; no        ;
; key[67]      ; J6    ; 1        ; 0            ; 50           ; 14           ; 4                     ; 0                  ; no     ; no             ; no            ; yes             ; no       ; Off          ; 2.5 V        ; --                        ; Fitter               ; no        ;
; key[68]      ; AB1   ; 2        ; 0            ; 27           ; 21           ; 4                     ; 0                  ; no     ; no             ; no            ; yes             ; no       ; Off          ; 2.5 V        ; --                        ; Fitter               ; no        ;
; key[69]      ; AE9   ; 3        ; 27           ; 0            ; 21           ; 4                     ; 0                  ; no     ; no             ; no            ; yes             ; no       ; Off          ; 2.5 V        ; --                        ; Fitter               ; no        ;
; key[6]       ; J7    ; 1        ; 0            ; 49           ; 0            ; 4                     ; 0                  ; no     ; no             ; no            ; yes             ; no       ; Off          ; 2.5 V        ; --                        ; Fitter               ; no        ;
; key[70]      ; J5    ; 1        ; 0            ; 50           ; 21           ; 4                     ; 0                  ; no     ; no             ; no            ; yes             ; no       ; Off          ; 2.5 V        ; --                        ; Fitter               ; no        ;
; key[71]      ; G12   ; 8        ; 27           ; 73           ; 7            ; 4                     ; 0                  ; no     ; no             ; no            ; yes             ; no       ; Off          ; 2.5 V        ; --                        ; Fitter               ; no        ;
; key[72]      ; AG10  ; 3        ; 31           ; 0            ; 7            ; 4                     ; 0                  ; no     ; no             ; no            ; yes             ; no       ; Off          ; 2.5 V        ; --                        ; Fitter               ; no        ;
; key[73]      ; F12   ; 8        ; 33           ; 73           ; 7            ; 4                     ; 0                  ; no     ; no             ; no            ; yes             ; no       ; Off          ; 2.5 V        ; --                        ; Fitter               ; no        ;
; key[74]      ; U27   ; 5        ; 115          ; 29           ; 7            ; 4                     ; 0                  ; no     ; no             ; no            ; yes             ; no       ; Off          ; 2.5 V        ; --                        ; Fitter               ; no        ;
; key[75]      ; AF14  ; 3        ; 49           ; 0            ; 14           ; 4                     ; 0                  ; no     ; no             ; no            ; yes             ; no       ; Off          ; 2.5 V        ; --                        ; Fitter               ; no        ;
; key[76]      ; M1    ; 1        ; 0            ; 44           ; 21           ; 4                     ; 0                  ; no     ; no             ; no            ; yes             ; no       ; Off          ; 2.5 V        ; --                        ; Fitter               ; no        ;
; key[77]      ; AA8   ; 3        ; 18           ; 0            ; 14           ; 4                     ; 0                  ; no     ; no             ; no            ; yes             ; no       ; Off          ; 2.5 V        ; --                        ; Fitter               ; no        ;
; key[78]      ; AE13  ; 3        ; 42           ; 0            ; 21           ; 4                     ; 0                  ; no     ; no             ; no            ; yes             ; no       ; Off          ; 2.5 V        ; --                        ; Fitter               ; no        ;
; key[79]      ; AF7   ; 3        ; 20           ; 0            ; 7            ; 4                     ; 0                  ; no     ; no             ; no            ; yes             ; no       ; Off          ; 2.5 V        ; --                        ; Fitter               ; no        ;
; key[7]       ; C10   ; 8        ; 35           ; 73           ; 14           ; 4                     ; 0                  ; no     ; no             ; no            ; yes             ; no       ; Off          ; 2.5 V        ; --                        ; Fitter               ; no        ;
; key[80]      ; AC3   ; 2        ; 0            ; 23           ; 21           ; 4                     ; 0                  ; no     ; no             ; no            ; yes             ; no       ; Off          ; 2.5 V        ; --                        ; Fitter               ; no        ;
; key[81]      ; B7    ; 8        ; 29           ; 73           ; 7            ; 4                     ; 0                  ; no     ; no             ; no            ; yes             ; no       ; Off          ; 2.5 V        ; --                        ; Fitter               ; no        ;
; key[82]      ; AH15  ; 4        ; 58           ; 0            ; 0            ; 4                     ; 0                  ; no     ; no             ; no            ; yes             ; no       ; Off          ; 2.5 V        ; --                        ; Fitter               ; no        ;
; key[83]      ; AF9   ; 3        ; 20           ; 0            ; 0            ; 4                     ; 0                  ; no     ; no             ; no            ; yes             ; no       ; Off          ; 2.5 V        ; --                        ; Fitter               ; no        ;
; key[84]      ; T3    ; 2        ; 0            ; 32           ; 14           ; 4                     ; 0                  ; no     ; no             ; no            ; yes             ; no       ; Off          ; 2.5 V        ; --                        ; Fitter               ; no        ;
; key[85]      ; AB12  ; 3        ; 45           ; 0            ; 14           ; 4                     ; 0                  ; no     ; no             ; no            ; yes             ; no       ; Off          ; 2.5 V        ; --                        ; Fitter               ; no        ;
; key[86]      ; AF13  ; 3        ; 42           ; 0            ; 14           ; 4                     ; 0                  ; no     ; no             ; no            ; yes             ; no       ; Off          ; 2.5 V        ; --                        ; Fitter               ; no        ;
; key[87]      ; AH11  ; 3        ; 40           ; 0            ; 14           ; 4                     ; 0                  ; no     ; no             ; no            ; yes             ; no       ; Off          ; 2.5 V        ; --                        ; Fitter               ; no        ;
; key[88]      ; AB7   ; 3        ; 16           ; 0            ; 0            ; 4                     ; 0                  ; no     ; no             ; no            ; yes             ; no       ; Off          ; 2.5 V        ; --                        ; Fitter               ; no        ;
; key[89]      ; U7    ; 2        ; 0            ; 18           ; 14           ; 4                     ; 0                  ; no     ; no             ; no            ; yes             ; no       ; Off          ; 2.5 V        ; --                        ; Fitter               ; no        ;
; key[8]       ; V3    ; 2        ; 0            ; 29           ; 21           ; 4                     ; 0                  ; no     ; no             ; no            ; yes             ; no       ; Off          ; 2.5 V        ; --                        ; Fitter               ; no        ;
; key[90]      ; J13   ; 8        ; 40           ; 73           ; 0            ; 4                     ; 0                  ; no     ; no             ; no            ; yes             ; no       ; Off          ; 2.5 V        ; --                        ; Fitter               ; no        ;
; key[91]      ; L1    ; 1        ; 0            ; 44           ; 7            ; 4                     ; 0                  ; no     ; no             ; no            ; yes             ; no       ; Off          ; 2.5 V        ; --                        ; Fitter               ; no        ;
; key[92]      ; AB2   ; 2        ; 0            ; 27           ; 14           ; 4                     ; 0                  ; no     ; no             ; no            ; yes             ; no       ; Off          ; 2.5 V        ; --                        ; Fitter               ; no        ;
; key[93]      ; AF8   ; 3        ; 23           ; 0            ; 14           ; 4                     ; 0                  ; no     ; no             ; no            ; yes             ; no       ; Off          ; 2.5 V        ; --                        ; Fitter               ; no        ;
; key[94]      ; AE12  ; 3        ; 33           ; 0            ; 7            ; 4                     ; 0                  ; no     ; no             ; no            ; yes             ; no       ; Off          ; 2.5 V        ; --                        ; Fitter               ; no        ;
; key[95]      ; P2    ; 1        ; 0            ; 43           ; 14           ; 4                     ; 0                  ; no     ; no             ; no            ; yes             ; no       ; Off          ; 2.5 V        ; --                        ; Fitter               ; no        ;
; key[96]      ; U3    ; 2        ; 0            ; 34           ; 7            ; 4                     ; 0                  ; no     ; no             ; no            ; yes             ; no       ; Off          ; 2.5 V        ; --                        ; Fitter               ; no        ;
; key[97]      ; A12   ; 8        ; 47           ; 73           ; 0            ; 4                     ; 0                  ; no     ; no             ; no            ; yes             ; no       ; Off          ; 2.5 V        ; --                        ; Fitter               ; no        ;
; key[98]      ; M7    ; 1        ; 0            ; 45           ; 21           ; 4                     ; 0                  ; no     ; no             ; no            ; yes             ; no       ; Off          ; 2.5 V        ; --                        ; Fitter               ; no        ;
; key[99]      ; AE2   ; 2        ; 0            ; 17           ; 14           ; 4                     ; 0                  ; no     ; no             ; no            ; yes             ; no       ; Off          ; 2.5 V        ; --                        ; Fitter               ; no        ;
; key[9]       ; V4    ; 2        ; 0            ; 29           ; 14           ; 4                     ; 0                  ; no     ; no             ; no            ; yes             ; no       ; Off          ; 2.5 V        ; --                        ; Fitter               ; no        ;
; rst          ; Y15   ; 3        ; 56           ; 0            ; 0            ; 166                   ; 0                  ; no     ; no             ; no            ; yes             ; no       ; Off          ; 2.5 V        ; --                        ; Fitter               ; no        ;
; start        ; G14   ; 8        ; 47           ; 73           ; 14           ; 3                     ; 0                  ; no     ; no             ; no            ; yes             ; no       ; Off          ; 2.5 V        ; --                        ; Fitter               ; no        ;
+--------------+-------+----------+--------------+--------------+--------------+-----------------------+--------------------+--------+----------------+---------------+-----------------+----------+--------------+--------------+---------------------------+----------------------+-----------+


+----------------------------------------------------------------------------------------------------------------------------------------------------------------------------------------------------------------------------------------------------------------------------------------------------------------------------------------------------------------------------------------------------------------------------------------------------------------+
; Output Pins                                                                                                                                                                                                                                                                                                                                                                                                                                                    ;
+---------------+-------+----------+--------------+--------------+--------------+-----------------+------------------------+---------------+-----------+-----------------+------------+---------------+----------+--------------+--------------+------------------+-----------------------------------+---------------------------+----------------------------+-----------------------------+----------------------+----------------------+---------------------+
; Name          ; Pin # ; I/O Bank ; X coordinate ; Y coordinate ; Z coordinate ; Output Register ; Output Enable Register ; Power Up High ; Slew Rate ; PCI I/O Enabled ; Open Drain ; TRI Primitive ; Bus Hold ; Weak Pull Up ; I/O Standard ; Current Strength ; Termination                       ; Termination Control Block ; Output Buffer Pre-emphasis ; Voltage Output Differential ; Location assigned by ; Output Enable Source ; Output Enable Group ;
+---------------+-------+----------+--------------+--------------+--------------+-----------------+------------------------+---------------+-----------+-----------------+------------+---------------+----------+--------------+--------------+------------------+-----------------------------------+---------------------------+----------------------------+-----------------------------+----------------------+----------------------+---------------------+
; block_out[0]  ; H16   ; 7        ; 65           ; 73           ; 21           ; no              ; no                     ; no            ; 2         ; no              ; no         ; no            ; no       ; Off          ; 2.5 V        ; Default          ; Series 50 Ohm without Calibration ; --                        ; no                         ; no                          ; Fitter               ; -                    ; -                   ;
; block_out[10] ; D16   ; 7        ; 62           ; 73           ; 21           ; no              ; no                     ; no            ; 2         ; no              ; no         ; no            ; no       ; Off          ; 2.5 V        ; Default          ; Series 50 Ohm without Calibration ; --                        ; no                         ; no                          ; Fitter               ; -                    ; -                   ;
; block_out[11] ; C15   ; 7        ; 58           ; 73           ; 14           ; no              ; no                     ; no            ; 2         ; no              ; no         ; no            ; no       ; Off          ; 2.5 V        ; Default          ; Series 50 Ohm without Calibration ; --                        ; no                         ; no                          ; Fitter               ; -                    ; -                   ;
; block_out[12] ; R22   ; 5        ; 115          ; 36           ; 14           ; no              ; no                     ; no            ; 2         ; no              ; no         ; no            ; no       ; Off          ; 2.5 V        ; Default          ; Series 50 Ohm without Calibration ; --                        ; no                         ; no                          ; Fitter               ; -                    ; -                   ;
; block_out[13] ; AC19  ; 4        ; 94           ; 0            ; 7            ; no              ; no                     ; no            ; 2         ; no              ; no         ; no            ; no       ; Off          ; 2.5 V        ; Default          ; Series 50 Ohm without Calibration ; --                        ; no                         ; no                          ; Fitter               ; -                    ; -                   ;
; block_out[14] ; J15   ; 7        ; 60           ; 73           ; 21           ; no              ; no                     ; no            ; 2         ; no              ; no         ; no            ; no       ; Off          ; 2.5 V        ; Default          ; Series 50 Ohm without Calibration ; --                        ; no                         ; no                          ; Fitter               ; -                    ; -                   ;
; block_out[15] ; H15   ; 7        ; 60           ; 73           ; 14           ; no              ; no                     ; no            ; 2         ; no              ; no         ; no            ; no       ; Off          ; 2.5 V        ; Default          ; Series 50 Ohm without Calibration ; --                        ; no                         ; no                          ; Fitter               ; -                    ; -                   ;
; block_out[16] ; F17   ; 7        ; 67           ; 73           ; 14           ; no              ; no                     ; no            ; 2         ; no              ; no         ; no            ; no       ; Off          ; 2.5 V        ; Default          ; Series 50 Ohm without Calibration ; --                        ; no                         ; no                          ; Fitter               ; -                    ; -                   ;
; block_out[17] ; D19   ; 7        ; 83           ; 73           ; 14           ; no              ; no                     ; no            ; 2         ; no              ; no         ; no            ; no       ; Off          ; 2.5 V        ; Default          ; Series 50 Ohm without Calibration ; --                        ; no                         ; no                          ; Fitter               ; -                    ; -                   ;
; block_out[18] ; A18   ; 7        ; 79           ; 73           ; 0            ; no              ; no                     ; no            ; 2         ; no              ; no         ; no            ; no       ; Off          ; 2.5 V        ; Default          ; Series 50 Ohm without Calibration ; --                        ; no                         ; no                          ; Fitter               ; -                    ; -                   ;
; block_out[19] ; L6    ; 1        ; 0            ; 47           ; 21           ; no              ; no                     ; no            ; 2         ; no              ; no         ; no            ; no       ; Off          ; 2.5 V        ; Default          ; Series 50 Ohm without Calibration ; --                        ; no                         ; no                          ; Fitter               ; -                    ; -                   ;
; block_out[1]  ; G21   ; 7        ; 74           ; 73           ; 21           ; no              ; no                     ; no            ; 2         ; no              ; no         ; no            ; no       ; Off          ; 2.5 V        ; Default          ; Series 50 Ohm without Calibration ; --                        ; no                         ; no                          ; Fitter               ; -                    ; -                   ;
; block_out[20] ; AF25  ; 4        ; 83           ; 0            ; 0            ; no              ; no                     ; no            ; 2         ; no              ; no         ; no            ; no       ; Off          ; 2.5 V        ; Default          ; Series 50 Ohm without Calibration ; --                        ; no                         ; no                          ; Fitter               ; -                    ; -                   ;
; block_out[21] ; C12   ; 8        ; 52           ; 73           ; 14           ; no              ; no                     ; no            ; 2         ; no              ; no         ; no            ; no       ; Off          ; 2.5 V        ; Default          ; Series 50 Ohm without Calibration ; --                        ; no                         ; no                          ; Fitter               ; -                    ; -                   ;
; block_out[22] ; AF20  ; 4        ; 85           ; 0            ; 14           ; no              ; no                     ; no            ; 2         ; no              ; no         ; no            ; no       ; Off          ; 2.5 V        ; Default          ; Series 50 Ohm without Calibration ; --                        ; no                         ; no                          ; Fitter               ; -                    ; -                   ;
; block_out[23] ; C16   ; 7        ; 62           ; 73           ; 14           ; no              ; no                     ; no            ; 2         ; no              ; no         ; no            ; no       ; Off          ; 2.5 V        ; Default          ; Series 50 Ohm without Calibration ; --                        ; no                         ; no                          ; Fitter               ; -                    ; -                   ;
; block_out[24] ; AF18  ; 4        ; 79           ; 0            ; 14           ; no              ; no                     ; no            ; 2         ; no              ; no         ; no            ; no       ; Off          ; 2.5 V        ; Default          ; Series 50 Ohm without Calibration ; --                        ; no                         ; no                          ; Fitter               ; -                    ; -                   ;
; block_out[25] ; AC18  ; 4        ; 87           ; 0            ; 14           ; no              ; no                     ; no            ; 2         ; no              ; no         ; no            ; no       ; Off          ; 2.5 V        ; Default          ; Series 50 Ohm without Calibration ; --                        ; no                         ; no                          ; Fitter               ; -                    ; -                   ;
; block_out[26] ; E17   ; 7        ; 67           ; 73           ; 21           ; no              ; no                     ; no            ; 2         ; no              ; no         ; no            ; no       ; Off          ; 2.5 V        ; Default          ; Series 50 Ohm without Calibration ; --                        ; no                         ; no                          ; Fitter               ; -                    ; -                   ;
; block_out[27] ; G22   ; 7        ; 72           ; 73           ; 21           ; no              ; no                     ; no            ; 2         ; no              ; no         ; no            ; no       ; Off          ; 2.5 V        ; Default          ; Series 50 Ohm without Calibration ; --                        ; no                         ; no                          ; Fitter               ; -                    ; -                   ;
; block_out[28] ; M8    ; 1        ; 0            ; 45           ; 14           ; no              ; no                     ; no            ; 2         ; no              ; no         ; no            ; no       ; Off          ; 2.5 V        ; Default          ; Series 50 Ohm without Calibration ; --                        ; no                         ; no                          ; Fitter               ; -                    ; -                   ;
; block_out[29] ; L3    ; 1        ; 0            ; 52           ; 14           ; no              ; no                     ; no            ; 2         ; no              ; no         ; no            ; no       ; Off          ; 2.5 V        ; Default          ; Series 50 Ohm without Calibration ; --                        ; no                         ; no                          ; Fitter               ; -                    ; -                   ;
; block_out[2]  ; AB14  ; 3        ; 54           ; 0            ; 14           ; no              ; no                     ; no            ; 2         ; no              ; no         ; no            ; no       ; Off          ; 2.5 V        ; Default          ; Series 50 Ohm without Calibration ; --                        ; no                         ; no                          ; Fitter               ; -                    ; -                   ;
; block_out[30] ; AE20  ; 4        ; 85           ; 0            ; 21           ; no              ; no                     ; no            ; 2         ; no              ; no         ; no            ; no       ; Off          ; 2.5 V        ; Default          ; Series 50 Ohm without Calibration ; --                        ; no                         ; no                          ; Fitter               ; -                    ; -                   ;
; block_out[31] ; R7    ; 2        ; 0            ; 35           ; 14           ; no              ; no                     ; no            ; 2         ; no              ; no         ; no            ; no       ; Off          ; 2.5 V        ; Default          ; Series 50 Ohm without Calibration ; --                        ; no                         ; no                          ; Fitter               ; -                    ; -                   ;
; block_out[32] ; U2    ; 2        ; 0            ; 30           ; 0            ; no              ; no                     ; no            ; 2         ; no              ; no         ; no            ; no       ; Off          ; 2.5 V        ; Default          ; Series 50 Ohm without Calibration ; --                        ; no                         ; no                          ; Fitter               ; -                    ; -                   ;
; block_out[33] ; W22   ; 5        ; 115          ; 30           ; 0            ; no              ; no                     ; no            ; 2         ; no              ; no         ; no            ; no       ; Off          ; 2.5 V        ; Default          ; Series 50 Ohm without Calibration ; --                        ; no                         ; no                          ; Fitter               ; -                    ; -                   ;
; block_out[34] ; F14   ; 8        ; 45           ; 73           ; 0            ; no              ; no                     ; no            ; 2         ; no              ; no         ; no            ; no       ; Off          ; 2.5 V        ; Default          ; Series 50 Ohm without Calibration ; --                        ; no                         ; no                          ; Fitter               ; -                    ; -                   ;
; block_out[35] ; H21   ; 7        ; 72           ; 73           ; 14           ; no              ; no                     ; no            ; 2         ; no              ; no         ; no            ; no       ; Off          ; 2.5 V        ; Default          ; Series 50 Ohm without Calibration ; --                        ; no                         ; no                          ; Fitter               ; -                    ; -                   ;
; block_out[36] ; AE15  ; 4        ; 60           ; 0            ; 7            ; no              ; no                     ; no            ; 2         ; no              ; no         ; no            ; no       ; Off          ; 2.5 V        ; Default          ; Series 50 Ohm without Calibration ; --                        ; no                         ; no                          ; Fitter               ; -                    ; -                   ;
; block_out[37] ; AA17  ; 4        ; 89           ; 0            ; 21           ; no              ; no                     ; no            ; 2         ; no              ; no         ; no            ; no       ; Off          ; 2.5 V        ; Default          ; Series 50 Ohm without Calibration ; --                        ; no                         ; no                          ; Fitter               ; -                    ; -                   ;
; block_out[38] ; AB3   ; 2        ; 0            ; 21           ; 21           ; no              ; no                     ; no            ; 2         ; no              ; no         ; no            ; no       ; Off          ; 2.5 V        ; Default          ; Series 50 Ohm without Calibration ; --                        ; no                         ; no                          ; Fitter               ; -                    ; -                   ;
; block_out[39] ; AA12  ; 3        ; 52           ; 0            ; 14           ; no              ; no                     ; no            ; 2         ; no              ; no         ; no            ; no       ; Off          ; 2.5 V        ; Default          ; Series 50 Ohm without Calibration ; --                        ; no                         ; no                          ; Fitter               ; -                    ; -                   ;
; block_out[3]  ; AG17  ; 4        ; 62           ; 0            ; 21           ; no              ; no                     ; no            ; 2         ; no              ; no         ; no            ; no       ; Off          ; 2.5 V        ; Default          ; Series 50 Ohm without Calibration ; --                        ; no                         ; no                          ; Fitter               ; -                    ; -                   ;
; block_out[40] ; AB17  ; 4        ; 89           ; 0            ; 14           ; no              ; no                     ; no            ; 2         ; no              ; no         ; no            ; no       ; Off          ; 2.5 V        ; Default          ; Series 50 Ohm without Calibration ; --                        ; no                         ; no                          ; Fitter               ; -                    ; -                   ;
; block_out[41] ; W2    ; 2        ; 0            ; 26           ; 14           ; no              ; no                     ; no            ; 2         ; no              ; no         ; no            ; no       ; Off          ; 2.5 V        ; Default          ; Series 50 Ohm without Calibration ; --                        ; no                         ; no                          ; Fitter               ; -                    ; -                   ;
; block_out[42] ; AG19  ; 4        ; 72           ; 0            ; 7            ; no              ; no                     ; no            ; 2         ; no              ; no         ; no            ; no       ; Off          ; 2.5 V        ; Default          ; Series 50 Ohm without Calibration ; --                        ; no                         ; no                          ; Fitter               ; -                    ; -                   ;
; block_out[43] ; AE14  ; 3        ; 49           ; 0            ; 21           ; no              ; no                     ; no            ; 2         ; no              ; no         ; no            ; no       ; Off          ; 2.5 V        ; Default          ; Series 50 Ohm without Calibration ; --                        ; no                         ; no                          ; Fitter               ; -                    ; -                   ;
; block_out[44] ; B18   ; 7        ; 79           ; 73           ; 7            ; no              ; no                     ; no            ; 2         ; no              ; no         ; no            ; no       ; Off          ; 2.5 V        ; Default          ; Series 50 Ohm without Calibration ; --                        ; no                         ; no                          ; Fitter               ; -                    ; -                   ;
; block_out[45] ; AH19  ; 4        ; 72           ; 0            ; 0            ; no              ; no                     ; no            ; 2         ; no              ; no         ; no            ; no       ; Off          ; 2.5 V        ; Default          ; Series 50 Ohm without Calibration ; --                        ; no                         ; no                          ; Fitter               ; -                    ; -                   ;
; block_out[46] ; G18   ; 7        ; 69           ; 73           ; 21           ; no              ; no                     ; no            ; 2         ; no              ; no         ; no            ; no       ; Off          ; 2.5 V        ; Default          ; Series 50 Ohm without Calibration ; --                        ; no                         ; no                          ; Fitter               ; -                    ; -                   ;
; block_out[47] ; AF16  ; 4        ; 65           ; 0            ; 14           ; no              ; no                     ; no            ; 2         ; no              ; no         ; no            ; no       ; Off          ; 2.5 V        ; Default          ; Series 50 Ohm without Calibration ; --                        ; no                         ; no                          ; Fitter               ; -                    ; -                   ;
; block_out[48] ; AH4   ; 3        ; 9            ; 0            ; 14           ; no              ; no                     ; no            ; 2         ; no              ; no         ; no            ; no       ; Off          ; 2.5 V        ; Default          ; Series 50 Ohm without Calibration ; --                        ; no                         ; no                          ; Fitter               ; -                    ; -                   ;
; block_out[49] ; AE10  ; 3        ; 29           ; 0            ; 21           ; no              ; no                     ; no            ; 2         ; no              ; no         ; no            ; no       ; Off          ; 2.5 V        ; Default          ; Series 50 Ohm without Calibration ; --                        ; no                         ; no                          ; Fitter               ; -                    ; -                   ;
; block_out[4]  ; AA15  ; 4        ; 67           ; 0            ; 21           ; no              ; no                     ; no            ; 2         ; no              ; no         ; no            ; no       ; Off          ; 2.5 V        ; Default          ; Series 50 Ohm without Calibration ; --                        ; no                         ; no                          ; Fitter               ; -                    ; -                   ;
; block_out[50] ; AC11  ; 3        ; 49           ; 0            ; 7            ; no              ; no                     ; no            ; 2         ; no              ; no         ; no            ; no       ; Off          ; 2.5 V        ; Default          ; Series 50 Ohm without Calibration ; --                        ; no                         ; no                          ; Fitter               ; -                    ; -                   ;
; block_out[51] ; AD17  ; 4        ; 74           ; 0            ; 14           ; no              ; no                     ; no            ; 2         ; no              ; no         ; no            ; no       ; Off          ; 2.5 V        ; Default          ; Series 50 Ohm without Calibration ; --                        ; no                         ; no                          ; Fitter               ; -                    ; -                   ;
; block_out[52] ; AB15  ; 4        ; 67           ; 0            ; 14           ; no              ; no                     ; no            ; 2         ; no              ; no         ; no            ; no       ; Off          ; 2.5 V        ; Default          ; Series 50 Ohm without Calibration ; --                        ; no                         ; no                          ; Fitter               ; -                    ; -                   ;
; block_out[53] ; AE16  ; 4        ; 65           ; 0            ; 21           ; no              ; no                     ; no            ; 2         ; no              ; no         ; no            ; no       ; Off          ; 2.5 V        ; Default          ; Series 50 Ohm without Calibration ; --                        ; no                         ; no                          ; Fitter               ; -                    ; -                   ;
; block_out[54] ; AE22  ; 4        ; 96           ; 0            ; 7            ; no              ; no                     ; no            ; 2         ; no              ; no         ; no            ; no       ; Off          ; 2.5 V        ; Default          ; Series 50 Ohm without Calibration ; --                        ; no                         ; no                          ; Fitter               ; -                    ; -                   ;
; block_out[55] ; Y22   ; 5        ; 115          ; 30           ; 7            ; no              ; no                     ; no            ; 2         ; no              ; no         ; no            ; no       ; Off          ; 2.5 V        ; Default          ; Series 50 Ohm without Calibration ; --                        ; no                         ; no                          ; Fitter               ; -                    ; -                   ;
; block_out[56] ; T7    ; 2        ; 0            ; 31           ; 14           ; no              ; no                     ; no            ; 2         ; no              ; no         ; no            ; no       ; Off          ; 2.5 V        ; Default          ; Series 50 Ohm without Calibration ; --                        ; no                         ; no                          ; Fitter               ; -                    ; -                   ;
; block_out[57] ; AA4   ; 2        ; 0            ; 19           ; 0            ; no              ; no                     ; no            ; 2         ; no              ; no         ; no            ; no       ; Off          ; 2.5 V        ; Default          ; Series 50 Ohm without Calibration ; --                        ; no                         ; no                          ; Fitter               ; -                    ; -                   ;
; block_out[58] ; AH17  ; 4        ; 62           ; 0            ; 14           ; no              ; no                     ; no            ; 2         ; no              ; no         ; no            ; no       ; Off          ; 2.5 V        ; Default          ; Series 50 Ohm without Calibration ; --                        ; no                         ; no                          ; Fitter               ; -                    ; -                   ;
; block_out[59] ; AH23  ; 4        ; 81           ; 0            ; 14           ; no              ; no                     ; no            ; 2         ; no              ; no         ; no            ; no       ; Off          ; 2.5 V        ; Default          ; Series 50 Ohm without Calibration ; --                        ; no                         ; no                          ; Fitter               ; -                    ; -                   ;
; block_out[5]  ; R21   ; 5        ; 115          ; 36           ; 7            ; no              ; no                     ; no            ; 2         ; no              ; no         ; no            ; no       ; Off          ; 2.5 V        ; Default          ; Series 50 Ohm without Calibration ; --                        ; no                         ; no                          ; Fitter               ; -                    ; -                   ;
; block_out[60] ; AD15  ; 4        ; 60           ; 0            ; 14           ; no              ; no                     ; no            ; 2         ; no              ; no         ; no            ; no       ; Off          ; 2.5 V        ; Default          ; Series 50 Ohm without Calibration ; --                        ; no                         ; no                          ; Fitter               ; -                    ; -                   ;
; block_out[61] ; Y13   ; 3        ; 52           ; 0            ; 7            ; no              ; no                     ; no            ; 2         ; no              ; no         ; no            ; no       ; Off          ; 2.5 V        ; Default          ; Series 50 Ohm without Calibration ; --                        ; no                         ; no                          ; Fitter               ; -                    ; -                   ;
; block_out[62] ; AF19  ; 4        ; 83           ; 0            ; 14           ; no              ; no                     ; no            ; 2         ; no              ; no         ; no            ; no       ; Off          ; 2.5 V        ; Default          ; Series 50 Ohm without Calibration ; --                        ; no                         ; no                          ; Fitter               ; -                    ; -                   ;
; block_out[63] ; T26   ; 5        ; 115          ; 31           ; 7            ; no              ; no                     ; no            ; 2         ; no              ; no         ; no            ; no       ; Off          ; 2.5 V        ; Default          ; Series 50 Ohm without Calibration ; --                        ; no                         ; no                          ; Fitter               ; -                    ; -                   ;
; block_out[6]  ; D15   ; 7        ; 58           ; 73           ; 21           ; no              ; no                     ; no            ; 2         ; no              ; no         ; no            ; no       ; Off          ; 2.5 V        ; Default          ; Series 50 Ohm without Calibration ; --                        ; no                         ; no                          ; Fitter               ; -                    ; -                   ;
; block_out[7]  ; D14   ; 8        ; 52           ; 73           ; 7            ; no              ; no                     ; no            ; 2         ; no              ; no         ; no            ; no       ; Off          ; 2.5 V        ; Default          ; Series 50 Ohm without Calibration ; --                        ; no                         ; no                          ; Fitter               ; -                    ; -                   ;
; block_out[8]  ; AF21  ; 4        ; 87           ; 0            ; 21           ; no              ; no                     ; no            ; 2         ; no              ; no         ; no            ; no       ; Off          ; 2.5 V        ; Default          ; Series 50 Ohm without Calibration ; --                        ; no                         ; no                          ; Fitter               ; -                    ; -                   ;
; block_out[9]  ; G20   ; 7        ; 74           ; 73           ; 14           ; no              ; no                     ; no            ; 2         ; no              ; no         ; no            ; no       ; Off          ; 2.5 V        ; Default          ; Series 50 Ohm without Calibration ; --                        ; no                         ; no                          ; Fitter               ; -                    ; -                   ;
; done          ; U1    ; 2        ; 0            ; 30           ; 7            ; no              ; no                     ; no            ; 2         ; no              ; no         ; no            ; no       ; Off          ; 2.5 V        ; Default          ; Series 50 Ohm without Calibration ; --                        ; no                         ; no                          ; Fitter               ; -                    ; -                   ;
+---------------+-------+----------+--------------+--------------+--------------+-----------------+------------------------+---------------+-----------+-----------------+------------+---------------+----------+--------------+--------------+------------------+-----------------------------------+---------------------------+----------------------------+-----------------------------+----------------------+----------------------+---------------------+


+--------------------------------------------------------------------------------------------------------------------------------------+
; Dual Purpose and Dedicated Pins                                                                                                      ;
+----------+------------------------------------------+--------------------------+-------------------------+---------------------------+
; Location ; Pin Name                                 ; Reserved As              ; User Signal Name        ; Pin Type                  ;
+----------+------------------------------------------+--------------------------+-------------------------+---------------------------+
; F4       ; DIFFIO_L5n, DATA1, ASDO                  ; As input tri-stated      ; ~ALTERA_ASDO_DATA1~     ; Dual Purpose Pin          ;
; E2       ; DIFFIO_L8p, FLASH_nCE, nCSO              ; As input tri-stated      ; ~ALTERA_FLASH_nCE_nCSO~ ; Dual Purpose Pin          ;
; M6       ; nSTATUS                                  ; -                        ; -                       ; Dedicated Programming Pin ;
; P3       ; DCLK                                     ; As output driving ground ; ~ALTERA_DCLK~           ; Dual Purpose Pin          ;
; N7       ; DATA0                                    ; As input tri-stated      ; ~ALTERA_DATA0~          ; Dual Purpose Pin          ;
; P4       ; nCONFIG                                  ; -                        ; -                       ; Dedicated Programming Pin ;
; R8       ; nCE                                      ; -                        ; -                       ; Dedicated Programming Pin ;
; T22      ; DIFFIO_R29n, DEV_OE                      ; Use as regular IO        ; block_in[52]            ; Dual Purpose Pin          ;
; T21      ; DIFFIO_R29p, DEV_CLRn                    ; Use as regular IO        ; block_in[49]            ; Dual Purpose Pin          ;
; P24      ; CONF_DONE                                ; -                        ; -                       ; Dedicated Programming Pin ;
; N22      ; MSEL0                                    ; -                        ; -                       ; Dedicated Programming Pin ;
; P23      ; MSEL1                                    ; -                        ; -                       ; Dedicated Programming Pin ;
; M22      ; MSEL2                                    ; -                        ; -                       ; Dedicated Programming Pin ;
; P22      ; MSEL3                                    ; -                        ; -                       ; Dedicated Programming Pin ;
; P28      ; DIFFIO_R23n, nCEO                        ; Use as programming pin   ; ~ALTERA_nCEO~           ; Dual Purpose Pin          ;
; C17      ; DIFFIO_T46n, PADD3                       ; Use as regular IO        ; block_in[24]            ; Dual Purpose Pin          ;
; D17      ; DIFFIO_T46p, PADD4, DQS2T/CQ3T,DPCLK8    ; Use as regular IO        ; block_in[10]            ; Dual Purpose Pin          ;
; A19      ; DIFFIO_T45n, PADD5                       ; Use as regular IO        ; block_in[30]            ; Dual Purpose Pin          ;
; B19      ; DIFFIO_T45p, PADD6                       ; Use as regular IO        ; block_in[2]             ; Dual Purpose Pin          ;
; A18      ; DIFFIO_T44n, PADD7                       ; Use as regular IO        ; block_out[18]           ; Dual Purpose Pin          ;
; B18      ; DIFFIO_T44p, PADD8                       ; Use as regular IO        ; block_out[44]           ; Dual Purpose Pin          ;
; C16      ; DIFFIO_T36n, PADD9                       ; Use as regular IO        ; block_out[23]           ; Dual Purpose Pin          ;
; D16      ; DIFFIO_T36p, PADD10                      ; Use as regular IO        ; block_out[10]           ; Dual Purpose Pin          ;
; A17      ; DIFFIO_T35n, PADD11                      ; Use as regular IO        ; block_in[16]            ; Dual Purpose Pin          ;
; B17      ; DIFFIO_T35p, PADD12, DQS4T/CQ5T,DPCLK9   ; Use as regular IO        ; block_in[15]            ; Dual Purpose Pin          ;
; C15      ; DIFFIO_T32n, PADD13                      ; Use as regular IO        ; block_out[11]           ; Dual Purpose Pin          ;
; D15      ; DIFFIO_T32p, PADD14                      ; Use as regular IO        ; block_out[6]            ; Dual Purpose Pin          ;
; D14      ; DIFFIO_T30p, PADD15                      ; Use as regular IO        ; block_out[7]            ; Dual Purpose Pin          ;
; C12      ; DIFFIO_T29n, PADD16                      ; Use as regular IO        ; block_out[21]           ; Dual Purpose Pin          ;
; D12      ; DIFFIO_T29p, PADD17, DQS5T/CQ5T#,DPCLK10 ; Use as regular IO        ; block_in[40]            ; Dual Purpose Pin          ;
; A11      ; DIFFIO_T25n, DATA2                       ; Use as regular IO        ; key[33]                 ; Dual Purpose Pin          ;
; B11      ; DIFFIO_T25p, DATA3                       ; Use as regular IO        ; key[121]                ; Dual Purpose Pin          ;
; A10      ; DIFFIO_T23n, PADD18                      ; Use as regular IO        ; key[123]                ; Dual Purpose Pin          ;
; B10      ; DIFFIO_T23p, DATA4                       ; Use as regular IO        ; key[27]                 ; Dual Purpose Pin          ;
; G13      ; DIFFIO_T22n, PADD19                      ; Use as regular IO        ; key[114]                ; Dual Purpose Pin          ;
; H13      ; DIFFIO_T22p, DATA15                      ; Use as regular IO        ; key[57]                 ; Dual Purpose Pin          ;
; E12      ; DIFFIO_T20n, DATA14, DQS3T/CQ3T#,DPCLK11 ; Use as regular IO        ; key[54]                 ; Dual Purpose Pin          ;
; F12      ; DIFFIO_T20p, DATA13                      ; Use as regular IO        ; key[73]                 ; Dual Purpose Pin          ;
; B7       ; DIFFIO_T18p, DATA5                       ; Use as regular IO        ; key[81]                 ; Dual Purpose Pin          ;
; B6       ; DIFFIO_T17p, DATA6                       ; Use as regular IO        ; key[26]                 ; Dual Purpose Pin          ;
; C11      ; DIFFIO_T15n, DATA7                       ; Use as regular IO        ; key[42]                 ; Dual Purpose Pin          ;
; D9       ; DIFFIO_T14p, DATA8                       ; Use as regular IO        ; key[47]                 ; Dual Purpose Pin          ;
+----------+------------------------------------------+--------------------------+-------------------------+---------------------------+


+------------------------------------------------------------+
; I/O Bank Usage                                             ;
+----------+------------------+---------------+--------------+
; I/O Bank ; Usage            ; VCCIO Voltage ; VREF Voltage ;
+----------+------------------+---------------+--------------+
; 1        ; 29 / 56 ( 52 % ) ; 2.5V          ; --           ;
; 2        ; 44 / 63 ( 70 % ) ; 2.5V          ; --           ;
; 3        ; 58 / 73 ( 79 % ) ; 2.5V          ; --           ;
; 4        ; 48 / 71 ( 68 % ) ; 2.5V          ; --           ;
; 5        ; 12 / 65 ( 18 % ) ; 2.5V          ; --           ;
; 6        ; 1 / 58 ( 2 % )   ; 2.5V          ; --           ;
; 7        ; 36 / 72 ( 50 % ) ; 2.5V          ; --           ;
; 8        ; 38 / 71 ( 54 % ) ; 2.5V          ; --           ;
+----------+------------------+---------------+--------------+


+-----------------------------------------------------------------------------------------------------------------------------------------------------------------------------------------+
; All Package Pins                                                                                                                                                                        ;
+----------+------------+----------+-----------------------------------------------------------+--------+--------------+---------+------------+-----------------+----------+--------------+
; Location ; Pad Number ; I/O Bank ; Pin Name/Usage                                            ; Dir.   ; I/O Standard ; Voltage ; I/O Type   ; User Assignment ; Bus Hold ; Weak Pull Up ;
+----------+------------+----------+-----------------------------------------------------------+--------+--------------+---------+------------+-----------------+----------+--------------+
; A2       ;            ; 8        ; VCCIO8                                                    ; power  ;              ; 2.5V    ; --         ;                 ; --       ; --           ;
; A3       ; 535        ; 8        ; RESERVED_INPUT_WITH_WEAK_PULLUP                           ;        ;              ;         ; Column I/O ;                 ; no       ; On           ;
; A4       ; 532        ; 8        ; RESERVED_INPUT_WITH_WEAK_PULLUP                           ;        ;              ;         ; Column I/O ;                 ; no       ; On           ;
; A5       ;            ; 8        ; VCCIO8                                                    ; power  ;              ; 2.5V    ; --         ;                 ; --       ; --           ;
; A6       ; 504        ; 8        ; key[104]                                                  ; input  ; 2.5 V        ;         ; Column I/O ; N               ; no       ; Off          ;
; A7       ; 501        ; 8        ; key[4]                                                    ; input  ; 2.5 V        ;         ; Column I/O ; N               ; no       ; Off          ;
; A8       ; 517        ; 8        ; RESERVED_INPUT_WITH_WEAK_PULLUP                           ;        ;              ;         ; Column I/O ;                 ; no       ; On           ;
; A9       ;            ; 8        ; VCCIO8                                                    ; power  ;              ; 2.5V    ; --         ;                 ; --       ; --           ;
; A10      ; 491        ; 8        ; key[123]                                                  ; input  ; 2.5 V        ;         ; Column I/O ; N               ; no       ; Off          ;
; A11      ; 487        ; 8        ; key[33]                                                   ; input  ; 2.5 V        ;         ; Column I/O ; N               ; no       ; Off          ;
; A12      ; 482        ; 8        ; key[97]                                                   ; input  ; 2.5 V        ;         ; Column I/O ; N               ; no       ; Off          ;
; A13      ;            ; 8        ; VCCIO8                                                    ; power  ;              ; 2.5V    ; --         ;                 ; --       ; --           ;
; A14      ; 472        ; 8        ; GND+                                                      ;        ;              ;         ; Column I/O ;                 ; --       ; --           ;
; A15      ; 470        ; 7        ; GND+                                                      ;        ;              ;         ; Column I/O ;                 ; --       ; --           ;
; A16      ;            ; 7        ; VCCIO7                                                    ; power  ;              ; 2.5V    ; --         ;                 ; --       ; --           ;
; A17      ; 462        ; 7        ; block_in[16]                                              ; input  ; 2.5 V        ;         ; Column I/O ; N               ; no       ; Off          ;
; A18      ; 442        ; 7        ; block_out[18]                                             ; output ; 2.5 V        ;         ; Column I/O ; N               ; no       ; Off          ;
; A19      ; 440        ; 7        ; block_in[30]                                              ; input  ; 2.5 V        ;         ; Column I/O ; N               ; no       ; Off          ;
; A20      ;            ; 7        ; VCCIO7                                                    ; power  ;              ; 2.5V    ; --         ;                 ; --       ; --           ;
; A21      ; 425        ; 7        ; RESERVED_INPUT_WITH_WEAK_PULLUP                           ;        ;              ;         ; Column I/O ;                 ; no       ; On           ;
; A22      ; 423        ; 7        ; RESERVED_INPUT_WITH_WEAK_PULLUP                           ;        ;              ;         ; Column I/O ;                 ; no       ; On           ;
; A23      ; 412        ; 7        ; RESERVED_INPUT_WITH_WEAK_PULLUP                           ;        ;              ;         ; Column I/O ;                 ; no       ; On           ;
; A24      ;            ; 7        ; VCCIO7                                                    ; power  ;              ; 2.5V    ; --         ;                 ; --       ; --           ;
; A25      ; 405        ; 7        ; RESERVED_INPUT_WITH_WEAK_PULLUP                           ;        ;              ;         ; Column I/O ;                 ; no       ; On           ;
; A26      ; 404        ; 7        ; RESERVED_INPUT_WITH_WEAK_PULLUP                           ;        ;              ;         ; Column I/O ;                 ; no       ; On           ;
; A27      ;            ; 7        ; VCCIO7                                                    ; power  ;              ; 2.5V    ; --         ;                 ; --       ; --           ;
; AA1      ;            ; 2        ; VCCIO2                                                    ; power  ;              ; 2.5V    ; --         ;                 ; --       ; --           ;
; AA2      ;            ;          ; GND                                                       ; gnd    ;              ;         ; --         ;                 ; --       ; --           ;
; AA3      ; 102        ; 2        ; key[3]                                                    ; input  ; 2.5 V        ;         ; Row I/O    ; N               ; no       ; Off          ;
; AA4      ; 101        ; 2        ; block_out[57]                                             ; output ; 2.5 V        ;         ; Row I/O    ; N               ; no       ; Off          ;
; AA5      ; 119        ; 2        ; RESERVED_INPUT_WITH_WEAK_PULLUP                           ;        ;              ;         ; Row I/O    ;                 ; no       ; On           ;
; AA6      ; 118        ; 2        ; RESERVED_INPUT_WITH_WEAK_PULLUP                           ;        ;              ;         ; Row I/O    ;                 ; no       ; On           ;
; AA7      ; 120        ; 2        ; RESERVED_INPUT_WITH_WEAK_PULLUP                           ;        ;              ;         ; Row I/O    ;                 ; no       ; On           ;
; AA8      ; 154        ; 3        ; key[77]                                                   ; input  ; 2.5 V        ;         ; Column I/O ; N               ; no       ; Off          ;
; AA9      ;            ;          ; GNDA1                                                     ; gnd    ;              ;         ; --         ;                 ; --       ; --           ;
; AA10     ; 155        ; 3        ; key[28]                                                   ; input  ; 2.5 V        ;         ; Column I/O ; N               ; no       ; Off          ;
; AA11     ;            ; 3        ; VCCIO3                                                    ; power  ;              ; 2.5V    ; --         ;                 ; --       ; --           ;
; AA12     ; 188        ; 3        ; block_out[39]                                             ; output ; 2.5 V        ;         ; Column I/O ; N               ; no       ; Off          ;
; AA13     ; 190        ; 3        ; block_in[50]                                              ; input  ; 2.5 V        ;         ; Column I/O ; N               ; no       ; Off          ;
; AA14     ; 191        ; 3        ; block_in[39]                                              ; input  ; 2.5 V        ;         ; Column I/O ; N               ; no       ; Off          ;
; AA15     ; 213        ; 4        ; block_out[4]                                              ; output ; 2.5 V        ;         ; Column I/O ; N               ; no       ; Off          ;
; AA16     ; 211        ; 4        ; block_in[54]                                              ; input  ; 2.5 V        ;         ; Column I/O ; N               ; no       ; Off          ;
; AA17     ; 241        ; 4        ; block_out[37]                                             ; output ; 2.5 V        ;         ; Column I/O ; N               ; no       ; Off          ;
; AA18     ;            ; 4        ; VCCIO4                                                    ; power  ;              ; 2.5V    ; --         ;                 ; --       ; --           ;
; AA19     ; 264        ; 4        ; RESERVED_INPUT_WITH_WEAK_PULLUP                           ;        ;              ;         ; Column I/O ;                 ; no       ; On           ;
; AA20     ;            ;          ; GNDA4                                                     ; gnd    ;              ;         ; --         ;                 ; --       ; --           ;
; AA21     ; 269        ; 4        ; RESERVED_INPUT_WITH_WEAK_PULLUP                           ;        ;              ;         ; Column I/O ;                 ; no       ; On           ;
; AA22     ; 275        ; 5        ; RESERVED_INPUT_WITH_WEAK_PULLUP                           ;        ;              ;         ; Row I/O    ;                 ; no       ; On           ;
; AA23     ; 280        ; 5        ; RESERVED_INPUT_WITH_WEAK_PULLUP                           ;        ;              ;         ; Row I/O    ;                 ; no       ; On           ;
; AA24     ; 279        ; 5        ; RESERVED_INPUT_WITH_WEAK_PULLUP                           ;        ;              ;         ; Row I/O    ;                 ; --       ; --           ;
; AA25     ; 294        ; 5        ; RESERVED_INPUT_WITH_WEAK_PULLUP                           ;        ;              ;         ; Row I/O    ;                 ; no       ; On           ;
; AA26     ; 293        ; 5        ; RESERVED_INPUT_WITH_WEAK_PULLUP                           ;        ;              ;         ; Row I/O    ;                 ; no       ; On           ;
; AA27     ;            ;          ; GND                                                       ; gnd    ;              ;         ; --         ;                 ; --       ; --           ;
; AA28     ;            ; 5        ; VCCIO5                                                    ; power  ;              ; 2.5V    ; --         ;                 ; --       ; --           ;
; AB1      ; 86         ; 2        ; key[68]                                                   ; input  ; 2.5 V        ;         ; Row I/O    ; N               ; no       ; Off          ;
; AB2      ; 85         ; 2        ; key[92]                                                   ; input  ; 2.5 V        ;         ; Row I/O    ; N               ; no       ; Off          ;
; AB3      ; 99         ; 2        ; block_out[38]                                             ; output ; 2.5 V        ;         ; Row I/O    ; N               ; no       ; Off          ;
; AB4      ; 121        ; 2        ; RESERVED_INPUT_WITH_WEAK_PULLUP                           ;        ;              ;         ; Row I/O    ;                 ; --       ; --           ;
; AB5      ; 127        ; 2        ; RESERVED_INPUT_WITH_WEAK_PULLUP                           ;        ;              ;         ; Row I/O    ;                 ; no       ; On           ;
; AB6      ; 126        ; 2        ; RESERVED_INPUT_WITH_WEAK_PULLUP                           ;        ;              ;         ; Row I/O    ;                 ; no       ; On           ;
; AB7      ; 152        ; 3        ; key[88]                                                   ; input  ; 2.5 V        ;         ; Column I/O ; N               ; no       ; Off          ;
; AB8      ; 148        ; 3        ; key[56]                                                   ; input  ; 2.5 V        ;         ; Column I/O ; N               ; no       ; Off          ;
; AB9      ; 147        ; 3        ; key[59]                                                   ; input  ; 2.5 V        ;         ; Column I/O ; N               ; no       ; Off          ;
; AB10     ; 173        ; 3        ; key[21]                                                   ; input  ; 2.5 V        ;         ; Column I/O ; N               ; no       ; Off          ;
; AB11     ; 164        ; 3        ; key[101]                                                  ; input  ; 2.5 V        ;         ; Column I/O ; N               ; no       ; Off          ;
; AB12     ; 180        ; 3        ; key[85]                                                   ; input  ; 2.5 V        ;         ; Column I/O ; N               ; no       ; Off          ;
; AB13     ; 181        ; 3        ; key[109]                                                  ; input  ; 2.5 V        ;         ; Column I/O ; N               ; no       ; Off          ;
; AB14     ; 192        ; 3        ; block_out[2]                                              ; output ; 2.5 V        ;         ; Column I/O ; N               ; no       ; Off          ;
; AB15     ; 214        ; 4        ; block_out[52]                                             ; output ; 2.5 V        ;         ; Column I/O ; N               ; no       ; Off          ;
; AB16     ; 212        ; 4        ; block_in[63]                                              ; input  ; 2.5 V        ;         ; Column I/O ; N               ; no       ; Off          ;
; AB17     ; 242        ; 4        ; block_out[40]                                             ; output ; 2.5 V        ;         ; Column I/O ; N               ; no       ; Off          ;
; AB18     ; 254        ; 4        ; RESERVED_INPUT_WITH_WEAK_PULLUP                           ;        ;              ;         ; Column I/O ;                 ; no       ; On           ;
; AB19     ; 253        ; 4        ; RESERVED_INPUT_WITH_WEAK_PULLUP                           ;        ;              ;         ; Column I/O ;                 ; no       ; On           ;
; AB20     ; 257        ; 4        ; RESERVED_INPUT_WITH_WEAK_PULLUP                           ;        ;              ;         ; Column I/O ;                 ; --       ; --           ;
; AB21     ; 266        ; 4        ; RESERVED_INPUT_WITH_WEAK_PULLUP                           ;        ;              ;         ; Column I/O ;                 ; no       ; On           ;
; AB22     ; 265        ; 4        ; RESERVED_INPUT_WITH_WEAK_PULLUP                           ;        ;              ;         ; Column I/O ;                 ; no       ; On           ;
; AB23     ; 276        ; 5        ; RESERVED_INPUT_WITH_WEAK_PULLUP                           ;        ;              ;         ; Row I/O    ;                 ; no       ; On           ;
; AB24     ; 274        ; 5        ; RESERVED_INPUT_WITH_WEAK_PULLUP                           ;        ;              ;         ; Row I/O    ;                 ; no       ; On           ;
; AB25     ; 292        ; 5        ; RESERVED_INPUT_WITH_WEAK_PULLUP                           ;        ;              ;         ; Row I/O    ;                 ; no       ; On           ;
; AB26     ; 291        ; 5        ; RESERVED_INPUT_WITH_WEAK_PULLUP                           ;        ;              ;         ; Row I/O    ;                 ; no       ; On           ;
; AB27     ; 296        ; 5        ; RESERVED_INPUT_WITH_WEAK_PULLUP                           ;        ;              ;         ; Row I/O    ;                 ; no       ; On           ;
; AB28     ; 295        ; 5        ; RESERVED_INPUT_WITH_WEAK_PULLUP                           ;        ;              ;         ; Row I/O    ;                 ; no       ; On           ;
; AC1      ; 94         ; 2        ; key[45]                                                   ; input  ; 2.5 V        ;         ; Row I/O    ; N               ; no       ; Off          ;
; AC2      ; 93         ; 2        ; key[62]                                                   ; input  ; 2.5 V        ;         ; Row I/O    ; N               ; no       ; Off          ;
; AC3      ; 95         ; 2        ; key[80]                                                   ; input  ; 2.5 V        ;         ; Row I/O    ; N               ; no       ; Off          ;
; AC4      ; 125        ; 2        ; RESERVED_INPUT_WITH_WEAK_PULLUP                           ;        ;              ;         ; Row I/O    ;                 ; no       ; On           ;
; AC5      ; 124        ; 2        ; RESERVED_INPUT_WITH_WEAK_PULLUP                           ;        ;              ;         ; Row I/O    ;                 ; no       ; On           ;
; AC6      ;            ;          ; GND                                                       ; gnd    ;              ;         ; --         ;                 ; --       ; --           ;
; AC7      ; 144        ; 3        ; RESERVED_INPUT_WITH_WEAK_PULLUP                           ;        ;              ;         ; Column I/O ;                 ; no       ; On           ;
; AC8      ; 153        ; 3        ; key[44]                                                   ; input  ; 2.5 V        ;         ; Column I/O ; N               ; no       ; Off          ;
; AC9      ;            ;          ; GND                                                       ; gnd    ;              ;         ; --         ;                 ; --       ; --           ;
; AC10     ; 174        ; 3        ; key[117]                                                  ; input  ; 2.5 V        ;         ; Column I/O ; N               ; no       ; Off          ;
; AC11     ; 185        ; 3        ; block_out[50]                                             ; output ; 2.5 V        ;         ; Column I/O ; N               ; no       ; Off          ;
; AC12     ; 179        ; 3        ; key[43]                                                   ; input  ; 2.5 V        ;         ; Column I/O ; N               ; no       ; Off          ;
; AC13     ;            ;          ; GND                                                       ; gnd    ;              ;         ; --         ;                 ; --       ; --           ;
; AC14     ; 195        ; 3        ; block_in[33]                                              ; input  ; 2.5 V        ;         ; Column I/O ; N               ; no       ; Off          ;
; AC15     ; 203        ; 4        ; block_in[51]                                              ; input  ; 2.5 V        ;         ; Column I/O ; N               ; no       ; Off          ;
; AC16     ;            ;          ; GND                                                       ; gnd    ;              ;         ; --         ;                 ; --       ; --           ;
; AC17     ; 221        ; 4        ; block_in[37]                                              ; input  ; 2.5 V        ;         ; Column I/O ; N               ; no       ; Off          ;
; AC18     ; 240        ; 4        ; block_out[25]                                             ; output ; 2.5 V        ;         ; Column I/O ; N               ; no       ; Off          ;
; AC19     ; 247        ; 4        ; block_out[13]                                             ; output ; 2.5 V        ;         ; Column I/O ; N               ; no       ; Off          ;
; AC20     ;            ;          ; GND                                                       ; gnd    ;              ;         ; --         ;                 ; --       ; --           ;
; AC21     ; 258        ; 4        ; RESERVED_INPUT_WITH_WEAK_PULLUP                           ;        ;              ;         ; Column I/O ;                 ; no       ; On           ;
; AC22     ; 267        ; 4        ; RESERVED_INPUT_WITH_WEAK_PULLUP                           ;        ;              ;         ; Column I/O ;                 ; no       ; On           ;
; AC23     ;            ;          ; GND                                                       ; gnd    ;              ;         ; --         ;                 ; --       ; --           ;
; AC24     ; 273        ; 5        ; RESERVED_INPUT_WITH_WEAK_PULLUP                           ;        ;              ;         ; Row I/O    ;                 ; no       ; On           ;
; AC25     ; 272        ; 5        ; RESERVED_INPUT_WITH_WEAK_PULLUP                           ;        ;              ;         ; Row I/O    ;                 ; no       ; On           ;
; AC26     ; 282        ; 5        ; RESERVED_INPUT_WITH_WEAK_PULLUP                           ;        ;              ;         ; Row I/O    ;                 ; no       ; On           ;
; AC27     ; 290        ; 5        ; RESERVED_INPUT_WITH_WEAK_PULLUP                           ;        ;              ;         ; Row I/O    ;                 ; no       ; On           ;
; AC28     ; 289        ; 5        ; RESERVED_INPUT_WITH_WEAK_PULLUP                           ;        ;              ;         ; Row I/O    ;                 ; no       ; On           ;
; AD1      ; 98         ; 2        ; key[119]                                                  ; input  ; 2.5 V        ;         ; Row I/O    ; N               ; no       ; Off          ;
; AD2      ; 97         ; 2        ; key[1]                                                    ; input  ; 2.5 V        ;         ; Row I/O    ; N               ; no       ; Off          ;
; AD3      ; 96         ; 2        ; key[24]                                                   ; input  ; 2.5 V        ;         ; Row I/O    ; N               ; no       ; Off          ;
; AD4      ; 130        ; 3        ; RESERVED_INPUT_WITH_WEAK_PULLUP                           ;        ;              ;         ; Column I/O ;                 ; no       ; On           ;
; AD5      ; 128        ; 3        ; RESERVED_INPUT_WITH_WEAK_PULLUP                           ;        ;              ;         ; Column I/O ;                 ; no       ; On           ;
; AD6      ;            ; 3        ; VCCIO3                                                    ; power  ;              ; 2.5V    ; --         ;                 ; --       ; --           ;
; AD7      ; 134        ; 3        ; RESERVED_INPUT_WITH_WEAK_PULLUP                           ;        ;              ;         ; Column I/O ;                 ; no       ; On           ;
; AD8      ; 143        ; 3        ; key[55]                                                   ; input  ; 2.5 V        ;         ; Column I/O ; N               ; no       ; Off          ;
; AD9      ;            ; 3        ; VCCIO3                                                    ; power  ;              ; 2.5V    ; --         ;                 ; --       ; --           ;
; AD10     ; 149        ; 3        ; key[102]                                                  ; input  ; 2.5 V        ;         ; Column I/O ; N               ; no       ; Off          ;
; AD11     ; 186        ; 3        ; key[46]                                                   ; input  ; 2.5 V        ;         ; Column I/O ; N               ; no       ; Off          ;
; AD12     ; 182        ; 3        ; key[14]                                                   ; input  ; 2.5 V        ;         ; Column I/O ; N               ; no       ; Off          ;
; AD13     ;            ; 3        ; VCCIO3                                                    ; power  ;              ; 2.5V    ; --         ;                 ; --       ; --           ;
; AD14     ; 196        ; 3        ; enc                                                       ; input  ; 2.5 V        ;         ; Column I/O ; N               ; no       ; Off          ;
; AD15     ; 204        ; 4        ; block_out[60]                                             ; output ; 2.5 V        ;         ; Column I/O ; N               ; no       ; Off          ;
; AD16     ;            ; 4        ; VCCIO4                                                    ; power  ;              ; 2.5V    ; --         ;                 ; --       ; --           ;
; AD17     ; 222        ; 4        ; block_out[51]                                             ; output ; 2.5 V        ;         ; Column I/O ; N               ; no       ; Off          ;
; AD18     ; 237        ; 4        ; block_in[1]                                               ; input  ; 2.5 V        ;         ; Column I/O ; N               ; no       ; Off          ;
; AD19     ; 248        ; 4        ; block_in[3]                                               ; input  ; 2.5 V        ;         ; Column I/O ; N               ; no       ; Off          ;
; AD20     ;            ; 4        ; VCCIO4                                                    ; power  ;              ; 2.5V    ; --         ;                 ; --       ; --           ;
; AD21     ; 259        ; 4        ; RESERVED_INPUT_WITH_WEAK_PULLUP                           ;        ;              ;         ; Column I/O ;                 ; no       ; On           ;
; AD22     ; 268        ; 4        ; RESERVED_INPUT_WITH_WEAK_PULLUP                           ;        ;              ;         ; Column I/O ;                 ; no       ; On           ;
; AD23     ;            ; 4        ; VCCIO4                                                    ; power  ;              ; 2.5V    ; --         ;                 ; --       ; --           ;
; AD24     ; 260        ; 4        ; RESERVED_INPUT_WITH_WEAK_PULLUP                           ;        ;              ;         ; Column I/O ;                 ; no       ; On           ;
; AD25     ; 255        ; 4        ; RESERVED_INPUT_WITH_WEAK_PULLUP                           ;        ;              ;         ; Column I/O ;                 ; no       ; On           ;
; AD26     ; 281        ; 5        ; RESERVED_INPUT_WITH_WEAK_PULLUP                           ;        ;              ;         ; Row I/O    ;                 ; no       ; On           ;
; AD27     ; 286        ; 5        ; RESERVED_INPUT_WITH_WEAK_PULLUP                           ;        ;              ;         ; Row I/O    ;                 ; no       ; On           ;
; AD28     ; 285        ; 5        ; RESERVED_INPUT_WITH_WEAK_PULLUP                           ;        ;              ;         ; Row I/O    ;                 ; no       ; On           ;
; AE1      ; 106        ; 2        ; RESERVED_INPUT_WITH_WEAK_PULLUP                           ;        ;              ;         ; Row I/O    ;                 ; no       ; On           ;
; AE2      ; 105        ; 2        ; key[99]                                                   ; input  ; 2.5 V        ;         ; Row I/O    ; N               ; no       ; Off          ;
; AE3      ; 122        ; 2        ; RESERVED_INPUT_WITH_WEAK_PULLUP                           ;        ;              ;         ; Row I/O    ;                 ; no       ; On           ;
; AE4      ; 132        ; 3        ; RESERVED_INPUT_WITH_WEAK_PULLUP                           ;        ;              ;         ; Column I/O ;                 ; no       ; On           ;
; AE5      ; 135        ; 3        ; RESERVED_INPUT_WITH_WEAK_PULLUP                           ;        ;              ;         ; Column I/O ;                 ; no       ; On           ;
; AE6      ; 129        ; 3        ; RESERVED_INPUT_WITH_WEAK_PULLUP                           ;        ;              ;         ; Column I/O ;                 ; no       ; On           ;
; AE7      ; 158        ; 3        ; key[5]                                                    ; input  ; 2.5 V        ;         ; Column I/O ; N               ; no       ; Off          ;
; AE8      ; 161        ; 3        ; key[106]                                                  ; input  ; 2.5 V        ;         ; Column I/O ; N               ; no       ; Off          ;
; AE9      ; 163        ; 3        ; key[69]                                                   ; input  ; 2.5 V        ;         ; Column I/O ; N               ; no       ; Off          ;
; AE10     ; 165        ; 3        ; block_out[49]                                             ; output ; 2.5 V        ;         ; Column I/O ; N               ; no       ; Off          ;
; AE11     ; 171        ; 3        ; key[22]                                                   ; input  ; 2.5 V        ;         ; Column I/O ; N               ; no       ; Off          ;
; AE12     ; 169        ; 3        ; key[94]                                                   ; input  ; 2.5 V        ;         ; Column I/O ; N               ; no       ; Off          ;
; AE13     ; 177        ; 3        ; key[78]                                                   ; input  ; 2.5 V        ;         ; Column I/O ; N               ; no       ; Off          ;
; AE14     ; 183        ; 3        ; block_out[43]                                             ; output ; 2.5 V        ;         ; Column I/O ; N               ; no       ; Off          ;
; AE15     ; 205        ; 4        ; block_out[36]                                             ; output ; 2.5 V        ;         ; Column I/O ; N               ; no       ; Off          ;
; AE16     ; 209        ; 4        ; block_out[53]                                             ; output ; 2.5 V        ;         ; Column I/O ; N               ; no       ; Off          ;
; AE17     ; 215        ; 4        ; block_in[42]                                              ; input  ; 2.5 V        ;         ; Column I/O ; N               ; no       ; Off          ;
; AE18     ; 225        ; 4        ; block_in[11]                                              ; input  ; 2.5 V        ;         ; Column I/O ; N               ; no       ; Off          ;
; AE19     ; 231        ; 4        ; block_in[53]                                              ; input  ; 2.5 V        ;         ; Column I/O ; N               ; no       ; Off          ;
; AE20     ; 235        ; 4        ; block_out[30]                                             ; output ; 2.5 V        ;         ; Column I/O ; N               ; no       ; Off          ;
; AE21     ; 238        ; 4        ; block_in[17]                                              ; input  ; 2.5 V        ;         ; Column I/O ; N               ; no       ; Off          ;
; AE22     ; 251        ; 4        ; block_out[54]                                             ; output ; 2.5 V        ;         ; Column I/O ; N               ; no       ; Off          ;
; AE23     ; 261        ; 4        ; RESERVED_INPUT_WITH_WEAK_PULLUP                           ;        ;              ;         ; Column I/O ;                 ; no       ; On           ;
; AE24     ; 256        ; 4        ; RESERVED_INPUT_WITH_WEAK_PULLUP                           ;        ;              ;         ; Column I/O ;                 ; no       ; On           ;
; AE25     ; 243        ; 4        ; block_in[56]                                              ; input  ; 2.5 V        ;         ; Column I/O ; N               ; no       ; Off          ;
; AE26     ; 278        ; 5        ; RESERVED_INPUT_WITH_WEAK_PULLUP                           ;        ;              ;         ; Row I/O    ;                 ; no       ; On           ;
; AE27     ; 284        ; 5        ; RESERVED_INPUT_WITH_WEAK_PULLUP                           ;        ;              ;         ; Row I/O    ;                 ; no       ; On           ;
; AE28     ; 283        ; 5        ; RESERVED_INPUT_WITH_WEAK_PULLUP                           ;        ;              ;         ; Row I/O    ;                 ; no       ; On           ;
; AF1      ;            ;          ; GND                                                       ; gnd    ;              ;         ; --         ;                 ; --       ; --           ;
; AF2      ; 123        ; 2        ; RESERVED_INPUT_WITH_WEAK_PULLUP                           ;        ;              ;         ; Row I/O    ;                 ; no       ; On           ;
; AF3      ; 138        ; 3        ; RESERVED_INPUT_WITH_WEAK_PULLUP                           ;        ;              ;         ; Column I/O ;                 ; no       ; On           ;
; AF4      ; 131        ; 3        ; RESERVED_INPUT_WITH_WEAK_PULLUP                           ;        ;              ;         ; Column I/O ;                 ; no       ; On           ;
; AF5      ; 136        ; 3        ; RESERVED_INPUT_WITH_WEAK_PULLUP                           ;        ;              ;         ; Column I/O ;                 ; no       ; On           ;
; AF6      ; 139        ; 3        ; RESERVED_INPUT_WITH_WEAK_PULLUP                           ;        ;              ;         ; Column I/O ;                 ; no       ; On           ;
; AF7      ; 159        ; 3        ; key[79]                                                   ; input  ; 2.5 V        ;         ; Column I/O ; N               ; no       ; Off          ;
; AF8      ; 162        ; 3        ; key[93]                                                   ; input  ; 2.5 V        ;         ; Column I/O ; N               ; no       ; Off          ;
; AF9      ; 160        ; 3        ; key[83]                                                   ; input  ; 2.5 V        ;         ; Column I/O ; N               ; no       ; Off          ;
; AF10     ; 166        ; 3        ; key[52]                                                   ; input  ; 2.5 V        ;         ; Column I/O ; N               ; no       ; Off          ;
; AF11     ; 172        ; 3        ; key[116]                                                  ; input  ; 2.5 V        ;         ; Column I/O ; N               ; no       ; Off          ;
; AF12     ; 170        ; 3        ; key[126]                                                  ; input  ; 2.5 V        ;         ; Column I/O ; N               ; no       ; Off          ;
; AF13     ; 178        ; 3        ; key[86]                                                   ; input  ; 2.5 V        ;         ; Column I/O ; N               ; no       ; Off          ;
; AF14     ; 184        ; 3        ; key[75]                                                   ; input  ; 2.5 V        ;         ; Column I/O ; N               ; no       ; Off          ;
; AF15     ; 206        ; 4        ; block_in[55]                                              ; input  ; 2.5 V        ;         ; Column I/O ; N               ; no       ; Off          ;
; AF16     ; 210        ; 4        ; block_out[47]                                             ; output ; 2.5 V        ;         ; Column I/O ; N               ; no       ; Off          ;
; AF17     ; 216        ; 4        ; block_in[60]                                              ; input  ; 2.5 V        ;         ; Column I/O ; N               ; no       ; Off          ;
; AF18     ; 226        ; 4        ; block_out[24]                                             ; output ; 2.5 V        ;         ; Column I/O ; N               ; no       ; Off          ;
; AF19     ; 232        ; 4        ; block_out[62]                                             ; output ; 2.5 V        ;         ; Column I/O ; N               ; no       ; Off          ;
; AF20     ; 236        ; 4        ; block_out[22]                                             ; output ; 2.5 V        ;         ; Column I/O ; N               ; no       ; Off          ;
; AF21     ; 239        ; 4        ; block_out[8]                                              ; output ; 2.5 V        ;         ; Column I/O ; N               ; no       ; Off          ;
; AF22     ; 252        ; 4        ; RESERVED_INPUT_WITH_WEAK_PULLUP                           ;        ;              ;         ; Column I/O ;                 ; no       ; On           ;
; AF23     ; 262        ; 4        ; RESERVED_INPUT_WITH_WEAK_PULLUP                           ;        ;              ;         ; Column I/O ;                 ; no       ; On           ;
; AF24     ; 233        ; 4        ; block_in[22]                                              ; input  ; 2.5 V        ;         ; Column I/O ; N               ; no       ; Off          ;
; AF25     ; 234        ; 4        ; block_out[20]                                             ; output ; 2.5 V        ;         ; Column I/O ; N               ; no       ; Off          ;
; AF26     ; 244        ; 4        ; block_in[29]                                              ; input  ; 2.5 V        ;         ; Column I/O ; N               ; no       ; Off          ;
; AF27     ; 277        ; 5        ; RESERVED_INPUT_WITH_WEAK_PULLUP                           ;        ;              ;         ; Row I/O    ;                 ; no       ; On           ;
; AF28     ;            ;          ; GND                                                       ; gnd    ;              ;         ; --         ;                 ; --       ; --           ;
; AG1      ;            ; 2        ; VCCIO2                                                    ; power  ;              ; 2.5V    ; --         ;                 ; --       ; --           ;
; AG2      ;            ;          ; GND                                                       ; gnd    ;              ;         ; --         ;                 ; --       ; --           ;
; AG3      ; 133        ; 3        ; RESERVED_INPUT_WITH_WEAK_PULLUP                           ;        ;              ;         ; Column I/O ;                 ; no       ; On           ;
; AG4      ; 141        ; 3        ; key[111]                                                  ; input  ; 2.5 V        ;         ; Column I/O ; N               ; no       ; Off          ;
; AG5      ;            ;          ; GND                                                       ; gnd    ;              ;         ; --         ;                 ; --       ; --           ;
; AG6      ; 145        ; 3        ; key[61]                                                   ; input  ; 2.5 V        ;         ; Column I/O ; N               ; no       ; Off          ;
; AG7      ; 150        ; 3        ; key[48]                                                   ; input  ; 2.5 V        ;         ; Column I/O ; N               ; no       ; Off          ;
; AG8      ; 156        ; 3        ; key[124]                                                  ; input  ; 2.5 V        ;         ; Column I/O ; N               ; no       ; Off          ;
; AG9      ;            ;          ; GND                                                       ; gnd    ;              ;         ; --         ;                 ; --       ; --           ;
; AG10     ; 167        ; 3        ; key[72]                                                   ; input  ; 2.5 V        ;         ; Column I/O ; N               ; no       ; Off          ;
; AG11     ; 175        ; 3        ; key[53]                                                   ; input  ; 2.5 V        ;         ; Column I/O ; N               ; no       ; Off          ;
; AG12     ; 193        ; 3        ; block_in[57]                                              ; input  ; 2.5 V        ;         ; Column I/O ; N               ; no       ; Off          ;
; AG13     ;            ;          ; GND                                                       ; gnd    ;              ;         ; --         ;                 ; --       ; --           ;
; AG14     ; 199        ; 3        ; key[112]                                                  ; input  ; 2.5 V        ;         ; Column I/O ; N               ; no       ; Off          ;
; AG15     ; 201        ; 4        ; key[17]                                                   ; input  ; 2.5 V        ;         ; Column I/O ; N               ; no       ; Off          ;
; AG16     ;            ;          ; GND                                                       ; gnd    ;              ;         ; --         ;                 ; --       ; --           ;
; AG17     ; 207        ; 4        ; block_out[3]                                              ; output ; 2.5 V        ;         ; Column I/O ; N               ; no       ; Off          ;
; AG18     ; 217        ; 4        ; block_in[36]                                              ; input  ; 2.5 V        ;         ; Column I/O ; N               ; no       ; Off          ;
; AG19     ; 219        ; 4        ; block_out[42]                                             ; output ; 2.5 V        ;         ; Column I/O ; N               ; no       ; Off          ;
; AG20     ;            ;          ; GND                                                       ; gnd    ;              ;         ; --         ;                 ; --       ; --           ;
; AG21     ; 223        ; 4        ; block_in[45]                                              ; input  ; 2.5 V        ;         ; Column I/O ; N               ; no       ; Off          ;
; AG22     ; 227        ; 4        ; block_in[44]                                              ; input  ; 2.5 V        ;         ; Column I/O ; N               ; no       ; Off          ;
; AG23     ; 229        ; 4        ; block_in[41]                                              ; input  ; 2.5 V        ;         ; Column I/O ; N               ; no       ; Off          ;
; AG24     ;            ;          ; GND                                                       ; gnd    ;              ;         ; --         ;                 ; --       ; --           ;
; AG25     ; 245        ; 4        ; RESERVED_INPUT_WITH_WEAK_PULLUP                           ;        ;              ;         ; Column I/O ;                 ; no       ; On           ;
; AG26     ; 270        ; 4        ; RESERVED_INPUT_WITH_WEAK_PULLUP                           ;        ;              ;         ; Column I/O ;                 ; no       ; On           ;
; AG27     ;            ;          ; GND                                                       ; gnd    ;              ;         ; --         ;                 ; --       ; --           ;
; AG28     ;            ; 5        ; VCCIO5                                                    ; power  ;              ; 2.5V    ; --         ;                 ; --       ; --           ;
; AH2      ;            ; 3        ; VCCIO3                                                    ; power  ;              ; 2.5V    ; --         ;                 ; --       ; --           ;
; AH3      ; 137        ; 3        ; RESERVED_INPUT_WITH_WEAK_PULLUP                           ;        ;              ;         ; Column I/O ;                 ; no       ; On           ;
; AH4      ; 142        ; 3        ; block_out[48]                                             ; output ; 2.5 V        ;         ; Column I/O ; N               ; no       ; Off          ;
; AH5      ;            ; 3        ; VCCIO3                                                    ; power  ;              ; 2.5V    ; --         ;                 ; --       ; --           ;
; AH6      ; 146        ; 3        ; RESERVED_INPUT_WITH_WEAK_PULLUP                           ;        ;              ;         ; Column I/O ;                 ; no       ; On           ;
; AH7      ; 151        ; 3        ; key[49]                                                   ; input  ; 2.5 V        ;         ; Column I/O ; N               ; no       ; Off          ;
; AH8      ; 157        ; 3        ; key[15]                                                   ; input  ; 2.5 V        ;         ; Column I/O ; N               ; no       ; Off          ;
; AH9      ;            ; 3        ; VCCIO3                                                    ; power  ;              ; 2.5V    ; --         ;                 ; --       ; --           ;
; AH10     ; 168        ; 3        ; key[118]                                                  ; input  ; 2.5 V        ;         ; Column I/O ; N               ; no       ; Off          ;
; AH11     ; 176        ; 3        ; key[87]                                                   ; input  ; 2.5 V        ;         ; Column I/O ; N               ; no       ; Off          ;
; AH12     ; 194        ; 3        ; block_in[32]                                              ; input  ; 2.5 V        ;         ; Column I/O ; N               ; no       ; Off          ;
; AH13     ;            ; 3        ; VCCIO3                                                    ; power  ;              ; 2.5V    ; --         ;                 ; --       ; --           ;
; AH14     ; 200        ; 3        ; key[16]                                                   ; input  ; 2.5 V        ;         ; Column I/O ; N               ; no       ; Off          ;
; AH15     ; 202        ; 4        ; key[82]                                                   ; input  ; 2.5 V        ;         ; Column I/O ; N               ; no       ; Off          ;
; AH16     ;            ; 4        ; VCCIO4                                                    ; power  ;              ; 2.5V    ; --         ;                 ; --       ; --           ;
; AH17     ; 208        ; 4        ; block_out[58]                                             ; output ; 2.5 V        ;         ; Column I/O ; N               ; no       ; Off          ;
; AH18     ; 218        ; 4        ; block_in[28]                                              ; input  ; 2.5 V        ;         ; Column I/O ; N               ; no       ; Off          ;
; AH19     ; 220        ; 4        ; block_out[45]                                             ; output ; 2.5 V        ;         ; Column I/O ; N               ; no       ; Off          ;
; AH20     ;            ; 4        ; VCCIO4                                                    ; power  ;              ; 2.5V    ; --         ;                 ; --       ; --           ;
; AH21     ; 224        ; 4        ; block_in[38]                                              ; input  ; 2.5 V        ;         ; Column I/O ; N               ; no       ; Off          ;
; AH22     ; 228        ; 4        ; block_in[58]                                              ; input  ; 2.5 V        ;         ; Column I/O ; N               ; no       ; Off          ;
; AH23     ; 230        ; 4        ; block_out[59]                                             ; output ; 2.5 V        ;         ; Column I/O ; N               ; no       ; Off          ;
; AH24     ;            ; 4        ; VCCIO4                                                    ; power  ;              ; 2.5V    ; --         ;                 ; --       ; --           ;
; AH25     ; 246        ; 4        ; block_in[20]                                              ; input  ; 2.5 V        ;         ; Column I/O ; N               ; no       ; Off          ;
; AH26     ; 271        ; 4        ; RESERVED_INPUT_WITH_WEAK_PULLUP                           ;        ;              ;         ; Column I/O ;                 ; no       ; On           ;
; AH27     ;            ; 4        ; VCCIO4                                                    ; power  ;              ; 2.5V    ; --         ;                 ; --       ; --           ;
; B1       ;            ; 1        ; VCCIO1                                                    ; power  ;              ; 2.5V    ; --         ;                 ; --       ; --           ;
; B2       ;            ;          ; GND                                                       ; gnd    ;              ;         ; --         ;                 ; --       ; --           ;
; B3       ; 534        ; 8        ; RESERVED_INPUT_WITH_WEAK_PULLUP                           ;        ;              ;         ; Column I/O ;                 ; no       ; On           ;
; B4       ; 533        ; 8        ; RESERVED_INPUT_WITH_WEAK_PULLUP                           ;        ;              ;         ; Column I/O ;                 ; no       ; On           ;
; B5       ;            ;          ; GND                                                       ; gnd    ;              ;         ; --         ;                 ; --       ; --           ;
; B6       ; 505        ; 8        ; key[26]                                                   ; input  ; 2.5 V        ;         ; Column I/O ; N               ; no       ; Off          ;
; B7       ; 502        ; 8        ; key[81]                                                   ; input  ; 2.5 V        ;         ; Column I/O ; N               ; no       ; Off          ;
; B8       ; 518        ; 8        ; RESERVED_INPUT_WITH_WEAK_PULLUP                           ;        ;              ;         ; Column I/O ;                 ; no       ; On           ;
; B9       ;            ;          ; GND                                                       ; gnd    ;              ;         ; --         ;                 ; --       ; --           ;
; B10      ; 492        ; 8        ; key[27]                                                   ; input  ; 2.5 V        ;         ; Column I/O ; N               ; no       ; Off          ;
; B11      ; 488        ; 8        ; key[121]                                                  ; input  ; 2.5 V        ;         ; Column I/O ; N               ; no       ; Off          ;
; B12      ;            ;          ; GND                                                       ; gnd    ;              ;         ; --         ;                 ; --       ; --           ;
; B13      ;            ;          ; GND                                                       ; gnd    ;              ;         ; --         ;                 ; --       ; --           ;
; B14      ; 473        ; 8        ; GND+                                                      ;        ;              ;         ; Column I/O ;                 ; --       ; --           ;
; B15      ; 471        ; 7        ; GND+                                                      ;        ;              ;         ; Column I/O ;                 ; --       ; --           ;
; B16      ;            ;          ; GND                                                       ; gnd    ;              ;         ; --         ;                 ; --       ; --           ;
; B17      ; 463        ; 7        ; block_in[15]                                              ; input  ; 2.5 V        ;         ; Column I/O ; N               ; no       ; Off          ;
; B18      ; 443        ; 7        ; block_out[44]                                             ; output ; 2.5 V        ;         ; Column I/O ; N               ; no       ; Off          ;
; B19      ; 441        ; 7        ; block_in[2]                                               ; input  ; 2.5 V        ;         ; Column I/O ; N               ; no       ; Off          ;
; B20      ;            ;          ; GND                                                       ; gnd    ;              ;         ; --         ;                 ; --       ; --           ;
; B21      ; 426        ; 7        ; RESERVED_INPUT_WITH_WEAK_PULLUP                           ;        ;              ;         ; Column I/O ;                 ; no       ; On           ;
; B22      ; 424        ; 7        ; RESERVED_INPUT_WITH_WEAK_PULLUP                           ;        ;              ;         ; Column I/O ;                 ; no       ; On           ;
; B23      ; 413        ; 7        ; RESERVED_INPUT_WITH_WEAK_PULLUP                           ;        ;              ;         ; Column I/O ;                 ; no       ; On           ;
; B24      ;            ;          ; GND                                                       ; gnd    ;              ;         ; --         ;                 ; --       ; --           ;
; B25      ; 406        ; 7        ; RESERVED_INPUT_WITH_WEAK_PULLUP                           ;        ;              ;         ; Column I/O ;                 ; no       ; On           ;
; B26      ; 401        ; 7        ; RESERVED_INPUT_WITH_WEAK_PULLUP                           ;        ;              ;         ; Column I/O ;                 ; no       ; On           ;
; B27      ;            ;          ; GND                                                       ; gnd    ;              ;         ; --         ;                 ; --       ; --           ;
; B28      ;            ; 6        ; VCCIO6                                                    ; power  ;              ; 2.5V    ; --         ;                 ; --       ; --           ;
; C1       ;            ;          ; GND                                                       ; gnd    ;              ;         ; --         ;                 ; --       ; --           ;
; C2       ; 1          ; 1        ; RESERVED_INPUT_WITH_WEAK_PULLUP                           ;        ;              ;         ; Row I/O    ;                 ; no       ; On           ;
; C3       ; 543        ; 8        ; RESERVED_INPUT_WITH_WEAK_PULLUP                           ;        ;              ;         ; Column I/O ;                 ; no       ; On           ;
; C4       ; 539        ; 8        ; RESERVED_INPUT_WITH_WEAK_PULLUP                           ;        ;              ;         ; Column I/O ;                 ; no       ; On           ;
; C5       ; 538        ; 8        ; RESERVED_INPUT_WITH_WEAK_PULLUP                           ;        ;              ;         ; Column I/O ;                 ; no       ; On           ;
; C6       ; 536        ; 8        ; RESERVED_INPUT_WITH_WEAK_PULLUP                           ;        ;              ;         ; Column I/O ;                 ; no       ; On           ;
; C7       ; 521        ; 8        ; RESERVED_INPUT_WITH_WEAK_PULLUP                           ;        ;              ;         ; Column I/O ;                 ; no       ; On           ;
; C8       ; 519        ; 8        ; RESERVED_INPUT_WITH_WEAK_PULLUP                           ;        ;              ;         ; Column I/O ;                 ; no       ; On           ;
; C9       ; 510        ; 8        ; key[10]                                                   ; input  ; 2.5 V        ;         ; Column I/O ; N               ; no       ; Off          ;
; C10      ; 495        ; 8        ; key[7]                                                    ; input  ; 2.5 V        ;         ; Column I/O ; N               ; no       ; Off          ;
; C11      ; 508        ; 8        ; key[42]                                                   ; input  ; 2.5 V        ;         ; Column I/O ; N               ; no       ; Off          ;
; C12      ; 478        ; 8        ; block_out[21]                                             ; output ; 2.5 V        ;         ; Column I/O ; N               ; no       ; Off          ;
; C13      ; 474        ; 8        ; block_in[12]                                              ; input  ; 2.5 V        ;         ; Column I/O ; N               ; no       ; Off          ;
; C14      ; 476        ; 8        ; block_in[25]                                              ; input  ; 2.5 V        ;         ; Column I/O ; N               ; no       ; Off          ;
; C15      ; 468        ; 7        ; block_out[11]                                             ; output ; 2.5 V        ;         ; Column I/O ; N               ; no       ; Off          ;
; C16      ; 460        ; 7        ; block_out[23]                                             ; output ; 2.5 V        ;         ; Column I/O ; N               ; no       ; Off          ;
; C17      ; 438        ; 7        ; block_in[24]                                              ; input  ; 2.5 V        ;         ; Column I/O ; N               ; no       ; Off          ;
; C18      ; 429        ; 7        ; RESERVED_INPUT_WITH_WEAK_PULLUP                           ;        ;              ;         ; Column I/O ;                 ; no       ; On           ;
; C19      ; 435        ; 7        ; block_in[62]                                              ; input  ; 2.5 V        ;         ; Column I/O ; N               ; no       ; Off          ;
; C20      ; 431        ; 7        ; RESERVED_INPUT_WITH_WEAK_PULLUP                           ;        ;              ;         ; Column I/O ;                 ; no       ; On           ;
; C21      ; 422        ; 7        ; RESERVED_INPUT_WITH_WEAK_PULLUP                           ;        ;              ;         ; Column I/O ;                 ; no       ; On           ;
; C22      ; 418        ; 7        ; RESERVED_INPUT_WITH_WEAK_PULLUP                           ;        ;              ;         ; Column I/O ;                 ; no       ; On           ;
; C23      ; 415        ; 7        ; RESERVED_INPUT_WITH_WEAK_PULLUP                           ;        ;              ;         ; Column I/O ;                 ; no       ; On           ;
; C24      ; 416        ; 7        ; RESERVED_INPUT_WITH_WEAK_PULLUP                           ;        ;              ;         ; Column I/O ;                 ; no       ; On           ;
; C25      ; 411        ; 7        ; RESERVED_INPUT_WITH_WEAK_PULLUP                           ;        ;              ;         ; Column I/O ;                 ; no       ; On           ;
; C26      ; 400        ; 7        ; RESERVED_INPUT_WITH_WEAK_PULLUP                           ;        ;              ;         ; Column I/O ;                 ; no       ; On           ;
; C27      ; 382        ; 6        ; RESERVED_INPUT_WITH_WEAK_PULLUP                           ;        ;              ;         ; Row I/O    ;                 ; no       ; On           ;
; C28      ;            ;          ; GND                                                       ; gnd    ;              ;         ; --         ;                 ; --       ; --           ;
; D1       ; 3          ; 1        ; RESERVED_INPUT_WITH_WEAK_PULLUP                           ;        ;              ;         ; Row I/O    ;                 ; no       ; On           ;
; D2       ; 2          ; 1        ; RESERVED_INPUT_WITH_WEAK_PULLUP                           ;        ;              ;         ; Row I/O    ;                 ; no       ; On           ;
; D3       ;            ;          ; GND                                                       ; gnd    ;              ;         ; --         ;                 ; --       ; --           ;
; D4       ; 540        ; 8        ; RESERVED_INPUT_WITH_WEAK_PULLUP                           ;        ;              ;         ; Column I/O ;                 ; no       ; On           ;
; D5       ; 537        ; 8        ; RESERVED_INPUT_WITH_WEAK_PULLUP                           ;        ;              ;         ; Column I/O ;                 ; no       ; On           ;
; D6       ; 524        ; 8        ; RESERVED_INPUT_WITH_WEAK_PULLUP                           ;        ;              ;         ; Column I/O ;                 ; no       ; On           ;
; D7       ; 522        ; 8        ; RESERVED_INPUT_WITH_WEAK_PULLUP                           ;        ;              ;         ; Column I/O ;                 ; no       ; On           ;
; D8       ; 520        ; 8        ; RESERVED_INPUT_WITH_WEAK_PULLUP                           ;        ;              ;         ; Column I/O ;                 ; no       ; On           ;
; D9       ; 511        ; 8        ; key[47]                                                   ; input  ; 2.5 V        ;         ; Column I/O ; N               ; no       ; Off          ;
; D10      ; 496        ; 8        ; key[50]                                                   ; input  ; 2.5 V        ;         ; Column I/O ; N               ; no       ; Off          ;
; D11      ; 509        ; 8        ; key[103]                                                  ; input  ; 2.5 V        ;         ; Column I/O ; N               ; no       ; Off          ;
; D12      ; 479        ; 8        ; block_in[40]                                              ; input  ; 2.5 V        ;         ; Column I/O ; N               ; no       ; Off          ;
; D13      ; 475        ; 8        ; block_in[21]                                              ; input  ; 2.5 V        ;         ; Column I/O ; N               ; no       ; Off          ;
; D14      ; 477        ; 8        ; block_out[7]                                              ; output ; 2.5 V        ;         ; Column I/O ; N               ; no       ; Off          ;
; D15      ; 469        ; 7        ; block_out[6]                                              ; output ; 2.5 V        ;         ; Column I/O ; N               ; no       ; Off          ;
; D16      ; 461        ; 7        ; block_out[10]                                             ; output ; 2.5 V        ;         ; Column I/O ; N               ; no       ; Off          ;
; D17      ; 439        ; 7        ; block_in[10]                                              ; input  ; 2.5 V        ;         ; Column I/O ; N               ; no       ; Off          ;
; D18      ; 430        ; 7        ; RESERVED_INPUT_WITH_WEAK_PULLUP                           ;        ;              ;         ; Column I/O ;                 ; no       ; On           ;
; D19      ; 436        ; 7        ; block_out[17]                                             ; output ; 2.5 V        ;         ; Column I/O ; N               ; no       ; Off          ;
; D20      ; 432        ; 7        ; RESERVED_INPUT_WITH_WEAK_PULLUP                           ;        ;              ;         ; Column I/O ;                 ; no       ; On           ;
; D21      ; 419        ; 7        ; RESERVED_INPUT_WITH_WEAK_PULLUP                           ;        ;              ;         ; Column I/O ;                 ; no       ; On           ;
; D22      ; 402        ; 7        ; RESERVED_INPUT_WITH_WEAK_PULLUP                           ;        ;              ;         ; Column I/O ;                 ; no       ; On           ;
; D23      ; 414        ; 7        ; RESERVED_INPUT_WITH_WEAK_PULLUP                           ;        ;              ;         ; Column I/O ;                 ; no       ; On           ;
; D24      ; 417        ; 7        ; RESERVED_INPUT_WITH_WEAK_PULLUP                           ;        ;              ;         ; Column I/O ;                 ; no       ; On           ;
; D25      ; 410        ; 7        ; RESERVED_INPUT_WITH_WEAK_PULLUP                           ;        ;              ;         ; Column I/O ;                 ; no       ; On           ;
; D26      ; 383        ; 6        ; RESERVED_INPUT_WITH_WEAK_PULLUP                           ;        ;              ;         ; Row I/O    ;                 ; no       ; On           ;
; D27      ; 381        ; 6        ; RESERVED_INPUT_WITH_WEAK_PULLUP                           ;        ;              ;         ; Row I/O    ;                 ; no       ; On           ;
; D28      ; 380        ; 6        ; RESERVED_INPUT_WITH_WEAK_PULLUP                           ;        ;              ;         ; Row I/O    ;                 ; no       ; On           ;
; E1       ; 17         ; 1        ; RESERVED_INPUT_WITH_WEAK_PULLUP                           ;        ;              ;         ; Row I/O    ;                 ; no       ; On           ;
; E2       ; 16         ; 1        ; ~ALTERA_FLASH_nCE_nCSO~ / RESERVED_INPUT_WITH_WEAK_PULLUP ; input  ; 2.5 V        ;         ; Row I/O    ; N               ; no       ; On           ;
; E3       ; 7          ; 1        ; RESERVED_INPUT_WITH_WEAK_PULLUP                           ;        ;              ;         ; Row I/O    ;                 ; no       ; On           ;
; E4       ; 541        ; 8        ; RESERVED_INPUT_WITH_WEAK_PULLUP                           ;        ;              ;         ; Column I/O ;                 ; no       ; On           ;
; E5       ; 542        ; 8        ; RESERVED_INPUT_WITH_WEAK_PULLUP                           ;        ;              ;         ; Column I/O ;                 ; no       ; On           ;
; E6       ;            ; 8        ; VCCIO8                                                    ; power  ;              ; 2.5V    ; --         ;                 ; --       ; --           ;
; E7       ; 523        ; 8        ; RESERVED_INPUT_WITH_WEAK_PULLUP                           ;        ;              ;         ; Column I/O ;                 ; no       ; On           ;
; E8       ; 526        ; 8        ; RESERVED_INPUT_WITH_WEAK_PULLUP                           ;        ;              ;         ; Column I/O ;                 ; no       ; On           ;
; E9       ;            ; 8        ; VCCIO8                                                    ; power  ;              ; 2.5V    ; --         ;                 ; --       ; --           ;
; E10      ; 516        ; 8        ; key[110]                                                  ; input  ; 2.5 V        ;         ; Column I/O ; N               ; no       ; Off          ;
; E11      ; 499        ; 8        ; key[40]                                                   ; input  ; 2.5 V        ;         ; Column I/O ; N               ; no       ; Off          ;
; E12      ; 497        ; 8        ; key[54]                                                   ; input  ; 2.5 V        ;         ; Column I/O ; N               ; no       ; Off          ;
; E13      ;            ; 8        ; VCCIO8                                                    ; power  ;              ; 2.5V    ; --         ;                 ; --       ; --           ;
; E14      ; 486        ; 8        ; key[107]                                                  ; input  ; 2.5 V        ;         ; Column I/O ; N               ; no       ; Off          ;
; E15      ; 467        ; 7        ; block_in[5]                                               ; input  ; 2.5 V        ;         ; Column I/O ; N               ; no       ; Off          ;
; E16      ;            ; 7        ; VCCIO7                                                    ; power  ;              ; 2.5V    ; --         ;                 ; --       ; --           ;
; E17      ; 456        ; 7        ; block_out[26]                                             ; output ; 2.5 V        ;         ; Column I/O ; N               ; no       ; Off          ;
; E18      ; 427        ; 7        ; RESERVED_INPUT_WITH_WEAK_PULLUP                           ;        ;              ;         ; Column I/O ;                 ; no       ; On           ;
; E19      ; 421        ; 7        ; RESERVED_INPUT_WITH_WEAK_PULLUP                           ;        ;              ;         ; Column I/O ;                 ; no       ; On           ;
; E20      ;            ; 7        ; VCCIO7                                                    ; power  ;              ; 2.5V    ; --         ;                 ; --       ; --           ;
; E21      ; 407        ; 7        ; RESERVED_INPUT_WITH_WEAK_PULLUP                           ;        ;              ;         ; Column I/O ;                 ; no       ; On           ;
; E22      ; 403        ; 7        ; RESERVED_INPUT_WITH_WEAK_PULLUP                           ;        ;              ;         ; Column I/O ;                 ; no       ; On           ;
; E23      ;            ; 7        ; VCCIO7                                                    ; power  ;              ; 2.5V    ; --         ;                 ; --       ; --           ;
; E24      ; 433        ; 7        ; RESERVED_INPUT_WITH_WEAK_PULLUP                           ;        ;              ;         ; Column I/O ;                 ; no       ; On           ;
; E25      ; 434        ; 7        ; block_in[13]                                              ; input  ; 2.5 V        ;         ; Column I/O ; N               ; no       ; Off          ;
; E26      ; 378        ; 6        ; RESERVED_INPUT_WITH_WEAK_PULLUP                           ;        ;              ;         ; Row I/O    ;                 ; no       ; On           ;
; E27      ; 375        ; 6        ; RESERVED_INPUT_WITH_WEAK_PULLUP                           ;        ;              ;         ; Row I/O    ;                 ; no       ; On           ;
; E28      ; 374        ; 6        ; RESERVED_INPUT_WITH_WEAK_PULLUP                           ;        ;              ;         ; Row I/O    ;                 ; no       ; On           ;
; F1       ; 19         ; 1        ; RESERVED_INPUT_WITH_WEAK_PULLUP                           ;        ;              ;         ; Row I/O    ;                 ; no       ; On           ;
; F2       ; 18         ; 1        ; RESERVED_INPUT_WITH_WEAK_PULLUP                           ;        ;              ;         ; Row I/O    ;                 ; no       ; On           ;
; F3       ; 8          ; 1        ; RESERVED_INPUT_WITH_WEAK_PULLUP                           ;        ;              ;         ; Row I/O    ;                 ; no       ; On           ;
; F4       ; 10         ; 1        ; ~ALTERA_ASDO_DATA1~ / RESERVED_INPUT_WITH_WEAK_PULLUP     ; input  ; 2.5 V        ;         ; Row I/O    ; N               ; no       ; On           ;
; F5       ; 9          ; 1        ; RESERVED_INPUT_WITH_WEAK_PULLUP                           ;        ;              ;         ; Row I/O    ;                 ; no       ; On           ;
; F6       ;            ;          ; GND                                                       ; gnd    ;              ;         ; --         ;                 ; --       ; --           ;
; F7       ; 531        ; 8        ; RESERVED_INPUT_WITH_WEAK_PULLUP                           ;        ;              ;         ; Column I/O ;                 ; no       ; On           ;
; F8       ; 527        ; 8        ; RESERVED_INPUT_WITH_WEAK_PULLUP                           ;        ;              ;         ; Column I/O ;                 ; no       ; On           ;
; F9       ;            ;          ; GND                                                       ; gnd    ;              ;         ; --         ;                 ; --       ; --           ;
; F10      ; 512        ; 8        ; RESERVED_INPUT_WITH_WEAK_PULLUP                           ;        ;              ;         ; Column I/O ;                 ; no       ; On           ;
; F11      ; 500        ; 8        ; key[105]                                                  ; input  ; 2.5 V        ;         ; Column I/O ; N               ; no       ; Off          ;
; F12      ; 498        ; 8        ; key[73]                                                   ; input  ; 2.5 V        ;         ; Column I/O ; N               ; no       ; Off          ;
; F13      ;            ;          ; GND                                                       ; gnd    ;              ;         ; --         ;                 ; --       ; --           ;
; F14      ; 485        ; 8        ; block_out[34]                                             ; output ; 2.5 V        ;         ; Column I/O ; N               ; no       ; Off          ;
; F15      ; 466        ; 7        ; block_in[6]                                               ; input  ; 2.5 V        ;         ; Column I/O ; N               ; no       ; Off          ;
; F16      ;            ;          ; GND                                                       ; gnd    ;              ;         ; --         ;                 ; --       ; --           ;
; F17      ; 455        ; 7        ; block_out[16]                                             ; output ; 2.5 V        ;         ; Column I/O ; N               ; no       ; Off          ;
; F18      ; 428        ; 7        ; RESERVED_INPUT_WITH_WEAK_PULLUP                           ;        ;              ;         ; Column I/O ;                 ; no       ; On           ;
; F19      ; 420        ; 7        ; RESERVED_INPUT_WITH_WEAK_PULLUP                           ;        ;              ;         ; Column I/O ;                 ; no       ; On           ;
; F20      ;            ;          ; GND                                                       ; gnd    ;              ;         ; --         ;                 ; --       ; --           ;
; F21      ; 408        ; 7        ; RESERVED_INPUT_WITH_WEAK_PULLUP                           ;        ;              ;         ; Column I/O ;                 ; no       ; On           ;
; F22      ; 409        ; 7        ; RESERVED_INPUT_WITH_WEAK_PULLUP                           ;        ;              ;         ; Column I/O ;                 ; --       ; --           ;
; F23      ;            ;          ; GND                                                       ; gnd    ;              ;         ; --         ;                 ; --       ; --           ;
; F24      ; 396        ; 6        ; RESERVED_INPUT_WITH_WEAK_PULLUP                           ;        ;              ;         ; Row I/O    ;                 ; no       ; On           ;
; F25      ; 395        ; 6        ; RESERVED_INPUT_WITH_WEAK_PULLUP                           ;        ;              ;         ; Row I/O    ;                 ; no       ; On           ;
; F26      ; 379        ; 6        ; RESERVED_INPUT_WITH_WEAK_PULLUP                           ;        ;              ;         ; Row I/O    ;                 ; no       ; On           ;
; F27      ; 373        ; 6        ; RESERVED_INPUT_WITH_WEAK_PULLUP                           ;        ;              ;         ; Row I/O    ;                 ; no       ; On           ;
; F28      ; 372        ; 6        ; RESERVED_INPUT_WITH_WEAK_PULLUP                           ;        ;              ;         ; Row I/O    ;                 ; no       ; On           ;
; G1       ; 26         ; 1        ; RESERVED_INPUT_WITH_WEAK_PULLUP                           ;        ;              ;         ; Row I/O    ;                 ; no       ; On           ;
; G2       ; 25         ; 1        ; RESERVED_INPUT_WITH_WEAK_PULLUP                           ;        ;              ;         ; Row I/O    ;                 ; no       ; On           ;
; G3       ; 13         ; 1        ; RESERVED_INPUT_WITH_WEAK_PULLUP                           ;        ;              ;         ; Row I/O    ;                 ; no       ; On           ;
; G4       ; 12         ; 1        ; RESERVED_INPUT_WITH_WEAK_PULLUP                           ;        ;              ;         ; Row I/O    ;                 ; no       ; On           ;
; G5       ; 6          ; 1        ; RESERVED_INPUT_WITH_WEAK_PULLUP                           ;        ;              ;         ; Row I/O    ;                 ; no       ; On           ;
; G6       ; 5          ; 1        ; RESERVED_INPUT_WITH_WEAK_PULLUP                           ;        ;              ;         ; Row I/O    ;                 ; no       ; On           ;
; G7       ; 530        ; 8        ; RESERVED_INPUT_WITH_WEAK_PULLUP                           ;        ;              ;         ; Column I/O ;                 ; no       ; On           ;
; G8       ; 528        ; 8        ; RESERVED_INPUT_WITH_WEAK_PULLUP                           ;        ;              ;         ; Column I/O ;                 ; no       ; On           ;
; G9       ; 525        ; 8        ; RESERVED_INPUT_WITH_WEAK_PULLUP                           ;        ;              ;         ; Column I/O ;                 ; --       ; --           ;
; G10      ; 513        ; 8        ; RESERVED_INPUT_WITH_WEAK_PULLUP                           ;        ;              ;         ; Column I/O ;                 ; no       ; On           ;
; G11      ; 506        ; 8        ; key[113]                                                  ; input  ; 2.5 V        ;         ; Column I/O ; N               ; no       ; Off          ;
; G12      ; 503        ; 8        ; key[71]                                                   ; input  ; 2.5 V        ;         ; Column I/O ; N               ; no       ; Off          ;
; G13      ; 493        ; 8        ; key[114]                                                  ; input  ; 2.5 V        ;         ; Column I/O ; N               ; no       ; Off          ;
; G14      ; 484        ; 8        ; start                                                     ; input  ; 2.5 V        ;         ; Column I/O ; N               ; no       ; Off          ;
; G15      ; 457        ; 7        ; block_in[14]                                              ; input  ; 2.5 V        ;         ; Column I/O ; N               ; no       ; Off          ;
; G16      ; 453        ; 7        ; block_in[7]                                               ; input  ; 2.5 V        ;         ; Column I/O ; N               ; no       ; Off          ;
; G17      ; 437        ; 7        ; block_in[4]                                               ; input  ; 2.5 V        ;         ; Column I/O ; N               ; no       ; Off          ;
; G18      ; 452        ; 7        ; block_out[46]                                             ; output ; 2.5 V        ;         ; Column I/O ; N               ; no       ; Off          ;
; G19      ; 451        ; 7        ; block_in[18]                                              ; input  ; 2.5 V        ;         ; Column I/O ; N               ; no       ; Off          ;
; G20      ; 444        ; 7        ; block_out[9]                                              ; output ; 2.5 V        ;         ; Column I/O ; N               ; no       ; Off          ;
; G21      ; 445        ; 7        ; block_out[1]                                              ; output ; 2.5 V        ;         ; Column I/O ; N               ; no       ; Off          ;
; G22      ; 449        ; 7        ; block_out[27]                                             ; output ; 2.5 V        ;         ; Column I/O ; N               ; no       ; Off          ;
; G23      ; 398        ; 6        ; RESERVED_INPUT_WITH_WEAK_PULLUP                           ;        ;              ;         ; Row I/O    ;                 ; no       ; On           ;
; G24      ; 397        ; 6        ; RESERVED_INPUT_WITH_WEAK_PULLUP                           ;        ;              ;         ; Row I/O    ;                 ; no       ; On           ;
; G25      ; 393        ; 6        ; RESERVED_INPUT_WITH_WEAK_PULLUP                           ;        ;              ;         ; Row I/O    ;                 ; no       ; On           ;
; G26      ; 392        ; 6        ; RESERVED_INPUT_WITH_WEAK_PULLUP                           ;        ;              ;         ; Row I/O    ;                 ; no       ; On           ;
; G27      ; 367        ; 6        ; RESERVED_INPUT_WITH_WEAK_PULLUP                           ;        ;              ;         ; Row I/O    ;                 ; no       ; On           ;
; G28      ; 366        ; 6        ; RESERVED_INPUT_WITH_WEAK_PULLUP                           ;        ;              ;         ; Row I/O    ;                 ; no       ; On           ;
; H1       ;            ; 1        ; VCCIO1                                                    ; power  ;              ; 2.5V    ; --         ;                 ; --       ; --           ;
; H2       ;            ;          ; GND                                                       ; gnd    ;              ;         ; --         ;                 ; --       ; --           ;
; H3       ; 15         ; 1        ; RESERVED_INPUT_WITH_WEAK_PULLUP                           ;        ;              ;         ; Row I/O    ;                 ; no       ; On           ;
; H4       ; 14         ; 1        ; RESERVED_INPUT_WITH_WEAK_PULLUP                           ;        ;              ;         ; Row I/O    ;                 ; no       ; On           ;
; H5       ; 20         ; 1        ; RESERVED_INPUT_WITH_WEAK_PULLUP                           ;        ;              ;         ; Row I/O    ;                 ; no       ; On           ;
; H6       ; 11         ; 1        ; RESERVED_INPUT_WITH_WEAK_PULLUP                           ;        ;              ;         ; Row I/O    ;                 ; no       ; On           ;
; H7       ; 4          ; 1        ; RESERVED_INPUT_WITH_WEAK_PULLUP                           ;        ;              ;         ; Row I/O    ;                 ; --       ; --           ;
; H8       ; 529        ; 8        ; RESERVED_INPUT_WITH_WEAK_PULLUP                           ;        ;              ;         ; Column I/O ;                 ; no       ; On           ;
; H9       ;            ;          ; GNDA3                                                     ; gnd    ;              ;         ; --         ;                 ; --       ; --           ;
; H10      ; 514        ; 8        ; key[60]                                                   ; input  ; 2.5 V        ;         ; Column I/O ; N               ; no       ; Off          ;
; H11      ;            ; 8        ; VCCIO8                                                    ; power  ;              ; 2.5V    ; --         ;                 ; --       ; --           ;
; H12      ; 507        ; 8        ; RESERVED_INPUT_WITH_WEAK_PULLUP                           ;        ;              ;         ; Column I/O ;                 ; no       ; On           ;
; H13      ; 494        ; 8        ; key[57]                                                   ; input  ; 2.5 V        ;         ; Column I/O ; N               ; no       ; Off          ;
; H14      ; 480        ; 8        ; block_in[46]                                              ; input  ; 2.5 V        ;         ; Column I/O ; N               ; no       ; Off          ;
; H15      ; 464        ; 7        ; block_out[15]                                             ; output ; 2.5 V        ;         ; Column I/O ; N               ; no       ; Off          ;
; H16      ; 459        ; 7        ; block_out[0]                                              ; output ; 2.5 V        ;         ; Column I/O ; N               ; no       ; Off          ;
; H17      ; 454        ; 7        ; block_in[9]                                               ; input  ; 2.5 V        ;         ; Column I/O ; N               ; no       ; Off          ;
; H18      ;            ; 7        ; VCCIO7                                                    ; power  ;              ; 2.5V    ; --         ;                 ; --       ; --           ;
; H19      ; 446        ; 7        ; block_in[0]                                               ; input  ; 2.5 V        ;         ; Column I/O ; N               ; no       ; Off          ;
; H20      ;            ;          ; GNDA2                                                     ; gnd    ;              ;         ; --         ;                 ; --       ; --           ;
; H21      ; 448        ; 7        ; block_out[35]                                             ; output ; 2.5 V        ;         ; Column I/O ; N               ; no       ; Off          ;
; H22      ; 399        ; 6        ; RESERVED_INPUT_WITH_WEAK_PULLUP                           ;        ;              ;         ; Row I/O    ;                 ; no       ; On           ;
; H23      ; 391        ; 6        ; RESERVED_INPUT_WITH_WEAK_PULLUP                           ;        ;              ;         ; Row I/O    ;                 ; no       ; On           ;
; H24      ; 390        ; 6        ; RESERVED_INPUT_WITH_WEAK_PULLUP                           ;        ;              ;         ; Row I/O    ;                 ; no       ; On           ;
; H25      ; 377        ; 6        ; RESERVED_INPUT_WITH_WEAK_PULLUP                           ;        ;              ;         ; Row I/O    ;                 ; no       ; On           ;
; H26      ; 376        ; 6        ; RESERVED_INPUT_WITH_WEAK_PULLUP                           ;        ;              ;         ; Row I/O    ;                 ; no       ; On           ;
; H27      ;            ;          ; GND                                                       ; gnd    ;              ;         ; --         ;                 ; --       ; --           ;
; H28      ;            ; 6        ; VCCIO6                                                    ; power  ;              ; 2.5V    ; --         ;                 ; --       ; --           ;
; J1       ; 64         ; 1        ; clk                                                       ; input  ; 2.5 V        ;         ; Row I/O    ; N               ; no       ; Off          ;
; J2       ;            ;          ; GND                                                       ; gnd    ;              ;         ; --         ;                 ; --       ; --           ;
; J3       ; 23         ; 1        ; RESERVED_INPUT_WITH_WEAK_PULLUP                           ;        ;              ;         ; Row I/O    ;                 ; no       ; On           ;
; J4       ; 22         ; 1        ; RESERVED_INPUT_WITH_WEAK_PULLUP                           ;        ;              ;         ; Row I/O    ;                 ; no       ; On           ;
; J5       ; 36         ; 1        ; key[70]                                                   ; input  ; 2.5 V        ;         ; Row I/O    ; N               ; no       ; Off          ;
; J6       ; 35         ; 1        ; key[67]                                                   ; input  ; 2.5 V        ;         ; Row I/O    ; N               ; no       ; Off          ;
; J7       ; 37         ; 1        ; key[6]                                                    ; input  ; 2.5 V        ;         ; Row I/O    ; N               ; no       ; Off          ;
; J8       ;            ; --       ; VCCA3                                                     ; power  ;              ; 2.5V    ; --         ;                 ; --       ; --           ;
; J9       ;            ;          ; VCCD_PLL3                                                 ; power  ;              ; 1.2V    ; --         ;                 ; --       ; --           ;
; J10      ; 515        ; 8        ; RESERVED_INPUT_WITH_WEAK_PULLUP                           ;        ;              ;         ; Column I/O ;                 ; no       ; On           ;
; J11      ;            ;          ; GND                                                       ; gnd    ;              ;         ; --         ;                 ; --       ; --           ;
; J12      ; 490        ; 8        ; key[127]                                                  ; input  ; 2.5 V        ;         ; Column I/O ; N               ; no       ; Off          ;
; J13      ; 489        ; 8        ; key[90]                                                   ; input  ; 2.5 V        ;         ; Column I/O ; N               ; no       ; Off          ;
; J14      ; 481        ; 8        ; block_in[61]                                              ; input  ; 2.5 V        ;         ; Column I/O ; N               ; no       ; Off          ;
; J15      ; 465        ; 7        ; block_out[14]                                             ; output ; 2.5 V        ;         ; Column I/O ; N               ; no       ; Off          ;
; J16      ; 458        ; 7        ; block_in[23]                                              ; input  ; 2.5 V        ;         ; Column I/O ; N               ; no       ; Off          ;
; J17      ; 450        ; 7        ; block_in[27]                                              ; input  ; 2.5 V        ;         ; Column I/O ; N               ; no       ; Off          ;
; J18      ;            ;          ; GND                                                       ; gnd    ;              ;         ; --         ;                 ; --       ; --           ;
; J19      ; 447        ; 7        ; block_in[43]                                              ; input  ; 2.5 V        ;         ; Column I/O ; N               ; no       ; Off          ;
; J20      ;            ;          ; VCCD_PLL2                                                 ; power  ;              ; 1.2V    ; --         ;                 ; --       ; --           ;
; J21      ;            ; --       ; VCCA2                                                     ; power  ;              ; 2.5V    ; --         ;                 ; --       ; --           ;
; J22      ; 394        ; 6        ; RESERVED_INPUT_WITH_WEAK_PULLUP                           ;        ;              ;         ; Row I/O    ;                 ; --       ; --           ;
; J23      ; 387        ; 6        ; RESERVED_INPUT_WITH_WEAK_PULLUP                           ;        ;              ;         ; Row I/O    ;                 ; no       ; On           ;
; J24      ; 386        ; 6        ; RESERVED_INPUT_WITH_WEAK_PULLUP                           ;        ;              ;         ; Row I/O    ;                 ; no       ; On           ;
; J25      ; 365        ; 6        ; RESERVED_INPUT_WITH_WEAK_PULLUP                           ;        ;              ;         ; Row I/O    ;                 ; no       ; On           ;
; J26      ; 364        ; 6        ; RESERVED_INPUT_WITH_WEAK_PULLUP                           ;        ;              ;         ; Row I/O    ;                 ; no       ; On           ;
; J27      ; 338        ; 6        ; GND+                                                      ;        ;              ;         ; Row I/O    ;                 ; --       ; --           ;
; J28      ; 337        ; 6        ; GND+                                                      ;        ;              ;         ; Row I/O    ;                 ; --       ; --           ;
; K1       ; 28         ; 1        ; RESERVED_INPUT_WITH_WEAK_PULLUP                           ;        ;              ;         ; Row I/O    ;                 ; no       ; On           ;
; K2       ; 27         ; 1        ; RESERVED_INPUT_WITH_WEAK_PULLUP                           ;        ;              ;         ; Row I/O    ;                 ; no       ; On           ;
; K3       ; 30         ; 1        ; RESERVED_INPUT_WITH_WEAK_PULLUP                           ;        ;              ;         ; Row I/O    ;                 ; no       ; On           ;
; K4       ; 29         ; 1        ; RESERVED_INPUT_WITH_WEAK_PULLUP                           ;        ;              ;         ; Row I/O    ;                 ; no       ; On           ;
; K5       ;            ; 1        ; VCCIO1                                                    ; power  ;              ; 2.5V    ; --         ;                 ; --       ; --           ;
; K6       ;            ;          ; GND                                                       ; gnd    ;              ;         ; --         ;                 ; --       ; --           ;
; K7       ; 38         ; 1        ; key[65]                                                   ; input  ; 2.5 V        ;         ; Row I/O    ; N               ; no       ; Off          ;
; K8       ; 39         ; 1        ; key[122]                                                  ; input  ; 2.5 V        ;         ; Row I/O    ; N               ; no       ; Off          ;
; K9       ;            ;          ; VCCINT                                                    ; power  ;              ; 1.2V    ; --         ;                 ; --       ; --           ;
; K10      ;            ;          ; GND                                                       ; gnd    ;              ;         ; --         ;                 ; --       ; --           ;
; K11      ;            ;          ; VCCINT                                                    ; power  ;              ; 1.2V    ; --         ;                 ; --       ; --           ;
; K12      ;            ;          ; GND                                                       ; gnd    ;              ;         ; --         ;                 ; --       ; --           ;
; K13      ;            ;          ; VCCINT                                                    ; power  ;              ; 1.2V    ; --         ;                 ; --       ; --           ;
; K14      ;            ;          ; GND                                                       ; gnd    ;              ;         ; --         ;                 ; --       ; --           ;
; K15      ;            ;          ; VCCINT                                                    ; power  ;              ; 1.2V    ; --         ;                 ; --       ; --           ;
; K16      ;            ;          ; GND                                                       ; gnd    ;              ;         ; --         ;                 ; --       ; --           ;
; K17      ;            ;          ; VCCINT                                                    ; power  ;              ; 1.2V    ; --         ;                 ; --       ; --           ;
; K18      ;            ;          ; GND                                                       ; gnd    ;              ;         ; --         ;                 ; --       ; --           ;
; K19      ;            ;          ; VCCINT                                                    ; power  ;              ; 1.2V    ; --         ;                 ; --       ; --           ;
; K20      ;            ;          ; GND                                                       ; gnd    ;              ;         ; --         ;                 ; --       ; --           ;
; K21      ; 389        ; 6        ; RESERVED_INPUT_WITH_WEAK_PULLUP                           ;        ;              ;         ; Row I/O    ;                 ; no       ; On           ;
; K22      ; 388        ; 6        ; RESERVED_INPUT_WITH_WEAK_PULLUP                           ;        ;              ;         ; Row I/O    ;                 ; no       ; On           ;
; K23      ;            ;          ; GND                                                       ; gnd    ;              ;         ; --         ;                 ; --       ; --           ;
; K24      ;            ; 6        ; VCCIO6                                                    ; power  ;              ; 2.5V    ; --         ;                 ; --       ; --           ;
; K25      ; 371        ; 6        ; RESERVED_INPUT_WITH_WEAK_PULLUP                           ;        ;              ;         ; Row I/O    ;                 ; no       ; On           ;
; K26      ; 370        ; 6        ; RESERVED_INPUT_WITH_WEAK_PULLUP                           ;        ;              ;         ; Row I/O    ;                 ; no       ; On           ;
; K27      ; 362        ; 6        ; RESERVED_INPUT_WITH_WEAK_PULLUP                           ;        ;              ;         ; Row I/O    ;                 ; no       ; On           ;
; K28      ; 361        ; 6        ; RESERVED_INPUT_WITH_WEAK_PULLUP                           ;        ;              ;         ; Row I/O    ;                 ; no       ; On           ;
; L1       ; 49         ; 1        ; key[91]                                                   ; input  ; 2.5 V        ;         ; Row I/O    ; N               ; no       ; Off          ;
; L2       ; 48         ; 1        ; key[37]                                                   ; input  ; 2.5 V        ;         ; Row I/O    ; N               ; no       ; Off          ;
; L3       ; 32         ; 1        ; block_out[29]                                             ; output ; 2.5 V        ;         ; Row I/O    ; N               ; no       ; Off          ;
; L4       ; 31         ; 1        ; block_in[31]                                              ; input  ; 2.5 V        ;         ; Row I/O    ; N               ; no       ; Off          ;
; L5       ; 21         ; 1        ; RESERVED_INPUT_WITH_WEAK_PULLUP                           ;        ;              ;         ; Row I/O    ;                 ; --       ; --           ;
; L6       ; 43         ; 1        ; block_out[19]                                             ; output ; 2.5 V        ;         ; Row I/O    ; N               ; no       ; Off          ;
; L7       ; 42         ; 1        ; key[2]                                                    ; input  ; 2.5 V        ;         ; Row I/O    ; N               ; no       ; Off          ;
; L8       ; 40         ; 1        ; key[58]                                                   ; input  ; 2.5 V        ;         ; Row I/O    ; N               ; no       ; Off          ;
; L9       ;            ;          ; GND                                                       ; gnd    ;              ;         ; --         ;                 ; --       ; --           ;
; L10      ;            ;          ; VCCINT                                                    ; power  ;              ; 1.2V    ; --         ;                 ; --       ; --           ;
; L11      ;            ;          ; GND                                                       ; gnd    ;              ;         ; --         ;                 ; --       ; --           ;
; L12      ;            ;          ; VCCINT                                                    ; power  ;              ; 1.2V    ; --         ;                 ; --       ; --           ;
; L13      ;            ;          ; GND                                                       ; gnd    ;              ;         ; --         ;                 ; --       ; --           ;
; L14      ;            ;          ; VCCINT                                                    ; power  ;              ; 1.2V    ; --         ;                 ; --       ; --           ;
; L15      ;            ;          ; GND                                                       ; gnd    ;              ;         ; --         ;                 ; --       ; --           ;
; L16      ;            ;          ; VCCINT                                                    ; power  ;              ; 1.2V    ; --         ;                 ; --       ; --           ;
; L17      ;            ;          ; GND                                                       ; gnd    ;              ;         ; --         ;                 ; --       ; --           ;
; L18      ;            ;          ; VCCINT                                                    ; power  ;              ; 1.2V    ; --         ;                 ; --       ; --           ;
; L19      ;            ;          ; GND                                                       ; gnd    ;              ;         ; --         ;                 ; --       ; --           ;
; L20      ;            ;          ; VCCINT                                                    ; power  ;              ; 1.2V    ; --         ;                 ; --       ; --           ;
; L21      ; 385        ; 6        ; RESERVED_INPUT_WITH_WEAK_PULLUP                           ;        ;              ;         ; Row I/O    ;                 ; no       ; On           ;
; L22      ; 384        ; 6        ; RESERVED_INPUT_WITH_WEAK_PULLUP                           ;        ;              ;         ; Row I/O    ;                 ; no       ; On           ;
; L23      ; 360        ; 6        ; RESERVED_INPUT_WITH_WEAK_PULLUP                           ;        ;              ;         ; Row I/O    ;                 ; no       ; On           ;
; L24      ; 359        ; 6        ; RESERVED_INPUT_WITH_WEAK_PULLUP                           ;        ;              ;         ; Row I/O    ;                 ; no       ; On           ;
; L25      ; 369        ; 6        ; RESERVED_INPUT_WITH_WEAK_PULLUP                           ;        ;              ;         ; Row I/O    ;                 ; no       ; On           ;
; L26      ; 363        ; 6        ; RESERVED_INPUT_WITH_WEAK_PULLUP                           ;        ;              ;         ; Row I/O    ;                 ; no       ; On           ;
; L27      ; 358        ; 6        ; RESERVED_INPUT_WITH_WEAK_PULLUP                           ;        ;              ;         ; Row I/O    ;                 ; no       ; On           ;
; L28      ; 357        ; 6        ; RESERVED_INPUT_WITH_WEAK_PULLUP                           ;        ;              ;         ; Row I/O    ;                 ; no       ; On           ;
; M1       ; 51         ; 1        ; key[76]                                                   ; input  ; 2.5 V        ;         ; Row I/O    ; N               ; no       ; Off          ;
; M2       ; 50         ; 1        ; key[25]                                                   ; input  ; 2.5 V        ;         ; Row I/O    ; N               ; no       ; Off          ;
; M3       ; 34         ; 1        ; key[108]                                                  ; input  ; 2.5 V        ;         ; Row I/O    ; N               ; no       ; Off          ;
; M4       ; 33         ; 1        ; key[13]                                                   ; input  ; 2.5 V        ;         ; Row I/O    ; N               ; no       ; Off          ;
; M5       ; 41         ; 1        ; key[66]                                                   ; input  ; 2.5 V        ;         ; Row I/O    ; N               ; no       ; Off          ;
; M6       ; 24         ; 1        ; ^nSTATUS                                                  ;        ;              ;         ; --         ;                 ; --       ; --           ;
; M7       ; 47         ; 1        ; key[98]                                                   ; input  ; 2.5 V        ;         ; Row I/O    ; N               ; no       ; Off          ;
; M8       ; 46         ; 1        ; block_out[28]                                             ; output ; 2.5 V        ;         ; Row I/O    ; N               ; no       ; Off          ;
; M9       ;            ;          ; VCCINT                                                    ; power  ;              ; 1.2V    ; --         ;                 ; --       ; --           ;
; M10      ;            ;          ; GND                                                       ; gnd    ;              ;         ; --         ;                 ; --       ; --           ;
; M11      ;            ;          ; VCCINT                                                    ; power  ;              ; 1.2V    ; --         ;                 ; --       ; --           ;
; M12      ;            ;          ; GND                                                       ; gnd    ;              ;         ; --         ;                 ; --       ; --           ;
; M13      ;            ;          ; VCCINT                                                    ; power  ;              ; 1.2V    ; --         ;                 ; --       ; --           ;
; M14      ;            ;          ; GND                                                       ; gnd    ;              ;         ; --         ;                 ; --       ; --           ;
; M15      ;            ;          ; VCCINT                                                    ; power  ;              ; 1.2V    ; --         ;                 ; --       ; --           ;
; M16      ;            ;          ; GND                                                       ; gnd    ;              ;         ; --         ;                 ; --       ; --           ;
; M17      ;            ;          ; VCCINT                                                    ; power  ;              ; 1.2V    ; --         ;                 ; --       ; --           ;
; M18      ;            ;          ; GND                                                       ; gnd    ;              ;         ; --         ;                 ; --       ; --           ;
; M19      ;            ;          ; VCCINT                                                    ; power  ;              ; 1.2V    ; --         ;                 ; --       ; --           ;
; M20      ;            ;          ; GND                                                       ; gnd    ;              ;         ; --         ;                 ; --       ; --           ;
; M21      ; 368        ; 6        ; RESERVED_INPUT_WITH_WEAK_PULLUP                           ;        ;              ;         ; Row I/O    ;                 ; --       ; --           ;
; M22      ; 342        ; 6        ; ^MSEL2                                                    ;        ;              ;         ; --         ;                 ; --       ; --           ;
; M23      ; 344        ; 6        ; RESERVED_INPUT_WITH_WEAK_PULLUP                           ;        ;              ;         ; Row I/O    ;                 ; no       ; On           ;
; M24      ; 347        ; 6        ; RESERVED_INPUT_WITH_WEAK_PULLUP                           ;        ;              ;         ; Row I/O    ;                 ; no       ; On           ;
; M25      ; 356        ; 6        ; RESERVED_INPUT_WITH_WEAK_PULLUP                           ;        ;              ;         ; Row I/O    ;                 ; no       ; On           ;
; M26      ; 355        ; 6        ; RESERVED_INPUT_WITH_WEAK_PULLUP                           ;        ;              ;         ; Row I/O    ;                 ; no       ; On           ;
; M27      ; 354        ; 6        ; RESERVED_INPUT_WITH_WEAK_PULLUP                           ;        ;              ;         ; Row I/O    ;                 ; no       ; On           ;
; M28      ; 353        ; 6        ; RESERVED_INPUT_WITH_WEAK_PULLUP                           ;        ;              ;         ; Row I/O    ;                 ; no       ; On           ;
; N1       ;            ; 1        ; VCCIO1                                                    ; power  ;              ; 2.5V    ; --         ;                 ; --       ; --           ;
; N2       ;            ;          ; GND                                                       ; gnd    ;              ;         ; --         ;                 ; --       ; --           ;
; N3       ; 45         ; 1        ; key[34]                                                   ; input  ; 2.5 V        ;         ; Row I/O    ; N               ; no       ; Off          ;
; N4       ; 44         ; 1        ; block_in[8]                                               ; input  ; 2.5 V        ;         ; Row I/O    ; N               ; no       ; Off          ;
; N5       ;            ; 1        ; VCCIO1                                                    ; power  ;              ; 2.5V    ; --         ;                 ; --       ; --           ;
; N6       ;            ;          ; GND                                                       ; gnd    ;              ;         ; --         ;                 ; --       ; --           ;
; N7       ; 56         ; 1        ; ~ALTERA_DATA0~ / RESERVED_INPUT_WITH_WEAK_PULLUP          ; input  ; 2.5 V        ;         ; Row I/O    ; N               ; no       ; On           ;
; N8       ; 54         ; 1        ; key[100]                                                  ; input  ; 2.5 V        ;         ; Row I/O    ; N               ; no       ; Off          ;
; N9       ;            ;          ; GND                                                       ; gnd    ;              ;         ; --         ;                 ; --       ; --           ;
; N10      ;            ;          ; VCCINT                                                    ; power  ;              ; 1.2V    ; --         ;                 ; --       ; --           ;
; N11      ;            ;          ; GND                                                       ; gnd    ;              ;         ; --         ;                 ; --       ; --           ;
; N12      ;            ;          ; VCCINT                                                    ; power  ;              ; 1.2V    ; --         ;                 ; --       ; --           ;
; N13      ;            ;          ; GND                                                       ; gnd    ;              ;         ; --         ;                 ; --       ; --           ;
; N14      ;            ;          ; VCCINT                                                    ; power  ;              ; 1.2V    ; --         ;                 ; --       ; --           ;
; N15      ;            ;          ; GND                                                       ; gnd    ;              ;         ; --         ;                 ; --       ; --           ;
; N16      ;            ;          ; VCCINT                                                    ; power  ;              ; 1.2V    ; --         ;                 ; --       ; --           ;
; N17      ;            ;          ; GND                                                       ; gnd    ;              ;         ; --         ;                 ; --       ; --           ;
; N18      ;            ;          ; VCCINT                                                    ; power  ;              ; 1.2V    ; --         ;                 ; --       ; --           ;
; N19      ;            ;          ; GND                                                       ; gnd    ;              ;         ; --         ;                 ; --       ; --           ;
; N20      ;            ;          ; VCCINT                                                    ; power  ;              ; 1.2V    ; --         ;                 ; --       ; --           ;
; N21      ; 348        ; 6        ; RESERVED_INPUT_WITH_WEAK_PULLUP                           ;        ;              ;         ; Row I/O    ;                 ; --       ; --           ;
; N22      ; 340        ; 6        ; ^MSEL0                                                    ;        ;              ;         ; --         ;                 ; --       ; --           ;
; N23      ;            ;          ; GND                                                       ; gnd    ;              ;         ; --         ;                 ; --       ; --           ;
; N24      ;            ; 6        ; VCCIO6                                                    ; power  ;              ; 2.5V    ; --         ;                 ; --       ; --           ;
; N25      ; 352        ; 6        ; RESERVED_INPUT_WITH_WEAK_PULLUP                           ;        ;              ;         ; Row I/O    ;                 ; no       ; On           ;
; N26      ; 351        ; 6        ; RESERVED_INPUT_WITH_WEAK_PULLUP                           ;        ;              ;         ; Row I/O    ;                 ; no       ; On           ;
; N27      ;            ;          ; GND                                                       ; gnd    ;              ;         ; --         ;                 ; --       ; --           ;
; N28      ;            ; 6        ; VCCIO6                                                    ; power  ;              ; 2.5V    ; --         ;                 ; --       ; --           ;
; P1       ; 53         ; 1        ; key[64]                                                   ; input  ; 2.5 V        ;         ; Row I/O    ; N               ; no       ; Off          ;
; P2       ; 52         ; 1        ; key[95]                                                   ; input  ; 2.5 V        ;         ; Row I/O    ; N               ; no       ; Off          ;
; P3       ; 55         ; 1        ; ~ALTERA_DCLK~                                             ; output ; 2.5 V        ;         ; Row I/O    ; N               ; no       ; On           ;
; P4       ; 57         ; 1        ; ^nCONFIG                                                  ;        ;              ;         ; --         ;                 ; --       ; --           ;
; P5       ; 59         ; 1        ; #TCK                                                      ; input  ;              ;         ; --         ;                 ; --       ; --           ;
; P6       ; 61         ; 1        ; #TDO                                                      ; output ;              ;         ; --         ;                 ; --       ; --           ;
; P7       ; 58         ; 1        ; #TDI                                                      ; input  ;              ;         ; --         ;                 ; --       ; --           ;
; P8       ; 60         ; 1        ; #TMS                                                      ; input  ;              ;         ; --         ;                 ; --       ; --           ;
; P9       ;            ;          ; VCCINT                                                    ; power  ;              ; 1.2V    ; --         ;                 ; --       ; --           ;
; P10      ;            ;          ; GND                                                       ; gnd    ;              ;         ; --         ;                 ; --       ; --           ;
; P11      ;            ;          ; VCCINT                                                    ; power  ;              ; 1.2V    ; --         ;                 ; --       ; --           ;
; P12      ;            ;          ; GND                                                       ; gnd    ;              ;         ; --         ;                 ; --       ; --           ;
; P13      ;            ;          ; VCCINT                                                    ; power  ;              ; 1.2V    ; --         ;                 ; --       ; --           ;
; P14      ;            ;          ; GND                                                       ; gnd    ;              ;         ; --         ;                 ; --       ; --           ;
; P15      ;            ;          ; VCCINT                                                    ; power  ;              ; 1.2V    ; --         ;                 ; --       ; --           ;
; P16      ;            ;          ; GND                                                       ; gnd    ;              ;         ; --         ;                 ; --       ; --           ;
; P17      ;            ;          ; VCCINT                                                    ; power  ;              ; 1.2V    ; --         ;                 ; --       ; --           ;
; P18      ;            ;          ; GND                                                       ; gnd    ;              ;         ; --         ;                 ; --       ; --           ;
; P19      ;            ;          ; VCCINT                                                    ; power  ;              ; 1.2V    ; --         ;                 ; --       ; --           ;
; P20      ;            ;          ; GND                                                       ; gnd    ;              ;         ; --         ;                 ; --       ; --           ;
; P21      ; 334        ; 5        ; RESERVED_INPUT_WITH_WEAK_PULLUP                           ;        ;              ;         ; Row I/O    ;                 ; no       ; On           ;
; P22      ; 343        ; 6        ; ^MSEL3                                                    ;        ;              ;         ; --         ;                 ; --       ; --           ;
; P23      ; 341        ; 6        ; ^MSEL1                                                    ;        ;              ;         ; --         ;                 ; --       ; --           ;
; P24      ; 339        ; 6        ; ^CONF_DONE                                                ;        ;              ;         ; --         ;                 ; --       ; --           ;
; P25      ; 346        ; 6        ; RESERVED_INPUT_WITH_WEAK_PULLUP                           ;        ;              ;         ; Row I/O    ;                 ; no       ; On           ;
; P26      ; 345        ; 6        ; RESERVED_INPUT_WITH_WEAK_PULLUP                           ;        ;              ;         ; Row I/O    ;                 ; no       ; On           ;
; P27      ; 350        ; 6        ; RESERVED_INPUT_WITH_WEAK_PULLUP                           ;        ;              ;         ; Row I/O    ;                 ; no       ; On           ;
; P28      ; 349        ; 6        ; ~ALTERA_nCEO~ / RESERVED_OUTPUT_OPEN_DRAIN                ; output ; 2.5 V        ;         ; Row I/O    ; N               ; no       ; Off          ;
; R1       ; 68         ; 2        ; key[31]                                                   ; input  ; 2.5 V        ;         ; Row I/O    ; N               ; no       ; Off          ;
; R2       ; 67         ; 2        ; key[63]                                                   ; input  ; 2.5 V        ;         ; Row I/O    ; N               ; no       ; Off          ;
; R3       ; 73         ; 2        ; key[0]                                                    ; input  ; 2.5 V        ;         ; Row I/O    ; N               ; no       ; Off          ;
; R4       ; 74         ; 2        ; key[41]                                                   ; input  ; 2.5 V        ;         ; Row I/O    ; N               ; no       ; Off          ;
; R5       ; 77         ; 2        ; key[20]                                                   ; input  ; 2.5 V        ;         ; Row I/O    ; N               ; no       ; Off          ;
; R6       ; 70         ; 2        ; key[32]                                                   ; input  ; 2.5 V        ;         ; Row I/O    ; N               ; no       ; Off          ;
; R7       ; 69         ; 2        ; block_out[31]                                             ; output ; 2.5 V        ;         ; Row I/O    ; N               ; no       ; Off          ;
; R8       ; 62         ; 1        ; ^nCE                                                      ;        ;              ;         ; --         ;                 ; --       ; --           ;
; R9       ;            ;          ; GND                                                       ; gnd    ;              ;         ; --         ;                 ; --       ; --           ;
; R10      ;            ;          ; VCCINT                                                    ; power  ;              ; 1.2V    ; --         ;                 ; --       ; --           ;
; R11      ;            ;          ; GND                                                       ; gnd    ;              ;         ; --         ;                 ; --       ; --           ;
; R12      ;            ;          ; VCCINT                                                    ; power  ;              ; 1.2V    ; --         ;                 ; --       ; --           ;
; R13      ;            ;          ; GND                                                       ; gnd    ;              ;         ; --         ;                 ; --       ; --           ;
; R14      ;            ;          ; VCCINT                                                    ; power  ;              ; 1.2V    ; --         ;                 ; --       ; --           ;
; R15      ;            ;          ; GND                                                       ; gnd    ;              ;         ; --         ;                 ; --       ; --           ;
; R16      ;            ;          ; VCCINT                                                    ; power  ;              ; 1.2V    ; --         ;                 ; --       ; --           ;
; R17      ;            ;          ; GND                                                       ; gnd    ;              ;         ; --         ;                 ; --       ; --           ;
; R18      ;            ;          ; VCCINT                                                    ; power  ;              ; 1.2V    ; --         ;                 ; --       ; --           ;
; R19      ;            ;          ; GND                                                       ; gnd    ;              ;         ; --         ;                 ; --       ; --           ;
; R20      ;            ;          ; VCCINT                                                    ; power  ;              ; 1.2V    ; --         ;                 ; --       ; --           ;
; R21      ; 333        ; 5        ; block_out[5]                                              ; output ; 2.5 V        ;         ; Row I/O    ; N               ; no       ; Off          ;
; R22      ; 332        ; 5        ; block_out[12]                                             ; output ; 2.5 V        ;         ; Row I/O    ; N               ; no       ; Off          ;
; R23      ; 331        ; 5        ; block_in[26]                                              ; input  ; 2.5 V        ;         ; Row I/O    ; N               ; no       ; Off          ;
; R24      ; 330        ; 5        ; RESERVED_INPUT_WITH_WEAK_PULLUP                           ;        ;              ;         ; Row I/O    ;                 ; no       ; On           ;
; R25      ; 327        ; 5        ; RESERVED_INPUT_WITH_WEAK_PULLUP                           ;        ;              ;         ; Row I/O    ;                 ; no       ; On           ;
; R26      ; 326        ; 5        ; RESERVED_INPUT_WITH_WEAK_PULLUP                           ;        ;              ;         ; Row I/O    ;                 ; no       ; On           ;
; R27      ; 329        ; 5        ; RESERVED_INPUT_WITH_WEAK_PULLUP                           ;        ;              ;         ; Row I/O    ;                 ; no       ; On           ;
; R28      ; 328        ; 5        ; RESERVED_INPUT_WITH_WEAK_PULLUP                           ;        ;              ;         ; Row I/O    ;                 ; no       ; On           ;
; T1       ;            ; 2        ; VCCIO2                                                    ; power  ;              ; 2.5V    ; --         ;                 ; --       ; --           ;
; T2       ;            ;          ; GND                                                       ; gnd    ;              ;         ; --         ;                 ; --       ; --           ;
; T3       ; 76         ; 2        ; key[84]                                                   ; input  ; 2.5 V        ;         ; Row I/O    ; N               ; no       ; Off          ;
; T4       ; 75         ; 2        ; key[12]                                                   ; input  ; 2.5 V        ;         ; Row I/O    ; N               ; no       ; Off          ;
; T5       ;            ; 2        ; VCCIO2                                                    ; power  ;              ; 2.5V    ; --         ;                 ; --       ; --           ;
; T6       ;            ;          ; GND                                                       ; gnd    ;              ;         ; --         ;                 ; --       ; --           ;
; T7       ; 78         ; 2        ; block_out[56]                                             ; output ; 2.5 V        ;         ; Row I/O    ; N               ; no       ; Off          ;
; T8       ; 100        ; 2        ; key[29]                                                   ; input  ; 2.5 V        ;         ; Row I/O    ; N               ; no       ; Off          ;
; T9       ;            ;          ; VCCINT                                                    ; power  ;              ; 1.2V    ; --         ;                 ; --       ; --           ;
; T10      ;            ;          ; GND                                                       ; gnd    ;              ;         ; --         ;                 ; --       ; --           ;
; T11      ;            ;          ; VCCINT                                                    ; power  ;              ; 1.2V    ; --         ;                 ; --       ; --           ;
; T12      ;            ;          ; GND                                                       ; gnd    ;              ;         ; --         ;                 ; --       ; --           ;
; T13      ;            ;          ; VCCINT                                                    ; power  ;              ; 1.2V    ; --         ;                 ; --       ; --           ;
; T14      ;            ;          ; GND                                                       ; gnd    ;              ;         ; --         ;                 ; --       ; --           ;
; T15      ;            ;          ; VCCINT                                                    ; power  ;              ; 1.2V    ; --         ;                 ; --       ; --           ;
; T16      ;            ;          ; GND                                                       ; gnd    ;              ;         ; --         ;                 ; --       ; --           ;
; T17      ;            ;          ; VCCINT                                                    ; power  ;              ; 1.2V    ; --         ;                 ; --       ; --           ;
; T18      ;            ;          ; GND                                                       ; gnd    ;              ;         ; --         ;                 ; --       ; --           ;
; T19      ;            ;          ; VCCINT                                                    ; power  ;              ; 1.2V    ; --         ;                 ; --       ; --           ;
; T20      ;            ;          ; GND                                                       ; gnd    ;              ;         ; --         ;                 ; --       ; --           ;
; T21      ; 325        ; 5        ; block_in[49]                                              ; input  ; 2.5 V        ;         ; Row I/O    ; N               ; no       ; Off          ;
; T22      ; 324        ; 5        ; block_in[52]                                              ; input  ; 2.5 V        ;         ; Row I/O    ; N               ; no       ; Off          ;
; T23      ;            ;          ; GND                                                       ; gnd    ;              ;         ; --         ;                 ; --       ; --           ;
; T24      ;            ; 5        ; VCCIO5                                                    ; power  ;              ; 2.5V    ; --         ;                 ; --       ; --           ;
; T25      ; 323        ; 5        ; block_in[47]                                              ; input  ; 2.5 V        ;         ; Row I/O    ; N               ; no       ; Off          ;
; T26      ; 322        ; 5        ; block_out[63]                                             ; output ; 2.5 V        ;         ; Row I/O    ; N               ; no       ; Off          ;
; T27      ;            ;          ; GND                                                       ; gnd    ;              ;         ; --         ;                 ; --       ; --           ;
; T28      ;            ; 5        ; VCCIO5                                                    ; power  ;              ; 2.5V    ; --         ;                 ; --       ; --           ;
; U1       ; 80         ; 2        ; done                                                      ; output ; 2.5 V        ;         ; Row I/O    ; N               ; no       ; Off          ;
; U2       ; 79         ; 2        ; block_out[32]                                             ; output ; 2.5 V        ;         ; Row I/O    ; N               ; no       ; Off          ;
; U3       ; 71         ; 2        ; key[96]                                                   ; input  ; 2.5 V        ;         ; Row I/O    ; N               ; no       ; Off          ;
; U4       ; 72         ; 2        ; key[36]                                                   ; input  ; 2.5 V        ;         ; Row I/O    ; N               ; no       ; Off          ;
; U5       ; 90         ; 2        ; key[115]                                                  ; input  ; 2.5 V        ;         ; Row I/O    ; N               ; no       ; Off          ;
; U6       ; 89         ; 2        ; key[38]                                                   ; input  ; 2.5 V        ;         ; Row I/O    ; N               ; no       ; Off          ;
; U7       ; 103        ; 2        ; key[89]                                                   ; input  ; 2.5 V        ;         ; Row I/O    ; N               ; no       ; Off          ;
; U8       ; 104        ; 2        ; key[125]                                                  ; input  ; 2.5 V        ;         ; Row I/O    ; N               ; no       ; Off          ;
; U9       ;            ;          ; GND                                                       ; gnd    ;              ;         ; --         ;                 ; --       ; --           ;
; U10      ;            ;          ; VCCINT                                                    ; power  ;              ; 1.2V    ; --         ;                 ; --       ; --           ;
; U11      ;            ;          ; GND                                                       ; gnd    ;              ;         ; --         ;                 ; --       ; --           ;
; U12      ;            ;          ; VCCINT                                                    ; power  ;              ; 1.2V    ; --         ;                 ; --       ; --           ;
; U13      ;            ;          ; GND                                                       ; gnd    ;              ;         ; --         ;                 ; --       ; --           ;
; U14      ;            ;          ; VCCINT                                                    ; power  ;              ; 1.2V    ; --         ;                 ; --       ; --           ;
; U15      ;            ;          ; GND                                                       ; gnd    ;              ;         ; --         ;                 ; --       ; --           ;
; U16      ;            ;          ; VCCINT                                                    ; power  ;              ; 1.2V    ; --         ;                 ; --       ; --           ;
; U17      ;            ;          ; GND                                                       ; gnd    ;              ;         ; --         ;                 ; --       ; --           ;
; U18      ;            ;          ; VCCINT                                                    ; power  ;              ; 1.2V    ; --         ;                 ; --       ; --           ;
; U19      ;            ;          ; GND                                                       ; gnd    ;              ;         ; --         ;                 ; --       ; --           ;
; U20      ;            ;          ; VCCINT                                                    ; power  ;              ; 1.2V    ; --         ;                 ; --       ; --           ;
; U21      ; 319        ; 5        ; key[11]                                                   ; input  ; 2.5 V        ;         ; Row I/O    ; N               ; no       ; Off          ;
; U22      ; 313        ; 5        ; RESERVED_INPUT_WITH_WEAK_PULLUP                           ;        ;              ;         ; Row I/O    ;                 ; no       ; On           ;
; U23      ; 305        ; 5        ; RESERVED_INPUT_WITH_WEAK_PULLUP                           ;        ;              ;         ; Row I/O    ;                 ; --       ; --           ;
; U24      ; 316        ; 5        ; RESERVED_INPUT_WITH_WEAK_PULLUP                           ;        ;              ;         ; Row I/O    ;                 ; --       ; --           ;
; U25      ; 315        ; 5        ; RESERVED_INPUT_WITH_WEAK_PULLUP                           ;        ;              ;         ; Row I/O    ;                 ; no       ; On           ;
; U26      ; 314        ; 5        ; RESERVED_INPUT_WITH_WEAK_PULLUP                           ;        ;              ;         ; Row I/O    ;                 ; no       ; On           ;
; U27      ; 318        ; 5        ; key[74]                                                   ; input  ; 2.5 V        ;         ; Row I/O    ; N               ; no       ; Off          ;
; U28      ; 317        ; 5        ; key[18]                                                   ; input  ; 2.5 V        ;         ; Row I/O    ; N               ; no       ; Off          ;
; V1       ; 84         ; 2        ; key[51]                                                   ; input  ; 2.5 V        ;         ; Row I/O    ; N               ; no       ; Off          ;
; V2       ; 83         ; 2        ; key[30]                                                   ; input  ; 2.5 V        ;         ; Row I/O    ; N               ; no       ; Off          ;
; V3       ; 82         ; 2        ; key[8]                                                    ; input  ; 2.5 V        ;         ; Row I/O    ; N               ; no       ; Off          ;
; V4       ; 81         ; 2        ; key[9]                                                    ; input  ; 2.5 V        ;         ; Row I/O    ; N               ; no       ; Off          ;
; V5       ; 108        ; 2        ; RESERVED_INPUT_WITH_WEAK_PULLUP                           ;        ;              ;         ; Row I/O    ;                 ; no       ; On           ;
; V6       ; 107        ; 2        ; key[35]                                                   ; input  ; 2.5 V        ;         ; Row I/O    ; N               ; no       ; Off          ;
; V7       ; 110        ; 2        ; RESERVED_INPUT_WITH_WEAK_PULLUP                           ;        ;              ;         ; Row I/O    ;                 ; no       ; On           ;
; V8       ; 109        ; 2        ; RESERVED_INPUT_WITH_WEAK_PULLUP                           ;        ;              ;         ; Row I/O    ;                 ; no       ; On           ;
; V9       ;            ;          ; VCCINT                                                    ; power  ;              ; 1.2V    ; --         ;                 ; --       ; --           ;
; V10      ;            ;          ; GND                                                       ; gnd    ;              ;         ; --         ;                 ; --       ; --           ;
; V11      ;            ;          ; VCCINT                                                    ; power  ;              ; 1.2V    ; --         ;                 ; --       ; --           ;
; V12      ;            ;          ; GND                                                       ; gnd    ;              ;         ; --         ;                 ; --       ; --           ;
; V13      ;            ;          ; VCCINT                                                    ; power  ;              ; 1.2V    ; --         ;                 ; --       ; --           ;
; V14      ;            ;          ; GND                                                       ; gnd    ;              ;         ; --         ;                 ; --       ; --           ;
; V15      ;            ;          ; VCCINT                                                    ; power  ;              ; 1.2V    ; --         ;                 ; --       ; --           ;
; V16      ;            ;          ; GND                                                       ; gnd    ;              ;         ; --         ;                 ; --       ; --           ;
; V17      ;            ;          ; VCCINT                                                    ; power  ;              ; 1.2V    ; --         ;                 ; --       ; --           ;
; V18      ;            ;          ; GND                                                       ; gnd    ;              ;         ; --         ;                 ; --       ; --           ;
; V19      ;            ;          ; VCCINT                                                    ; power  ;              ; 1.2V    ; --         ;                 ; --       ; --           ;
; V20      ;            ;          ; GND                                                       ; gnd    ;              ;         ; --         ;                 ; --       ; --           ;
; V21      ; 311        ; 5        ; RESERVED_INPUT_WITH_WEAK_PULLUP                           ;        ;              ;         ; Row I/O    ;                 ; no       ; On           ;
; V22      ; 312        ; 5        ; RESERVED_INPUT_WITH_WEAK_PULLUP                           ;        ;              ;         ; Row I/O    ;                 ; no       ; On           ;
; V23      ; 309        ; 5        ; RESERVED_INPUT_WITH_WEAK_PULLUP                           ;        ;              ;         ; Row I/O    ;                 ; no       ; On           ;
; V24      ; 308        ; 5        ; RESERVED_INPUT_WITH_WEAK_PULLUP                           ;        ;              ;         ; Row I/O    ;                 ; no       ; On           ;
; V25      ; 307        ; 5        ; RESERVED_INPUT_WITH_WEAK_PULLUP                           ;        ;              ;         ; Row I/O    ;                 ; no       ; On           ;
; V26      ; 306        ; 5        ; RESERVED_INPUT_WITH_WEAK_PULLUP                           ;        ;              ;         ; Row I/O    ;                 ; no       ; On           ;
; V27      ; 304        ; 5        ; RESERVED_INPUT_WITH_WEAK_PULLUP                           ;        ;              ;         ; Row I/O    ;                 ; no       ; On           ;
; V28      ; 303        ; 5        ; RESERVED_INPUT_WITH_WEAK_PULLUP                           ;        ;              ;         ; Row I/O    ;                 ; no       ; On           ;
; W1       ; 88         ; 2        ; key[120]                                                  ; input  ; 2.5 V        ;         ; Row I/O    ; N               ; no       ; Off          ;
; W2       ; 87         ; 2        ; block_out[41]                                             ; output ; 2.5 V        ;         ; Row I/O    ; N               ; no       ; Off          ;
; W3       ; 112        ; 2        ; RESERVED_INPUT_WITH_WEAK_PULLUP                           ;        ;              ;         ; Row I/O    ;                 ; no       ; On           ;
; W4       ; 111        ; 2        ; block_in[19]                                              ; input  ; 2.5 V        ;         ; Row I/O    ; N               ; no       ; Off          ;
; W5       ;            ; 2        ; VCCIO2                                                    ; power  ;              ; 2.5V    ; --         ;                 ; --       ; --           ;
; W6       ;            ;          ; GND                                                       ; gnd    ;              ;         ; --         ;                 ; --       ; --           ;
; W7       ; 115        ; 2        ; key[39]                                                   ; input  ; 2.5 V        ;         ; Row I/O    ; N               ; no       ; Off          ;
; W8       ; 116        ; 2        ; RESERVED_INPUT_WITH_WEAK_PULLUP                           ;        ;              ;         ; Row I/O    ;                 ; no       ; On           ;
; W9       ;            ;          ; GND                                                       ; gnd    ;              ;         ; --         ;                 ; --       ; --           ;
; W10      ;            ;          ; VCCINT                                                    ; power  ;              ; 1.2V    ; --         ;                 ; --       ; --           ;
; W11      ;            ;          ; GND                                                       ; gnd    ;              ;         ; --         ;                 ; --       ; --           ;
; W12      ;            ;          ; VCCINT                                                    ; power  ;              ; 1.2V    ; --         ;                 ; --       ; --           ;
; W13      ;            ;          ; GND                                                       ; gnd    ;              ;         ; --         ;                 ; --       ; --           ;
; W14      ;            ;          ; VCCINT                                                    ; power  ;              ; 1.2V    ; --         ;                 ; --       ; --           ;
; W15      ;            ;          ; GND                                                       ; gnd    ;              ;         ; --         ;                 ; --       ; --           ;
; W16      ;            ;          ; VCCINT                                                    ; power  ;              ; 1.2V    ; --         ;                 ; --       ; --           ;
; W17      ;            ;          ; GND                                                       ; gnd    ;              ;         ; --         ;                 ; --       ; --           ;
; W18      ;            ;          ; VCCINT                                                    ; power  ;              ; 1.2V    ; --         ;                 ; --       ; --           ;
; W19      ;            ;          ; GND                                                       ; gnd    ;              ;         ; --         ;                 ; --       ; --           ;
; W20      ;            ;          ; VCCINT                                                    ; power  ;              ; 1.2V    ; --         ;                 ; --       ; --           ;
; W21      ; 310        ; 5        ; RESERVED_INPUT_WITH_WEAK_PULLUP                           ;        ;              ;         ; Row I/O    ;                 ; no       ; On           ;
; W22      ; 321        ; 5        ; block_out[33]                                             ; output ; 2.5 V        ;         ; Row I/O    ; N               ; no       ; Off          ;
; W23      ;            ;          ; GND                                                       ; gnd    ;              ;         ; --         ;                 ; --       ; --           ;
; W24      ;            ; 5        ; VCCIO5                                                    ; power  ;              ; 2.5V    ; --         ;                 ; --       ; --           ;
; W25      ; 300        ; 5        ; RESERVED_INPUT_WITH_WEAK_PULLUP                           ;        ;              ;         ; Row I/O    ;                 ; no       ; On           ;
; W26      ; 299        ; 5        ; RESERVED_INPUT_WITH_WEAK_PULLUP                           ;        ;              ;         ; Row I/O    ;                 ; no       ; On           ;
; W27      ; 301        ; 5        ; RESERVED_INPUT_WITH_WEAK_PULLUP                           ;        ;              ;         ; Row I/O    ;                 ; no       ; On           ;
; W28      ; 302        ; 5        ; RESERVED_INPUT_WITH_WEAK_PULLUP                           ;        ;              ;         ; Row I/O    ;                 ; no       ; On           ;
; Y1       ; 66         ; 2        ; block_in[34]                                              ; input  ; 2.5 V        ;         ; Row I/O    ; N               ; no       ; Off          ;
; Y2       ; 65         ; 2        ; block_in[35]                                              ; input  ; 2.5 V        ;         ; Row I/O    ; N               ; no       ; Off          ;
; Y3       ; 92         ; 2        ; key[19]                                                   ; input  ; 2.5 V        ;         ; Row I/O    ; N               ; no       ; Off          ;
; Y4       ; 91         ; 2        ; key[23]                                                   ; input  ; 2.5 V        ;         ; Row I/O    ; N               ; no       ; Off          ;
; Y5       ; 114        ; 2        ; RESERVED_INPUT_WITH_WEAK_PULLUP                           ;        ;              ;         ; Row I/O    ;                 ; no       ; On           ;
; Y6       ; 113        ; 2        ; RESERVED_INPUT_WITH_WEAK_PULLUP                           ;        ;              ;         ; Row I/O    ;                 ; no       ; On           ;
; Y7       ; 117        ; 2        ; RESERVED_INPUT_WITH_WEAK_PULLUP                           ;        ;              ;         ; Row I/O    ;                 ; no       ; On           ;
; Y8       ;            ; --       ; VCCA1                                                     ; power  ;              ; 2.5V    ; --         ;                 ; --       ; --           ;
; Y9       ;            ;          ; VCCD_PLL1                                                 ; power  ;              ; 1.2V    ; --         ;                 ; --       ; --           ;
; Y10      ; 140        ; 3        ; RESERVED_INPUT_WITH_WEAK_PULLUP                           ;        ;              ;         ; Column I/O ;                 ; --       ; --           ;
; Y11      ;            ;          ; GND                                                       ; gnd    ;              ;         ; --         ;                 ; --       ; --           ;
; Y12      ; 187        ; 3        ; block_in[59]                                              ; input  ; 2.5 V        ;         ; Column I/O ; N               ; no       ; Off          ;
; Y13      ; 189        ; 3        ; block_out[61]                                             ; output ; 2.5 V        ;         ; Column I/O ; N               ; no       ; Off          ;
; Y14      ; 197        ; 3        ; block_in[48]                                              ; input  ; 2.5 V        ;         ; Column I/O ; N               ; no       ; Off          ;
; Y15      ; 198        ; 3        ; rst                                                       ; input  ; 2.5 V        ;         ; Column I/O ; N               ; no       ; Off          ;
; Y16      ; 250        ; 4        ; RESERVED_INPUT_WITH_WEAK_PULLUP                           ;        ;              ;         ; Column I/O ;                 ; no       ; On           ;
; Y17      ; 249        ; 4        ; RESERVED_INPUT_WITH_WEAK_PULLUP                           ;        ;              ;         ; Column I/O ;                 ; no       ; On           ;
; Y18      ;            ;          ; GND                                                       ; gnd    ;              ;         ; --         ;                 ; --       ; --           ;
; Y19      ; 263        ; 4        ; RESERVED_INPUT_WITH_WEAK_PULLUP                           ;        ;              ;         ; Column I/O ;                 ; no       ; On           ;
; Y20      ;            ;          ; VCCD_PLL4                                                 ; power  ;              ; 1.2V    ; --         ;                 ; --       ; --           ;
; Y21      ;            ; --       ; VCCA4                                                     ; power  ;              ; 2.5V    ; --         ;                 ; --       ; --           ;
; Y22      ; 320        ; 5        ; block_out[55]                                             ; output ; 2.5 V        ;         ; Row I/O    ; N               ; no       ; Off          ;
; Y23      ; 288        ; 5        ; RESERVED_INPUT_WITH_WEAK_PULLUP                           ;        ;              ;         ; Row I/O    ;                 ; no       ; On           ;
; Y24      ; 287        ; 5        ; RESERVED_INPUT_WITH_WEAK_PULLUP                           ;        ;              ;         ; Row I/O    ;                 ; no       ; On           ;
; Y25      ; 298        ; 5        ; RESERVED_INPUT_WITH_WEAK_PULLUP                           ;        ;              ;         ; Row I/O    ;                 ; no       ; On           ;
; Y26      ; 297        ; 5        ; RESERVED_INPUT_WITH_WEAK_PULLUP                           ;        ;              ;         ; Row I/O    ;                 ; no       ; On           ;
; Y27      ; 336        ; 5        ; GND+                                                      ;        ;              ;         ; Row I/O    ;                 ; --       ; --           ;
; Y28      ; 335        ; 5        ; GND+                                                      ;        ;              ;         ; Row I/O    ;                 ; --       ; --           ;
+----------+------------+----------+-----------------------------------------------------------+--------+--------------+---------+------------+-----------------+----------+--------------+
Note: Pin directions (input, output or bidir) are based on device operating in user mode.


+-----------------------------------------------+
; I/O Assignment Warnings                       ;
+---------------+-------------------------------+
; Pin Name      ; Reason                        ;
+---------------+-------------------------------+
; block_out[0]  ; Incomplete set of assignments ;
; block_out[1]  ; Incomplete set of assignments ;
; block_out[2]  ; Incomplete set of assignments ;
; block_out[3]  ; Incomplete set of assignments ;
; block_out[4]  ; Incomplete set of assignments ;
; block_out[5]  ; Incomplete set of assignments ;
; block_out[6]  ; Incomplete set of assignments ;
; block_out[7]  ; Incomplete set of assignments ;
; block_out[8]  ; Incomplete set of assignments ;
; block_out[9]  ; Incomplete set of assignments ;
; block_out[10] ; Incomplete set of assignments ;
; block_out[11] ; Incomplete set of assignments ;
; block_out[12] ; Incomplete set of assignments ;
; block_out[13] ; Incomplete set of assignments ;
; block_out[14] ; Incomplete set of assignments ;
; block_out[15] ; Incomplete set of assignments ;
; block_out[16] ; Incomplete set of assignments ;
; block_out[17] ; Incomplete set of assignments ;
; block_out[18] ; Incomplete set of assignments ;
; block_out[19] ; Incomplete set of assignments ;
; block_out[20] ; Incomplete set of assignments ;
; block_out[21] ; Incomplete set of assignments ;
; block_out[22] ; Incomplete set of assignments ;
; block_out[23] ; Incomplete set of assignments ;
; block_out[24] ; Incomplete set of assignments ;
; block_out[25] ; Incomplete set of assignments ;
; block_out[26] ; Incomplete set of assignments ;
; block_out[27] ; Incomplete set of assignments ;
; block_out[28] ; Incomplete set of assignments ;
; block_out[29] ; Incomplete set of assignments ;
; block_out[30] ; Incomplete set of assignments ;
; block_out[31] ; Incomplete set of assignments ;
; block_out[32] ; Incomplete set of assignments ;
; block_out[33] ; Incomplete set of assignments ;
; block_out[34] ; Incomplete set of assignments ;
; block_out[35] ; Incomplete set of assignments ;
; block_out[36] ; Incomplete set of assignments ;
; block_out[37] ; Incomplete set of assignments ;
; block_out[38] ; Incomplete set of assignments ;
; block_out[39] ; Incomplete set of assignments ;
; block_out[40] ; Incomplete set of assignments ;
; block_out[41] ; Incomplete set of assignments ;
; block_out[42] ; Incomplete set of assignments ;
; block_out[43] ; Incomplete set of assignments ;
; block_out[44] ; Incomplete set of assignments ;
; block_out[45] ; Incomplete set of assignments ;
; block_out[46] ; Incomplete set of assignments ;
; block_out[47] ; Incomplete set of assignments ;
; block_out[48] ; Incomplete set of assignments ;
; block_out[49] ; Incomplete set of assignments ;
; block_out[50] ; Incomplete set of assignments ;
; block_out[51] ; Incomplete set of assignments ;
; block_out[52] ; Incomplete set of assignments ;
; block_out[53] ; Incomplete set of assignments ;
; block_out[54] ; Incomplete set of assignments ;
; block_out[55] ; Incomplete set of assignments ;
; block_out[56] ; Incomplete set of assignments ;
; block_out[57] ; Incomplete set of assignments ;
; block_out[58] ; Incomplete set of assignments ;
; block_out[59] ; Incomplete set of assignments ;
; block_out[60] ; Incomplete set of assignments ;
; block_out[61] ; Incomplete set of assignments ;
; block_out[62] ; Incomplete set of assignments ;
; block_out[63] ; Incomplete set of assignments ;
; done          ; Incomplete set of assignments ;
; key[69]       ; Incomplete set of assignments ;
; key[37]       ; Incomplete set of assignments ;
; key[101]      ; Incomplete set of assignments ;
; key[5]        ; Incomplete set of assignments ;
; key[36]       ; Incomplete set of assignments ;
; key[68]       ; Incomplete set of assignments ;
; key[100]      ; Incomplete set of assignments ;
; key[4]        ; Incomplete set of assignments ;
; key[67]       ; Incomplete set of assignments ;
; key[35]       ; Incomplete set of assignments ;
; key[99]       ; Incomplete set of assignments ;
; key[3]        ; Incomplete set of assignments ;
; key[34]       ; Incomplete set of assignments ;
; key[66]       ; Incomplete set of assignments ;
; key[98]       ; Incomplete set of assignments ;
; key[2]        ; Incomplete set of assignments ;
; key[65]       ; Incomplete set of assignments ;
; key[33]       ; Incomplete set of assignments ;
; key[97]       ; Incomplete set of assignments ;
; key[1]        ; Incomplete set of assignments ;
; key[32]       ; Incomplete set of assignments ;
; key[64]       ; Incomplete set of assignments ;
; key[96]       ; Incomplete set of assignments ;
; key[0]        ; Incomplete set of assignments ;
; enc           ; Incomplete set of assignments ;
; rst           ; Incomplete set of assignments ;
; clk           ; Incomplete set of assignments ;
; key[70]       ; Incomplete set of assignments ;
; key[38]       ; Incomplete set of assignments ;
; key[102]      ; Incomplete set of assignments ;
; key[6]        ; Incomplete set of assignments ;
; key[39]       ; Incomplete set of assignments ;
; key[71]       ; Incomplete set of assignments ;
; key[103]      ; Incomplete set of assignments ;
; key[7]        ; Incomplete set of assignments ;
; key[40]       ; Incomplete set of assignments ;
; key[72]       ; Incomplete set of assignments ;
; key[104]      ; Incomplete set of assignments ;
; key[8]        ; Incomplete set of assignments ;
; key[73]       ; Incomplete set of assignments ;
; key[41]       ; Incomplete set of assignments ;
; key[105]      ; Incomplete set of assignments ;
; key[9]        ; Incomplete set of assignments ;
; key[42]       ; Incomplete set of assignments ;
; key[74]       ; Incomplete set of assignments ;
; key[106]      ; Incomplete set of assignments ;
; key[10]       ; Incomplete set of assignments ;
; key[75]       ; Incomplete set of assignments ;
; key[43]       ; Incomplete set of assignments ;
; key[107]      ; Incomplete set of assignments ;
; key[11]       ; Incomplete set of assignments ;
; key[76]       ; Incomplete set of assignments ;
; key[44]       ; Incomplete set of assignments ;
; key[108]      ; Incomplete set of assignments ;
; key[12]       ; Incomplete set of assignments ;
; key[45]       ; Incomplete set of assignments ;
; key[77]       ; Incomplete set of assignments ;
; key[109]      ; Incomplete set of assignments ;
; key[13]       ; Incomplete set of assignments ;
; key[46]       ; Incomplete set of assignments ;
; key[78]       ; Incomplete set of assignments ;
; key[110]      ; Incomplete set of assignments ;
; key[14]       ; Incomplete set of assignments ;
; key[79]       ; Incomplete set of assignments ;
; key[47]       ; Incomplete set of assignments ;
; key[111]      ; Incomplete set of assignments ;
; key[15]       ; Incomplete set of assignments ;
; key[80]       ; Incomplete set of assignments ;
; key[48]       ; Incomplete set of assignments ;
; key[112]      ; Incomplete set of assignments ;
; key[16]       ; Incomplete set of assignments ;
; key[49]       ; Incomplete set of assignments ;
; key[81]       ; Incomplete set of assignments ;
; key[113]      ; Incomplete set of assignments ;
; key[17]       ; Incomplete set of assignments ;
; key[82]       ; Incomplete set of assignments ;
; key[50]       ; Incomplete set of assignments ;
; key[114]      ; Incomplete set of assignments ;
; key[18]       ; Incomplete set of assignments ;
; key[51]       ; Incomplete set of assignments ;
; key[83]       ; Incomplete set of assignments ;
; key[115]      ; Incomplete set of assignments ;
; key[19]       ; Incomplete set of assignments ;
; key[52]       ; Incomplete set of assignments ;
; key[84]       ; Incomplete set of assignments ;
; key[116]      ; Incomplete set of assignments ;
; key[20]       ; Incomplete set of assignments ;
; key[85]       ; Incomplete set of assignments ;
; key[53]       ; Incomplete set of assignments ;
; key[117]      ; Incomplete set of assignments ;
; key[21]       ; Incomplete set of assignments ;
; key[54]       ; Incomplete set of assignments ;
; key[86]       ; Incomplete set of assignments ;
; key[118]      ; Incomplete set of assignments ;
; key[22]       ; Incomplete set of assignments ;
; key[87]       ; Incomplete set of assignments ;
; key[55]       ; Incomplete set of assignments ;
; key[119]      ; Incomplete set of assignments ;
; key[23]       ; Incomplete set of assignments ;
; key[88]       ; Incomplete set of assignments ;
; key[56]       ; Incomplete set of assignments ;
; key[120]      ; Incomplete set of assignments ;
; key[24]       ; Incomplete set of assignments ;
; key[57]       ; Incomplete set of assignments ;
; key[89]       ; Incomplete set of assignments ;
; key[121]      ; Incomplete set of assignments ;
; key[25]       ; Incomplete set of assignments ;
; key[90]       ; Incomplete set of assignments ;
; key[58]       ; Incomplete set of assignments ;
; key[122]      ; Incomplete set of assignments ;
; key[26]       ; Incomplete set of assignments ;
; key[59]       ; Incomplete set of assignments ;
; key[91]       ; Incomplete set of assignments ;
; key[123]      ; Incomplete set of assignments ;
; key[27]       ; Incomplete set of assignments ;
; key[92]       ; Incomplete set of assignments ;
; key[60]       ; Incomplete set of assignments ;
; key[124]      ; Incomplete set of assignments ;
; key[28]       ; Incomplete set of assignments ;
; key[61]       ; Incomplete set of assignments ;
; key[93]       ; Incomplete set of assignments ;
; key[125]      ; Incomplete set of assignments ;
; key[29]       ; Incomplete set of assignments ;
; key[62]       ; Incomplete set of assignments ;
; key[94]       ; Incomplete set of assignments ;
; key[126]      ; Incomplete set of assignments ;
; key[30]       ; Incomplete set of assignments ;
; key[95]       ; Incomplete set of assignments ;
; key[63]       ; Incomplete set of assignments ;
; key[127]      ; Incomplete set of assignments ;
; key[31]       ; Incomplete set of assignments ;
; block_in[0]   ; Incomplete set of assignments ;
; start         ; Incomplete set of assignments ;
; block_in[37]  ; Incomplete set of assignments ;
; block_in[5]   ; Incomplete set of assignments ;
; block_in[10]  ; Incomplete set of assignments ;
; block_in[1]   ; Incomplete set of assignments ;
; block_in[4]   ; Incomplete set of assignments ;
; block_in[9]   ; Incomplete set of assignments ;
; block_in[3]   ; Incomplete set of assignments ;
; block_in[8]   ; Incomplete set of assignments ;
; block_in[2]   ; Incomplete set of assignments ;
; block_in[7]   ; Incomplete set of assignments ;
; block_in[6]   ; Incomplete set of assignments ;
; block_in[36]  ; Incomplete set of assignments ;
; block_in[35]  ; Incomplete set of assignments ;
; block_in[34]  ; Incomplete set of assignments ;
; block_in[33]  ; Incomplete set of assignments ;
; block_in[32]  ; Incomplete set of assignments ;
; block_in[38]  ; Incomplete set of assignments ;
; block_in[11]  ; Incomplete set of assignments ;
; block_in[39]  ; Incomplete set of assignments ;
; block_in[12]  ; Incomplete set of assignments ;
; block_in[40]  ; Incomplete set of assignments ;
; block_in[13]  ; Incomplete set of assignments ;
; block_in[41]  ; Incomplete set of assignments ;
; block_in[14]  ; Incomplete set of assignments ;
; block_in[42]  ; Incomplete set of assignments ;
; block_in[15]  ; Incomplete set of assignments ;
; block_in[43]  ; Incomplete set of assignments ;
; block_in[16]  ; Incomplete set of assignments ;
; block_in[44]  ; Incomplete set of assignments ;
; block_in[17]  ; Incomplete set of assignments ;
; block_in[45]  ; Incomplete set of assignments ;
; block_in[18]  ; Incomplete set of assignments ;
; block_in[46]  ; Incomplete set of assignments ;
; block_in[19]  ; Incomplete set of assignments ;
; block_in[47]  ; Incomplete set of assignments ;
; block_in[20]  ; Incomplete set of assignments ;
; block_in[48]  ; Incomplete set of assignments ;
; block_in[21]  ; Incomplete set of assignments ;
; block_in[49]  ; Incomplete set of assignments ;
; block_in[22]  ; Incomplete set of assignments ;
; block_in[50]  ; Incomplete set of assignments ;
; block_in[23]  ; Incomplete set of assignments ;
; block_in[51]  ; Incomplete set of assignments ;
; block_in[24]  ; Incomplete set of assignments ;
; block_in[52]  ; Incomplete set of assignments ;
; block_in[25]  ; Incomplete set of assignments ;
; block_in[53]  ; Incomplete set of assignments ;
; block_in[26]  ; Incomplete set of assignments ;
; block_in[54]  ; Incomplete set of assignments ;
; block_in[27]  ; Incomplete set of assignments ;
; block_in[55]  ; Incomplete set of assignments ;
; block_in[28]  ; Incomplete set of assignments ;
; block_in[56]  ; Incomplete set of assignments ;
; block_in[29]  ; Incomplete set of assignments ;
; block_in[57]  ; Incomplete set of assignments ;
; block_in[30]  ; Incomplete set of assignments ;
; block_in[58]  ; Incomplete set of assignments ;
; block_in[31]  ; Incomplete set of assignments ;
; block_in[59]  ; Incomplete set of assignments ;
; block_in[60]  ; Incomplete set of assignments ;
; block_in[61]  ; Incomplete set of assignments ;
; block_in[62]  ; Incomplete set of assignments ;
; block_in[63]  ; Incomplete set of assignments ;
; block_out[0]  ; Missing location assignment   ;
; block_out[1]  ; Missing location assignment   ;
; block_out[2]  ; Missing location assignment   ;
; block_out[3]  ; Missing location assignment   ;
; block_out[4]  ; Missing location assignment   ;
; block_out[5]  ; Missing location assignment   ;
; block_out[6]  ; Missing location assignment   ;
; block_out[7]  ; Missing location assignment   ;
; block_out[8]  ; Missing location assignment   ;
; block_out[9]  ; Missing location assignment   ;
; block_out[10] ; Missing location assignment   ;
; block_out[11] ; Missing location assignment   ;
; block_out[12] ; Missing location assignment   ;
; block_out[13] ; Missing location assignment   ;
; block_out[14] ; Missing location assignment   ;
; block_out[15] ; Missing location assignment   ;
; block_out[16] ; Missing location assignment   ;
; block_out[17] ; Missing location assignment   ;
; block_out[18] ; Missing location assignment   ;
; block_out[19] ; Missing location assignment   ;
; block_out[20] ; Missing location assignment   ;
; block_out[21] ; Missing location assignment   ;
; block_out[22] ; Missing location assignment   ;
; block_out[23] ; Missing location assignment   ;
; block_out[24] ; Missing location assignment   ;
; block_out[25] ; Missing location assignment   ;
; block_out[26] ; Missing location assignment   ;
; block_out[27] ; Missing location assignment   ;
; block_out[28] ; Missing location assignment   ;
; block_out[29] ; Missing location assignment   ;
; block_out[30] ; Missing location assignment   ;
; block_out[31] ; Missing location assignment   ;
; block_out[32] ; Missing location assignment   ;
; block_out[33] ; Missing location assignment   ;
; block_out[34] ; Missing location assignment   ;
; block_out[35] ; Missing location assignment   ;
; block_out[36] ; Missing location assignment   ;
; block_out[37] ; Missing location assignment   ;
; block_out[38] ; Missing location assignment   ;
; block_out[39] ; Missing location assignment   ;
; block_out[40] ; Missing location assignment   ;
; block_out[41] ; Missing location assignment   ;
; block_out[42] ; Missing location assignment   ;
; block_out[43] ; Missing location assignment   ;
; block_out[44] ; Missing location assignment   ;
; block_out[45] ; Missing location assignment   ;
; block_out[46] ; Missing location assignment   ;
; block_out[47] ; Missing location assignment   ;
; block_out[48] ; Missing location assignment   ;
; block_out[49] ; Missing location assignment   ;
; block_out[50] ; Missing location assignment   ;
; block_out[51] ; Missing location assignment   ;
; block_out[52] ; Missing location assignment   ;
; block_out[53] ; Missing location assignment   ;
; block_out[54] ; Missing location assignment   ;
; block_out[55] ; Missing location assignment   ;
; block_out[56] ; Missing location assignment   ;
; block_out[57] ; Missing location assignment   ;
; block_out[58] ; Missing location assignment   ;
; block_out[59] ; Missing location assignment   ;
; block_out[60] ; Missing location assignment   ;
; block_out[61] ; Missing location assignment   ;
; block_out[62] ; Missing location assignment   ;
; block_out[63] ; Missing location assignment   ;
; done          ; Missing location assignment   ;
; key[69]       ; Missing location assignment   ;
; key[37]       ; Missing location assignment   ;
; key[101]      ; Missing location assignment   ;
; key[5]        ; Missing location assignment   ;
; key[36]       ; Missing location assignment   ;
; key[68]       ; Missing location assignment   ;
; key[100]      ; Missing location assignment   ;
; key[4]        ; Missing location assignment   ;
; key[67]       ; Missing location assignment   ;
; key[35]       ; Missing location assignment   ;
; key[99]       ; Missing location assignment   ;
; key[3]        ; Missing location assignment   ;
; key[34]       ; Missing location assignment   ;
; key[66]       ; Missing location assignment   ;
; key[98]       ; Missing location assignment   ;
; key[2]        ; Missing location assignment   ;
; key[65]       ; Missing location assignment   ;
; key[33]       ; Missing location assignment   ;
; key[97]       ; Missing location assignment   ;
; key[1]        ; Missing location assignment   ;
; key[32]       ; Missing location assignment   ;
; key[64]       ; Missing location assignment   ;
; key[96]       ; Missing location assignment   ;
; key[0]        ; Missing location assignment   ;
; enc           ; Missing location assignment   ;
; rst           ; Missing location assignment   ;
; clk           ; Missing location assignment   ;
; key[70]       ; Missing location assignment   ;
; key[38]       ; Missing location assignment   ;
; key[102]      ; Missing location assignment   ;
; key[6]        ; Missing location assignment   ;
; key[39]       ; Missing location assignment   ;
; key[71]       ; Missing location assignment   ;
; key[103]      ; Missing location assignment   ;
; key[7]        ; Missing location assignment   ;
; key[40]       ; Missing location assignment   ;
; key[72]       ; Missing location assignment   ;
; key[104]      ; Missing location assignment   ;
; key[8]        ; Missing location assignment   ;
; key[73]       ; Missing location assignment   ;
; key[41]       ; Missing location assignment   ;
; key[105]      ; Missing location assignment   ;
; key[9]        ; Missing location assignment   ;
; key[42]       ; Missing location assignment   ;
; key[74]       ; Missing location assignment   ;
; key[106]      ; Missing location assignment   ;
; key[10]       ; Missing location assignment   ;
; key[75]       ; Missing location assignment   ;
; key[43]       ; Missing location assignment   ;
; key[107]      ; Missing location assignment   ;
; key[11]       ; Missing location assignment   ;
; key[76]       ; Missing location assignment   ;
; key[44]       ; Missing location assignment   ;
; key[108]      ; Missing location assignment   ;
; key[12]       ; Missing location assignment   ;
; key[45]       ; Missing location assignment   ;
; key[77]       ; Missing location assignment   ;
; key[109]      ; Missing location assignment   ;
; key[13]       ; Missing location assignment   ;
; key[46]       ; Missing location assignment   ;
; key[78]       ; Missing location assignment   ;
; key[110]      ; Missing location assignment   ;
; key[14]       ; Missing location assignment   ;
; key[79]       ; Missing location assignment   ;
; key[47]       ; Missing location assignment   ;
; key[111]      ; Missing location assignment   ;
; key[15]       ; Missing location assignment   ;
; key[80]       ; Missing location assignment   ;
; key[48]       ; Missing location assignment   ;
; key[112]      ; Missing location assignment   ;
; key[16]       ; Missing location assignment   ;
; key[49]       ; Missing location assignment   ;
; key[81]       ; Missing location assignment   ;
; key[113]      ; Missing location assignment   ;
; key[17]       ; Missing location assignment   ;
; key[82]       ; Missing location assignment   ;
; key[50]       ; Missing location assignment   ;
; key[114]      ; Missing location assignment   ;
; key[18]       ; Missing location assignment   ;
; key[51]       ; Missing location assignment   ;
; key[83]       ; Missing location assignment   ;
; key[115]      ; Missing location assignment   ;
; key[19]       ; Missing location assignment   ;
; key[52]       ; Missing location assignment   ;
; key[84]       ; Missing location assignment   ;
; key[116]      ; Missing location assignment   ;
; key[20]       ; Missing location assignment   ;
; key[85]       ; Missing location assignment   ;
; key[53]       ; Missing location assignment   ;
; key[117]      ; Missing location assignment   ;
; key[21]       ; Missing location assignment   ;
; key[54]       ; Missing location assignment   ;
; key[86]       ; Missing location assignment   ;
; key[118]      ; Missing location assignment   ;
; key[22]       ; Missing location assignment   ;
; key[87]       ; Missing location assignment   ;
; key[55]       ; Missing location assignment   ;
; key[119]      ; Missing location assignment   ;
; key[23]       ; Missing location assignment   ;
; key[88]       ; Missing location assignment   ;
; key[56]       ; Missing location assignment   ;
; key[120]      ; Missing location assignment   ;
; key[24]       ; Missing location assignment   ;
; key[57]       ; Missing location assignment   ;
; key[89]       ; Missing location assignment   ;
; key[121]      ; Missing location assignment   ;
; key[25]       ; Missing location assignment   ;
; key[90]       ; Missing location assignment   ;
; key[58]       ; Missing location assignment   ;
; key[122]      ; Missing location assignment   ;
; key[26]       ; Missing location assignment   ;
; key[59]       ; Missing location assignment   ;
; key[91]       ; Missing location assignment   ;
; key[123]      ; Missing location assignment   ;
; key[27]       ; Missing location assignment   ;
; key[92]       ; Missing location assignment   ;
; key[60]       ; Missing location assignment   ;
; key[124]      ; Missing location assignment   ;
; key[28]       ; Missing location assignment   ;
; key[61]       ; Missing location assignment   ;
; key[93]       ; Missing location assignment   ;
; key[125]      ; Missing location assignment   ;
; key[29]       ; Missing location assignment   ;
; key[62]       ; Missing location assignment   ;
; key[94]       ; Missing location assignment   ;
; key[126]      ; Missing location assignment   ;
; key[30]       ; Missing location assignment   ;
; key[95]       ; Missing location assignment   ;
; key[63]       ; Missing location assignment   ;
; key[127]      ; Missing location assignment   ;
; key[31]       ; Missing location assignment   ;
; block_in[0]   ; Missing location assignment   ;
; start         ; Missing location assignment   ;
; block_in[37]  ; Missing location assignment   ;
; block_in[5]   ; Missing location assignment   ;
; block_in[10]  ; Missing location assignment   ;
; block_in[1]   ; Missing location assignment   ;
; block_in[4]   ; Missing location assignment   ;
; block_in[9]   ; Missing location assignment   ;
; block_in[3]   ; Missing location assignment   ;
; block_in[8]   ; Missing location assignment   ;
; block_in[2]   ; Missing location assignment   ;
; block_in[7]   ; Missing location assignment   ;
; block_in[6]   ; Missing location assignment   ;
; block_in[36]  ; Missing location assignment   ;
; block_in[35]  ; Missing location assignment   ;
; block_in[34]  ; Missing location assignment   ;
; block_in[33]  ; Missing location assignment   ;
; block_in[32]  ; Missing location assignment   ;
; block_in[38]  ; Missing location assignment   ;
; block_in[11]  ; Missing location assignment   ;
; block_in[39]  ; Missing location assignment   ;
; block_in[12]  ; Missing location assignment   ;
; block_in[40]  ; Missing location assignment   ;
; block_in[13]  ; Missing location assignment   ;
; block_in[41]  ; Missing location assignment   ;
; block_in[14]  ; Missing location assignment   ;
; block_in[42]  ; Missing location assignment   ;
; block_in[15]  ; Missing location assignment   ;
; block_in[43]  ; Missing location assignment   ;
; block_in[16]  ; Missing location assignment   ;
; block_in[44]  ; Missing location assignment   ;
; block_in[17]  ; Missing location assignment   ;
; block_in[45]  ; Missing location assignment   ;
; block_in[18]  ; Missing location assignment   ;
; block_in[46]  ; Missing location assignment   ;
; block_in[19]  ; Missing location assignment   ;
; block_in[47]  ; Missing location assignment   ;
; block_in[20]  ; Missing location assignment   ;
; block_in[48]  ; Missing location assignment   ;
; block_in[21]  ; Missing location assignment   ;
; block_in[49]  ; Missing location assignment   ;
; block_in[22]  ; Missing location assignment   ;
; block_in[50]  ; Missing location assignment   ;
; block_in[23]  ; Missing location assignment   ;
; block_in[51]  ; Missing location assignment   ;
; block_in[24]  ; Missing location assignment   ;
; block_in[52]  ; Missing location assignment   ;
; block_in[25]  ; Missing location assignment   ;
; block_in[53]  ; Missing location assignment   ;
; block_in[26]  ; Missing location assignment   ;
; block_in[54]  ; Missing location assignment   ;
; block_in[27]  ; Missing location assignment   ;
; block_in[55]  ; Missing location assignment   ;
; block_in[28]  ; Missing location assignment   ;
; block_in[56]  ; Missing location assignment   ;
; block_in[29]  ; Missing location assignment   ;
; block_in[57]  ; Missing location assignment   ;
; block_in[30]  ; Missing location assignment   ;
; block_in[58]  ; Missing location assignment   ;
; block_in[31]  ; Missing location assignment   ;
; block_in[59]  ; Missing location assignment   ;
; block_in[60]  ; Missing location assignment   ;
; block_in[61]  ; Missing location assignment   ;
; block_in[62]  ; Missing location assignment   ;
; block_in[63]  ; Missing location assignment   ;
+---------------+-------------------------------+


+-------------------------------------------------------------------------------------------------------------------------------------------------------------------------------------------------------------------------------------------------------------------------------+
; Fitter Resource Utilization by Entity                                                                                                                                                                                                                                         ;
+----------------------------+-------------+---------------------------+---------------+-------------+------+--------------+---------+-----------+------+--------------+--------------+-------------------+------------------+---------------------+-------------+--------------+
; Compilation Hierarchy Node ; Logic Cells ; Dedicated Logic Registers ; I/O Registers ; Memory Bits ; M9Ks ; DSP Elements ; DSP 9x9 ; DSP 18x18 ; Pins ; Virtual Pins ; LUT-Only LCs ; Register-Only LCs ; LUT/Register LCs ; Full Hierarchy Name ; Entity Name ; Library Name ;
+----------------------------+-------------+---------------------------+---------------+-------------+------+--------------+---------+-----------+------+--------------+--------------+-------------------+------------------+---------------------+-------------+--------------+
; |xtea_core                 ; 1179 (1179) ; 170 (170)                 ; 0 (0)         ; 0           ; 0    ; 0            ; 0       ; 0         ; 261  ; 0            ; 1009 (1009)  ; 0 (0)             ; 170 (170)        ; |xtea_core          ; xtea_core   ; work         ;
+----------------------------+-------------+---------------------------+---------------+-------------+------+--------------+---------+-----------+------+--------------+--------------+-------------------+------------------+---------------------+-------------+--------------+
Note: For table entries with two numbers listed, the numbers in parentheses indicate the number of resources of the given type used by the specific entity alone. The numbers listed outside of parentheses indicate the total resources of the given type used by the specific entity and all of its sub-entities in the hierarchy.


+-----------------------------------------------------------------------------------------------+
; Delay Chain Summary                                                                           ;
+---------------+----------+---------------+---------------+-----------------------+-----+------+
; Name          ; Pin Type ; Pad to Core 0 ; Pad to Core 1 ; Pad to Input Register ; TCO ; TCOE ;
+---------------+----------+---------------+---------------+-----------------------+-----+------+
; block_out[0]  ; Output   ; --            ; --            ; --                    ; --  ; --   ;
; block_out[1]  ; Output   ; --            ; --            ; --                    ; --  ; --   ;
; block_out[2]  ; Output   ; --            ; --            ; --                    ; --  ; --   ;
; block_out[3]  ; Output   ; --            ; --            ; --                    ; --  ; --   ;
; block_out[4]  ; Output   ; --            ; --            ; --                    ; --  ; --   ;
; block_out[5]  ; Output   ; --            ; --            ; --                    ; --  ; --   ;
; block_out[6]  ; Output   ; --            ; --            ; --                    ; --  ; --   ;
; block_out[7]  ; Output   ; --            ; --            ; --                    ; --  ; --   ;
; block_out[8]  ; Output   ; --            ; --            ; --                    ; --  ; --   ;
; block_out[9]  ; Output   ; --            ; --            ; --                    ; --  ; --   ;
; block_out[10] ; Output   ; --            ; --            ; --                    ; --  ; --   ;
; block_out[11] ; Output   ; --            ; --            ; --                    ; --  ; --   ;
; block_out[12] ; Output   ; --            ; --            ; --                    ; --  ; --   ;
; block_out[13] ; Output   ; --            ; --            ; --                    ; --  ; --   ;
; block_out[14] ; Output   ; --            ; --            ; --                    ; --  ; --   ;
; block_out[15] ; Output   ; --            ; --            ; --                    ; --  ; --   ;
; block_out[16] ; Output   ; --            ; --            ; --                    ; --  ; --   ;
; block_out[17] ; Output   ; --            ; --            ; --                    ; --  ; --   ;
; block_out[18] ; Output   ; --            ; --            ; --                    ; --  ; --   ;
; block_out[19] ; Output   ; --            ; --            ; --                    ; --  ; --   ;
; block_out[20] ; Output   ; --            ; --            ; --                    ; --  ; --   ;
; block_out[21] ; Output   ; --            ; --            ; --                    ; --  ; --   ;
; block_out[22] ; Output   ; --            ; --            ; --                    ; --  ; --   ;
; block_out[23] ; Output   ; --            ; --            ; --                    ; --  ; --   ;
; block_out[24] ; Output   ; --            ; --            ; --                    ; --  ; --   ;
; block_out[25] ; Output   ; --            ; --            ; --                    ; --  ; --   ;
; block_out[26] ; Output   ; --            ; --            ; --                    ; --  ; --   ;
; block_out[27] ; Output   ; --            ; --            ; --                    ; --  ; --   ;
; block_out[28] ; Output   ; --            ; --            ; --                    ; --  ; --   ;
; block_out[29] ; Output   ; --            ; --            ; --                    ; --  ; --   ;
; block_out[30] ; Output   ; --            ; --            ; --                    ; --  ; --   ;
; block_out[31] ; Output   ; --            ; --            ; --                    ; --  ; --   ;
; block_out[32] ; Output   ; --            ; --            ; --                    ; --  ; --   ;
; block_out[33] ; Output   ; --            ; --            ; --                    ; --  ; --   ;
; block_out[34] ; Output   ; --            ; --            ; --                    ; --  ; --   ;
; block_out[35] ; Output   ; --            ; --            ; --                    ; --  ; --   ;
; block_out[36] ; Output   ; --            ; --            ; --                    ; --  ; --   ;
; block_out[37] ; Output   ; --            ; --            ; --                    ; --  ; --   ;
; block_out[38] ; Output   ; --            ; --            ; --                    ; --  ; --   ;
; block_out[39] ; Output   ; --            ; --            ; --                    ; --  ; --   ;
; block_out[40] ; Output   ; --            ; --            ; --                    ; --  ; --   ;
; block_out[41] ; Output   ; --            ; --            ; --                    ; --  ; --   ;
; block_out[42] ; Output   ; --            ; --            ; --                    ; --  ; --   ;
; block_out[43] ; Output   ; --            ; --            ; --                    ; --  ; --   ;
; block_out[44] ; Output   ; --            ; --            ; --                    ; --  ; --   ;
; block_out[45] ; Output   ; --            ; --            ; --                    ; --  ; --   ;
; block_out[46] ; Output   ; --            ; --            ; --                    ; --  ; --   ;
; block_out[47] ; Output   ; --            ; --            ; --                    ; --  ; --   ;
; block_out[48] ; Output   ; --            ; --            ; --                    ; --  ; --   ;
; block_out[49] ; Output   ; --            ; --            ; --                    ; --  ; --   ;
; block_out[50] ; Output   ; --            ; --            ; --                    ; --  ; --   ;
; block_out[51] ; Output   ; --            ; --            ; --                    ; --  ; --   ;
; block_out[52] ; Output   ; --            ; --            ; --                    ; --  ; --   ;
; block_out[53] ; Output   ; --            ; --            ; --                    ; --  ; --   ;
; block_out[54] ; Output   ; --            ; --            ; --                    ; --  ; --   ;
; block_out[55] ; Output   ; --            ; --            ; --                    ; --  ; --   ;
; block_out[56] ; Output   ; --            ; --            ; --                    ; --  ; --   ;
; block_out[57] ; Output   ; --            ; --            ; --                    ; --  ; --   ;
; block_out[58] ; Output   ; --            ; --            ; --                    ; --  ; --   ;
; block_out[59] ; Output   ; --            ; --            ; --                    ; --  ; --   ;
; block_out[60] ; Output   ; --            ; --            ; --                    ; --  ; --   ;
; block_out[61] ; Output   ; --            ; --            ; --                    ; --  ; --   ;
; block_out[62] ; Output   ; --            ; --            ; --                    ; --  ; --   ;
; block_out[63] ; Output   ; --            ; --            ; --                    ; --  ; --   ;
; done          ; Output   ; --            ; --            ; --                    ; --  ; --   ;
; key[69]       ; Input    ; --            ; (6) 1314 ps   ; --                    ; --  ; --   ;
; key[37]       ; Input    ; --            ; (6) 1314 ps   ; --                    ; --  ; --   ;
; key[101]      ; Input    ; (6) 1314 ps   ; --            ; --                    ; --  ; --   ;
; key[5]        ; Input    ; (6) 1314 ps   ; --            ; --                    ; --  ; --   ;
; key[36]       ; Input    ; (6) 1314 ps   ; --            ; --                    ; --  ; --   ;
; key[68]       ; Input    ; (6) 1314 ps   ; --            ; --                    ; --  ; --   ;
; key[100]      ; Input    ; (6) 1314 ps   ; --            ; --                    ; --  ; --   ;
; key[4]        ; Input    ; --            ; (6) 1314 ps   ; --                    ; --  ; --   ;
; key[67]       ; Input    ; --            ; (6) 1314 ps   ; --                    ; --  ; --   ;
; key[35]       ; Input    ; (6) 1314 ps   ; --            ; --                    ; --  ; --   ;
; key[99]       ; Input    ; (6) 1314 ps   ; --            ; --                    ; --  ; --   ;
; key[3]        ; Input    ; (6) 1314 ps   ; --            ; --                    ; --  ; --   ;
; key[34]       ; Input    ; --            ; (6) 1314 ps   ; --                    ; --  ; --   ;
; key[66]       ; Input    ; (6) 1314 ps   ; --            ; --                    ; --  ; --   ;
; key[98]       ; Input    ; --            ; (6) 1314 ps   ; --                    ; --  ; --   ;
; key[2]        ; Input    ; --            ; (6) 1314 ps   ; --                    ; --  ; --   ;
; key[65]       ; Input    ; --            ; (6) 1314 ps   ; --                    ; --  ; --   ;
; key[33]       ; Input    ; (6) 1314 ps   ; --            ; --                    ; --  ; --   ;
; key[97]       ; Input    ; (6) 1314 ps   ; --            ; --                    ; --  ; --   ;
; key[1]        ; Input    ; (6) 1314 ps   ; --            ; --                    ; --  ; --   ;
; key[32]       ; Input    ; (6) 1314 ps   ; --            ; --                    ; --  ; --   ;
; key[64]       ; Input    ; (6) 1314 ps   ; --            ; --                    ; --  ; --   ;
; key[96]       ; Input    ; --            ; (6) 1314 ps   ; --                    ; --  ; --   ;
; key[0]        ; Input    ; --            ; (6) 1314 ps   ; --                    ; --  ; --   ;
; enc           ; Input    ; (6) 1314 ps   ; --            ; --                    ; --  ; --   ;
; rst           ; Input    ; (6) 1314 ps   ; --            ; --                    ; --  ; --   ;
; clk           ; Input    ; (0) 0 ps      ; --            ; --                    ; --  ; --   ;
; key[70]       ; Input    ; --            ; (6) 1314 ps   ; --                    ; --  ; --   ;
; key[38]       ; Input    ; --            ; (6) 1314 ps   ; --                    ; --  ; --   ;
; key[102]      ; Input    ; --            ; (6) 1314 ps   ; --                    ; --  ; --   ;
; key[6]        ; Input    ; --            ; (6) 1314 ps   ; --                    ; --  ; --   ;
; key[39]       ; Input    ; --            ; (6) 1314 ps   ; --                    ; --  ; --   ;
; key[71]       ; Input    ; (6) 1314 ps   ; --            ; --                    ; --  ; --   ;
; key[103]      ; Input    ; (6) 1314 ps   ; --            ; --                    ; --  ; --   ;
; key[7]        ; Input    ; (6) 1314 ps   ; --            ; --                    ; --  ; --   ;
; key[40]       ; Input    ; --            ; (6) 1314 ps   ; --                    ; --  ; --   ;
; key[72]       ; Input    ; (6) 1314 ps   ; --            ; --                    ; --  ; --   ;
; key[104]      ; Input    ; (6) 1314 ps   ; --            ; --                    ; --  ; --   ;
; key[8]        ; Input    ; (6) 1314 ps   ; --            ; --                    ; --  ; --   ;
; key[73]       ; Input    ; --            ; (6) 1314 ps   ; --                    ; --  ; --   ;
; key[41]       ; Input    ; --            ; (6) 1314 ps   ; --                    ; --  ; --   ;
; key[105]      ; Input    ; (6) 1314 ps   ; --            ; --                    ; --  ; --   ;
; key[9]        ; Input    ; --            ; (6) 1314 ps   ; --                    ; --  ; --   ;
; key[42]       ; Input    ; (6) 1314 ps   ; --            ; --                    ; --  ; --   ;
; key[74]       ; Input    ; (6) 1314 ps   ; --            ; --                    ; --  ; --   ;
; key[106]      ; Input    ; --            ; (6) 1314 ps   ; --                    ; --  ; --   ;
; key[10]       ; Input    ; (6) 1314 ps   ; --            ; --                    ; --  ; --   ;
; key[75]       ; Input    ; --            ; (6) 1314 ps   ; --                    ; --  ; --   ;
; key[43]       ; Input    ; --            ; (6) 1314 ps   ; --                    ; --  ; --   ;
; key[107]      ; Input    ; (6) 1314 ps   ; --            ; --                    ; --  ; --   ;
; key[11]       ; Input    ; --            ; (6) 1314 ps   ; --                    ; --  ; --   ;
; key[76]       ; Input    ; --            ; (6) 1314 ps   ; --                    ; --  ; --   ;
; key[44]       ; Input    ; --            ; (6) 1314 ps   ; --                    ; --  ; --   ;
; key[108]      ; Input    ; (6) 1314 ps   ; --            ; --                    ; --  ; --   ;
; key[12]       ; Input    ; (6) 1314 ps   ; --            ; --                    ; --  ; --   ;
; key[45]       ; Input    ; (6) 1314 ps   ; --            ; --                    ; --  ; --   ;
; key[77]       ; Input    ; (6) 1314 ps   ; --            ; --                    ; --  ; --   ;
; key[109]      ; Input    ; --            ; (6) 1314 ps   ; --                    ; --  ; --   ;
; key[13]       ; Input    ; --            ; (6) 1314 ps   ; --                    ; --  ; --   ;
; key[46]       ; Input    ; (6) 1314 ps   ; --            ; --                    ; --  ; --   ;
; key[78]       ; Input    ; (6) 1314 ps   ; --            ; --                    ; --  ; --   ;
; key[110]      ; Input    ; --            ; (6) 1314 ps   ; --                    ; --  ; --   ;
; key[14]       ; Input    ; (6) 1314 ps   ; --            ; --                    ; --  ; --   ;
; key[79]       ; Input    ; (6) 1314 ps   ; --            ; --                    ; --  ; --   ;
; key[47]       ; Input    ; --            ; (6) 1314 ps   ; --                    ; --  ; --   ;
; key[111]      ; Input    ; --            ; (6) 1314 ps   ; --                    ; --  ; --   ;
; key[15]       ; Input    ; --            ; (6) 1314 ps   ; --                    ; --  ; --   ;
; key[80]       ; Input    ; (6) 1314 ps   ; --            ; --                    ; --  ; --   ;
; key[48]       ; Input    ; (6) 1314 ps   ; --            ; --                    ; --  ; --   ;
; key[112]      ; Input    ; (0) 0 ps      ; --            ; --                    ; --  ; --   ;
; key[16]       ; Input    ; (0) 0 ps      ; --            ; --                    ; --  ; --   ;
; key[49]       ; Input    ; --            ; (6) 1314 ps   ; --                    ; --  ; --   ;
; key[81]       ; Input    ; --            ; (6) 1314 ps   ; --                    ; --  ; --   ;
; key[113]      ; Input    ; (6) 1314 ps   ; --            ; --                    ; --  ; --   ;
; key[17]       ; Input    ; (0) 0 ps      ; --            ; --                    ; --  ; --   ;
; key[82]       ; Input    ; (0) 0 ps      ; --            ; --                    ; --  ; --   ;
; key[50]       ; Input    ; (6) 1314 ps   ; --            ; --                    ; --  ; --   ;
; key[114]      ; Input    ; (6) 1314 ps   ; --            ; --                    ; --  ; --   ;
; key[18]       ; Input    ; (6) 1314 ps   ; --            ; --                    ; --  ; --   ;
; key[51]       ; Input    ; (6) 1314 ps   ; --            ; --                    ; --  ; --   ;
; key[83]       ; Input    ; (6) 1314 ps   ; --            ; --                    ; --  ; --   ;
; key[115]      ; Input    ; (6) 1314 ps   ; --            ; --                    ; --  ; --   ;
; key[19]       ; Input    ; --            ; (6) 1314 ps   ; --                    ; --  ; --   ;
; key[52]       ; Input    ; --            ; (6) 1314 ps   ; --                    ; --  ; --   ;
; key[84]       ; Input    ; (6) 1314 ps   ; --            ; --                    ; --  ; --   ;
; key[116]      ; Input    ; (6) 1314 ps   ; --            ; --                    ; --  ; --   ;
; key[20]       ; Input    ; --            ; (6) 1314 ps   ; --                    ; --  ; --   ;
; key[85]       ; Input    ; (6) 1314 ps   ; --            ; --                    ; --  ; --   ;
; key[53]       ; Input    ; --            ; (6) 1314 ps   ; --                    ; --  ; --   ;
; key[117]      ; Input    ; (6) 1314 ps   ; --            ; --                    ; --  ; --   ;
; key[21]       ; Input    ; --            ; (6) 1314 ps   ; --                    ; --  ; --   ;
; key[54]       ; Input    ; (6) 1314 ps   ; --            ; --                    ; --  ; --   ;
; key[86]       ; Input    ; --            ; (6) 1314 ps   ; --                    ; --  ; --   ;
; key[118]      ; Input    ; (6) 1314 ps   ; --            ; --                    ; --  ; --   ;
; key[22]       ; Input    ; --            ; (6) 1314 ps   ; --                    ; --  ; --   ;
; key[87]       ; Input    ; (6) 1314 ps   ; --            ; --                    ; --  ; --   ;
; key[55]       ; Input    ; (6) 1314 ps   ; --            ; --                    ; --  ; --   ;
; key[119]      ; Input    ; (6) 1314 ps   ; --            ; --                    ; --  ; --   ;
; key[23]       ; Input    ; (6) 1314 ps   ; --            ; --                    ; --  ; --   ;
; key[88]       ; Input    ; (6) 1314 ps   ; --            ; --                    ; --  ; --   ;
; key[56]       ; Input    ; (6) 1314 ps   ; --            ; --                    ; --  ; --   ;
; key[120]      ; Input    ; (6) 1314 ps   ; --            ; --                    ; --  ; --   ;
; key[24]       ; Input    ; (6) 1314 ps   ; --            ; --                    ; --  ; --   ;
; key[57]       ; Input    ; (6) 1314 ps   ; --            ; --                    ; --  ; --   ;
; key[89]       ; Input    ; (6) 1314 ps   ; --            ; --                    ; --  ; --   ;
; key[121]      ; Input    ; (6) 1314 ps   ; --            ; --                    ; --  ; --   ;
; key[25]       ; Input    ; --            ; (6) 1314 ps   ; --                    ; --  ; --   ;
; key[90]       ; Input    ; (6) 1314 ps   ; --            ; --                    ; --  ; --   ;
; key[58]       ; Input    ; (6) 1314 ps   ; --            ; --                    ; --  ; --   ;
; key[122]      ; Input    ; (6) 1314 ps   ; --            ; --                    ; --  ; --   ;
; key[26]       ; Input    ; (6) 1314 ps   ; --            ; --                    ; --  ; --   ;
; key[59]       ; Input    ; (6) 1314 ps   ; --            ; --                    ; --  ; --   ;
; key[91]       ; Input    ; (6) 1314 ps   ; --            ; --                    ; --  ; --   ;
; key[123]      ; Input    ; (6) 1314 ps   ; --            ; --                    ; --  ; --   ;
; key[27]       ; Input    ; (6) 1314 ps   ; --            ; --                    ; --  ; --   ;
; key[92]       ; Input    ; (6) 1314 ps   ; --            ; --                    ; --  ; --   ;
; key[60]       ; Input    ; (6) 1314 ps   ; --            ; --                    ; --  ; --   ;
; key[124]      ; Input    ; (6) 1314 ps   ; --            ; --                    ; --  ; --   ;
; key[28]       ; Input    ; (6) 1314 ps   ; --            ; --                    ; --  ; --   ;
; key[61]       ; Input    ; (6) 1314 ps   ; --            ; --                    ; --  ; --   ;
; key[93]       ; Input    ; (6) 1314 ps   ; --            ; --                    ; --  ; --   ;
; key[125]      ; Input    ; --            ; (6) 1314 ps   ; --                    ; --  ; --   ;
; key[29]       ; Input    ; --            ; (6) 1314 ps   ; --                    ; --  ; --   ;
; key[62]       ; Input    ; (6) 1314 ps   ; --            ; --                    ; --  ; --   ;
; key[94]       ; Input    ; --            ; (6) 1314 ps   ; --                    ; --  ; --   ;
; key[126]      ; Input    ; (6) 1314 ps   ; --            ; --                    ; --  ; --   ;
; key[30]       ; Input    ; --            ; (6) 1314 ps   ; --                    ; --  ; --   ;
; key[95]       ; Input    ; --            ; (6) 1314 ps   ; --                    ; --  ; --   ;
; key[63]       ; Input    ; (6) 1314 ps   ; --            ; --                    ; --  ; --   ;
; key[127]      ; Input    ; (6) 1314 ps   ; --            ; --                    ; --  ; --   ;
; key[31]       ; Input    ; (6) 1314 ps   ; --            ; --                    ; --  ; --   ;
; block_in[0]   ; Input    ; (6) 1314 ps   ; --            ; --                    ; --  ; --   ;
; start         ; Input    ; (6) 1314 ps   ; --            ; --                    ; --  ; --   ;
; block_in[37]  ; Input    ; --            ; (6) 1314 ps   ; --                    ; --  ; --   ;
; block_in[5]   ; Input    ; (6) 1314 ps   ; --            ; --                    ; --  ; --   ;
; block_in[10]  ; Input    ; --            ; (6) 1314 ps   ; --                    ; --  ; --   ;
; block_in[1]   ; Input    ; (6) 1314 ps   ; --            ; --                    ; --  ; --   ;
; block_in[4]   ; Input    ; (6) 1314 ps   ; --            ; --                    ; --  ; --   ;
; block_in[9]   ; Input    ; (6) 1314 ps   ; --            ; --                    ; --  ; --   ;
; block_in[3]   ; Input    ; --            ; (6) 1314 ps   ; --                    ; --  ; --   ;
; block_in[8]   ; Input    ; (6) 1314 ps   ; --            ; --                    ; --  ; --   ;
; block_in[2]   ; Input    ; --            ; (6) 1314 ps   ; --                    ; --  ; --   ;
; block_in[7]   ; Input    ; (6) 1314 ps   ; --            ; --                    ; --  ; --   ;
; block_in[6]   ; Input    ; (6) 1314 ps   ; --            ; --                    ; --  ; --   ;
; block_in[36]  ; Input    ; (6) 1314 ps   ; --            ; --                    ; --  ; --   ;
; block_in[35]  ; Input    ; (0) 0 ps      ; --            ; --                    ; --  ; --   ;
; block_in[34]  ; Input    ; (0) 0 ps      ; --            ; --                    ; --  ; --   ;
; block_in[33]  ; Input    ; (6) 1314 ps   ; --            ; --                    ; --  ; --   ;
; block_in[32]  ; Input    ; (6) 1314 ps   ; --            ; --                    ; --  ; --   ;
; block_in[38]  ; Input    ; (6) 1314 ps   ; --            ; --                    ; --  ; --   ;
; block_in[11]  ; Input    ; (6) 1314 ps   ; --            ; --                    ; --  ; --   ;
; block_in[39]  ; Input    ; --            ; (6) 1314 ps   ; --                    ; --  ; --   ;
; block_in[12]  ; Input    ; (6) 1314 ps   ; --            ; --                    ; --  ; --   ;
; block_in[40]  ; Input    ; --            ; (6) 1314 ps   ; --                    ; --  ; --   ;
; block_in[13]  ; Input    ; (6) 1314 ps   ; --            ; --                    ; --  ; --   ;
; block_in[41]  ; Input    ; --            ; (6) 1314 ps   ; --                    ; --  ; --   ;
; block_in[14]  ; Input    ; (6) 1314 ps   ; --            ; --                    ; --  ; --   ;
; block_in[42]  ; Input    ; --            ; (6) 1314 ps   ; --                    ; --  ; --   ;
; block_in[15]  ; Input    ; --            ; (6) 1314 ps   ; --                    ; --  ; --   ;
; block_in[43]  ; Input    ; (6) 1314 ps   ; --            ; --                    ; --  ; --   ;
; block_in[16]  ; Input    ; (6) 1314 ps   ; --            ; --                    ; --  ; --   ;
; block_in[44]  ; Input    ; --            ; (6) 1314 ps   ; --                    ; --  ; --   ;
; block_in[17]  ; Input    ; (6) 1314 ps   ; --            ; --                    ; --  ; --   ;
; block_in[45]  ; Input    ; --            ; (6) 1314 ps   ; --                    ; --  ; --   ;
; block_in[18]  ; Input    ; (6) 1314 ps   ; --            ; --                    ; --  ; --   ;
; block_in[46]  ; Input    ; --            ; (6) 1314 ps   ; --                    ; --  ; --   ;
; block_in[19]  ; Input    ; --            ; (6) 1314 ps   ; --                    ; --  ; --   ;
; block_in[47]  ; Input    ; (6) 1314 ps   ; --            ; --                    ; --  ; --   ;
; block_in[20]  ; Input    ; --            ; (6) 1314 ps   ; --                    ; --  ; --   ;
; block_in[48]  ; Input    ; (6) 1314 ps   ; --            ; --                    ; --  ; --   ;
; block_in[21]  ; Input    ; --            ; (6) 1314 ps   ; --                    ; --  ; --   ;
; block_in[49]  ; Input    ; (6) 1314 ps   ; --            ; --                    ; --  ; --   ;
; block_in[22]  ; Input    ; --            ; (6) 1314 ps   ; --                    ; --  ; --   ;
; block_in[50]  ; Input    ; --            ; (6) 1314 ps   ; --                    ; --  ; --   ;
; block_in[23]  ; Input    ; (6) 1314 ps   ; --            ; --                    ; --  ; --   ;
; block_in[51]  ; Input    ; --            ; (6) 1314 ps   ; --                    ; --  ; --   ;
; block_in[24]  ; Input    ; --            ; (6) 1314 ps   ; --                    ; --  ; --   ;
; block_in[52]  ; Input    ; --            ; (6) 1314 ps   ; --                    ; --  ; --   ;
; block_in[25]  ; Input    ; (6) 1314 ps   ; --            ; --                    ; --  ; --   ;
; block_in[53]  ; Input    ; (6) 1314 ps   ; --            ; --                    ; --  ; --   ;
; block_in[26]  ; Input    ; --            ; (6) 1314 ps   ; --                    ; --  ; --   ;
; block_in[54]  ; Input    ; (6) 1314 ps   ; --            ; --                    ; --  ; --   ;
; block_in[27]  ; Input    ; (6) 1314 ps   ; --            ; --                    ; --  ; --   ;
; block_in[55]  ; Input    ; (6) 1314 ps   ; --            ; --                    ; --  ; --   ;
; block_in[28]  ; Input    ; (6) 1314 ps   ; --            ; --                    ; --  ; --   ;
; block_in[56]  ; Input    ; (6) 1314 ps   ; --            ; --                    ; --  ; --   ;
; block_in[29]  ; Input    ; --            ; (6) 1314 ps   ; --                    ; --  ; --   ;
; block_in[57]  ; Input    ; (6) 1314 ps   ; --            ; --                    ; --  ; --   ;
; block_in[30]  ; Input    ; (6) 1314 ps   ; --            ; --                    ; --  ; --   ;
; block_in[58]  ; Input    ; (6) 1314 ps   ; --            ; --                    ; --  ; --   ;
; block_in[31]  ; Input    ; --            ; (6) 1314 ps   ; --                    ; --  ; --   ;
; block_in[59]  ; Input    ; --            ; (6) 1314 ps   ; --                    ; --  ; --   ;
; block_in[60]  ; Input    ; --            ; (6) 1314 ps   ; --                    ; --  ; --   ;
; block_in[61]  ; Input    ; --            ; (6) 1314 ps   ; --                    ; --  ; --   ;
; block_in[62]  ; Input    ; (6) 1314 ps   ; --            ; --                    ; --  ; --   ;
; block_in[63]  ; Input    ; --            ; (6) 1314 ps   ; --                    ; --  ; --   ;
+---------------+----------+---------------+---------------+-----------------------+-----+------+


+--------------------------------------------------------+
; Pad To Core Delay Chain Fanout                         ;
+--------------------------+-------------------+---------+
; Source Pin / Fanout      ; Pad To Core Index ; Setting ;
+--------------------------+-------------------+---------+
; key[69]                  ;                   ;         ;
;      - key_low[5]~1      ; 1                 ; 6       ;
;      - key_high[5]~10    ; 1                 ; 6       ;
;      - key_high_d[5]~11  ; 1                 ; 6       ;
;      - key_low_d[5]~10   ; 1                 ; 6       ;
; key[37]                  ;                   ;         ;
;      - key_low[5]~0      ; 1                 ; 6       ;
;      - key_high[5]~11    ; 1                 ; 6       ;
;      - key_high_d[5]~10  ; 1                 ; 6       ;
;      - key_low_d[5]~11   ; 1                 ; 6       ;
; key[101]                 ;                   ;         ;
;      - key_low[5]~0      ; 0                 ; 6       ;
;      - key_high[5]~10    ; 0                 ; 6       ;
;      - key_high_d[5]~10  ; 0                 ; 6       ;
;      - key_low_d[5]~10   ; 0                 ; 6       ;
; key[5]                   ;                   ;         ;
;      - key_low[5]~1      ; 0                 ; 6       ;
;      - key_high[5]~11    ; 0                 ; 6       ;
;      - key_high_d[5]~11  ; 0                 ; 6       ;
;      - key_low_d[5]~11   ; 0                 ; 6       ;
; key[36]                  ;                   ;         ;
;      - key_low[4]~3      ; 0                 ; 6       ;
;      - key_high[4]~8     ; 0                 ; 6       ;
;      - key_high_d[4]~9   ; 0                 ; 6       ;
;      - key_low_d[4]~8    ; 0                 ; 6       ;
; key[68]                  ;                   ;         ;
;      - key_low[4]~2      ; 0                 ; 6       ;
;      - key_high[4]~9     ; 0                 ; 6       ;
;      - key_high_d[4]~8   ; 0                 ; 6       ;
;      - key_low_d[4]~9    ; 0                 ; 6       ;
; key[100]                 ;                   ;         ;
;      - key_low[4]~2      ; 0                 ; 6       ;
;      - key_high[4]~8     ; 0                 ; 6       ;
;      - key_high_d[4]~8   ; 0                 ; 6       ;
;      - key_low_d[4]~8    ; 0                 ; 6       ;
; key[4]                   ;                   ;         ;
;      - key_low[4]~3      ; 1                 ; 6       ;
;      - key_high[4]~9     ; 1                 ; 6       ;
;      - key_high_d[4]~9   ; 1                 ; 6       ;
;      - key_low_d[4]~9    ; 1                 ; 6       ;
; key[67]                  ;                   ;         ;
;      - key_low[3]~5      ; 1                 ; 6       ;
;      - key_high[3]~6     ; 1                 ; 6       ;
;      - key_high_d[3]~7   ; 1                 ; 6       ;
;      - key_low_d[3]~6    ; 1                 ; 6       ;
; key[35]                  ;                   ;         ;
;      - key_low[3]~4      ; 0                 ; 6       ;
;      - key_high[3]~7     ; 0                 ; 6       ;
;      - key_high_d[3]~6   ; 0                 ; 6       ;
;      - key_low_d[3]~7    ; 0                 ; 6       ;
; key[99]                  ;                   ;         ;
;      - key_low[3]~4      ; 0                 ; 6       ;
;      - key_high[3]~6     ; 0                 ; 6       ;
;      - key_high_d[3]~6   ; 0                 ; 6       ;
;      - key_low_d[3]~6    ; 0                 ; 6       ;
; key[3]                   ;                   ;         ;
;      - key_low[3]~5      ; 0                 ; 6       ;
;      - key_high[3]~7     ; 0                 ; 6       ;
;      - key_high_d[3]~7   ; 0                 ; 6       ;
;      - key_low_d[3]~7    ; 0                 ; 6       ;
; key[34]                  ;                   ;         ;
;      - key_low[2]~7      ; 1                 ; 6       ;
;      - key_high[2]~4     ; 1                 ; 6       ;
;      - key_high_d[2]~5   ; 1                 ; 6       ;
;      - key_low_d[2]~4    ; 1                 ; 6       ;
; key[66]                  ;                   ;         ;
;      - key_low[2]~6      ; 0                 ; 6       ;
;      - key_high[2]~5     ; 0                 ; 6       ;
;      - key_high_d[2]~4   ; 0                 ; 6       ;
;      - key_low_d[2]~5    ; 0                 ; 6       ;
; key[98]                  ;                   ;         ;
;      - key_low[2]~6      ; 1                 ; 6       ;
;      - key_high[2]~4     ; 1                 ; 6       ;
;      - key_high_d[2]~4   ; 1                 ; 6       ;
;      - key_low_d[2]~4    ; 1                 ; 6       ;
; key[2]                   ;                   ;         ;
;      - key_low[2]~7      ; 1                 ; 6       ;
;      - key_high[2]~5     ; 1                 ; 6       ;
;      - key_high_d[2]~5   ; 1                 ; 6       ;
;      - key_low_d[2]~5    ; 1                 ; 6       ;
; key[65]                  ;                   ;         ;
;      - key_low[1]~9      ; 1                 ; 6       ;
;      - key_high[1]~2     ; 1                 ; 6       ;
;      - key_high_d[1]~3   ; 1                 ; 6       ;
;      - key_low_d[1]~2    ; 1                 ; 6       ;
; key[33]                  ;                   ;         ;
;      - key_low[1]~8      ; 0                 ; 6       ;
;      - key_high[1]~3     ; 0                 ; 6       ;
;      - key_high_d[1]~2   ; 0                 ; 6       ;
;      - key_low_d[1]~3    ; 0                 ; 6       ;
; key[97]                  ;                   ;         ;
;      - key_low[1]~8      ; 0                 ; 6       ;
;      - key_high[1]~2     ; 0                 ; 6       ;
;      - key_high_d[1]~2   ; 0                 ; 6       ;
;      - key_low_d[1]~2    ; 0                 ; 6       ;
; key[1]                   ;                   ;         ;
;      - key_low[1]~9      ; 0                 ; 6       ;
;      - key_high[1]~3     ; 0                 ; 6       ;
;      - key_high_d[1]~3   ; 0                 ; 6       ;
;      - key_low_d[1]~3    ; 0                 ; 6       ;
; key[32]                  ;                   ;         ;
;      - key_low[0]~11     ; 0                 ; 6       ;
;      - key_high[0]~0     ; 0                 ; 6       ;
;      - key_high_d[0]~1   ; 0                 ; 6       ;
;      - key_low_d[0]~0    ; 0                 ; 6       ;
; key[64]                  ;                   ;         ;
;      - key_low[0]~10     ; 0                 ; 6       ;
;      - key_high[0]~1     ; 0                 ; 6       ;
;      - key_high_d[0]~0   ; 0                 ; 6       ;
;      - key_low_d[0]~1    ; 0                 ; 6       ;
; key[96]                  ;                   ;         ;
;      - key_low[0]~10     ; 1                 ; 6       ;
;      - key_high[0]~0     ; 1                 ; 6       ;
;      - key_high_d[0]~0   ; 1                 ; 6       ;
;      - key_low_d[0]~0    ; 1                 ; 6       ;
; key[0]                   ;                   ;         ;
;      - key_low[0]~11     ; 1                 ; 6       ;
;      - key_high[0]~1     ; 1                 ; 6       ;
;      - key_high_d[0]~1   ; 1                 ; 6       ;
;      - key_low_d[0]~1    ; 1                 ; 6       ;
; enc                      ;                   ;         ;
;      - Add0~24           ; 0                 ; 6       ;
;      - Add0~22           ; 0                 ; 6       ;
;      - Add0~2            ; 0                 ; 6       ;
;      - Add0~4            ; 0                 ; 6       ;
;      - Add0~6            ; 0                 ; 6       ;
;      - Add0~8            ; 0                 ; 6       ;
;      - Add0~10           ; 0                 ; 6       ;
;      - Add0~12           ; 0                 ; 6       ;
;      - Add0~14           ; 0                 ; 6       ;
;      - Add0~16           ; 0                 ; 6       ;
;      - Add0~18           ; 0                 ; 6       ;
;      - Add0~20           ; 0                 ; 6       ;
;      - Add0~26           ; 0                 ; 6       ;
;      - Add0~28           ; 0                 ; 6       ;
;      - Add0~30           ; 0                 ; 6       ;
;      - Add0~32           ; 0                 ; 6       ;
;      - Add0~34           ; 0                 ; 6       ;
;      - Add0~36           ; 0                 ; 6       ;
;      - Add0~38           ; 0                 ; 6       ;
;      - Add0~40           ; 0                 ; 6       ;
;      - Add0~42           ; 0                 ; 6       ;
;      - Add0~44           ; 0                 ; 6       ;
;      - Add0~46           ; 0                 ; 6       ;
;      - Add0~48           ; 0                 ; 6       ;
;      - Add0~50           ; 0                 ; 6       ;
;      - Add0~52           ; 0                 ; 6       ;
;      - Add0~54           ; 0                 ; 6       ;
;      - Add0~56           ; 0                 ; 6       ;
;      - Add0~58           ; 0                 ; 6       ;
;      - Add0~60           ; 0                 ; 6       ;
;      - Add0~62           ; 0                 ; 6       ;
;      - block_out~0       ; 0                 ; 6       ;
;      - block_out~2       ; 0                 ; 6       ;
;      - block_out~3       ; 0                 ; 6       ;
;      - block_out~4       ; 0                 ; 6       ;
;      - block_out~5       ; 0                 ; 6       ;
;      - block_out~6       ; 0                 ; 6       ;
;      - block_out~7       ; 0                 ; 6       ;
;      - block_out~8       ; 0                 ; 6       ;
;      - block_out~9       ; 0                 ; 6       ;
;      - block_out~10      ; 0                 ; 6       ;
;      - block_out~11      ; 0                 ; 6       ;
;      - block_out~12      ; 0                 ; 6       ;
;      - block_out~13      ; 0                 ; 6       ;
;      - block_out~14      ; 0                 ; 6       ;
;      - block_out~15      ; 0                 ; 6       ;
;      - block_out~16      ; 0                 ; 6       ;
;      - block_out~17      ; 0                 ; 6       ;
;      - block_out~18      ; 0                 ; 6       ;
;      - block_out~19      ; 0                 ; 6       ;
;      - block_out~20      ; 0                 ; 6       ;
;      - block_out~21      ; 0                 ; 6       ;
;      - block_out~22      ; 0                 ; 6       ;
;      - block_out~23      ; 0                 ; 6       ;
;      - block_out~24      ; 0                 ; 6       ;
;      - block_out~25      ; 0                 ; 6       ;
;      - block_out~26      ; 0                 ; 6       ;
;      - block_out~27      ; 0                 ; 6       ;
;      - block_out~28      ; 0                 ; 6       ;
;      - block_out~29      ; 0                 ; 6       ;
;      - block_out~30      ; 0                 ; 6       ;
;      - block_out~31      ; 0                 ; 6       ;
;      - block_out~32      ; 0                 ; 6       ;
;      - block_out~33      ; 0                 ; 6       ;
;      - block_out~34      ; 0                 ; 6       ;
;      - block_out~35      ; 0                 ; 6       ;
;      - block_out~36      ; 0                 ; 6       ;
;      - block_out~37      ; 0                 ; 6       ;
;      - block_out~38      ; 0                 ; 6       ;
;      - block_out~39      ; 0                 ; 6       ;
;      - block_out~40      ; 0                 ; 6       ;
;      - block_out~41      ; 0                 ; 6       ;
;      - block_out~42      ; 0                 ; 6       ;
;      - block_out~43      ; 0                 ; 6       ;
;      - block_out~44      ; 0                 ; 6       ;
;      - block_out~45      ; 0                 ; 6       ;
;      - block_out~46      ; 0                 ; 6       ;
;      - block_out~47      ; 0                 ; 6       ;
;      - block_out~48      ; 0                 ; 6       ;
;      - block_out~49      ; 0                 ; 6       ;
;      - block_out~50      ; 0                 ; 6       ;
;      - block_out~51      ; 0                 ; 6       ;
;      - block_out~52      ; 0                 ; 6       ;
;      - block_out~53      ; 0                 ; 6       ;
;      - block_out~54      ; 0                 ; 6       ;
;      - block_out~55      ; 0                 ; 6       ;
;      - block_out~56      ; 0                 ; 6       ;
;      - block_out~57      ; 0                 ; 6       ;
;      - block_out~58      ; 0                 ; 6       ;
;      - block_out~59      ; 0                 ; 6       ;
;      - block_out~60      ; 0                 ; 6       ;
;      - block_out~61      ; 0                 ; 6       ;
;      - block_out~62      ; 0                 ; 6       ;
;      - block_out~63      ; 0                 ; 6       ;
;      - block_out~64      ; 0                 ; 6       ;
;      - v1~131            ; 0                 ; 6       ;
;      - v1~135            ; 0                 ; 6       ;
;      - v1~137            ; 0                 ; 6       ;
;      - v1~140            ; 0                 ; 6       ;
;      - v1~143            ; 0                 ; 6       ;
;      - v0~132            ; 0                 ; 6       ;
;      - v0~134            ; 0                 ; 6       ;
;      - v0~136            ; 0                 ; 6       ;
;      - v0~138            ; 0                 ; 6       ;
;      - v0~140            ; 0                 ; 6       ;
;      - v1~164            ; 0                 ; 6       ;
;      - v1~165            ; 0                 ; 6       ;
;      - v1~166            ; 0                 ; 6       ;
;      - v1~167            ; 0                 ; 6       ;
;      - v1~168            ; 0                 ; 6       ;
;      - v1~169            ; 0                 ; 6       ;
;      - v1~170            ; 0                 ; 6       ;
;      - v1~171            ; 0                 ; 6       ;
;      - v0~164            ; 0                 ; 6       ;
;      - v0~165            ; 0                 ; 6       ;
;      - v0~166            ; 0                 ; 6       ;
;      - v0~167            ; 0                 ; 6       ;
;      - v0~168            ; 0                 ; 6       ;
;      - v0~169            ; 0                 ; 6       ;
;      - v0~170            ; 0                 ; 6       ;
;      - v0~171            ; 0                 ; 6       ;
;      - v0~172            ; 0                 ; 6       ;
;      - v1~172            ; 0                 ; 6       ;
;      - v1~173            ; 0                 ; 6       ;
;      - v1~174            ; 0                 ; 6       ;
;      - v1~175            ; 0                 ; 6       ;
;      - v1~176            ; 0                 ; 6       ;
;      - v1~177            ; 0                 ; 6       ;
;      - v0~173            ; 0                 ; 6       ;
;      - v1~178            ; 0                 ; 6       ;
;      - v0~174            ; 0                 ; 6       ;
;      - v1~179            ; 0                 ; 6       ;
;      - v0~175            ; 0                 ; 6       ;
;      - v1~180            ; 0                 ; 6       ;
;      - v0~176            ; 0                 ; 6       ;
;      - v1~181            ; 0                 ; 6       ;
;      - v0~177            ; 0                 ; 6       ;
;      - v1~182            ; 0                 ; 6       ;
;      - v0~178            ; 0                 ; 6       ;
;      - v1~183            ; 0                 ; 6       ;
;      - v0~179            ; 0                 ; 6       ;
;      - v1~184            ; 0                 ; 6       ;
;      - v0~180            ; 0                 ; 6       ;
;      - v1~185            ; 0                 ; 6       ;
;      - v0~181            ; 0                 ; 6       ;
;      - v1~186            ; 0                 ; 6       ;
;      - v0~182            ; 0                 ; 6       ;
;      - v1~187            ; 0                 ; 6       ;
;      - v0~183            ; 0                 ; 6       ;
;      - v1~188            ; 0                 ; 6       ;
;      - v0~184            ; 0                 ; 6       ;
;      - v1~189            ; 0                 ; 6       ;
;      - v0~185            ; 0                 ; 6       ;
;      - v1~190            ; 0                 ; 6       ;
;      - v0~186            ; 0                 ; 6       ;
;      - v1~191            ; 0                 ; 6       ;
;      - v0~187            ; 0                 ; 6       ;
;      - v1~192            ; 0                 ; 6       ;
;      - v0~188            ; 0                 ; 6       ;
;      - v1~193            ; 0                 ; 6       ;
;      - v0~189            ; 0                 ; 6       ;
;      - v1~194            ; 0                 ; 6       ;
;      - v0~190            ; 0                 ; 6       ;
;      - v0~191            ; 0                 ; 6       ;
;      - v0~192            ; 0                 ; 6       ;
;      - v0~193            ; 0                 ; 6       ;
;      - v0~194            ; 0                 ; 6       ;
;      - enc~_wirecell     ; 0                 ; 6       ;
; rst                      ;                   ;         ;
;      - v0[4]             ; 0                 ; 6       ;
;      - v0[5]             ; 0                 ; 6       ;
;      - v0[6]             ; 0                 ; 6       ;
;      - v0[7]             ; 0                 ; 6       ;
;      - v0[8]             ; 0                 ; 6       ;
;      - v0[9]             ; 0                 ; 6       ;
;      - v0[10]            ; 0                 ; 6       ;
;      - v0[11]            ; 0                 ; 6       ;
;      - v0[12]            ; 0                 ; 6       ;
;      - v0[13]            ; 0                 ; 6       ;
;      - v0[14]            ; 0                 ; 6       ;
;      - v0[15]            ; 0                 ; 6       ;
;      - v0[16]            ; 0                 ; 6       ;
;      - v0[17]            ; 0                 ; 6       ;
;      - v0[18]            ; 0                 ; 6       ;
;      - v0[19]            ; 0                 ; 6       ;
;      - v0[20]            ; 0                 ; 6       ;
;      - v0[21]            ; 0                 ; 6       ;
;      - v0[22]            ; 0                 ; 6       ;
;      - v0[23]            ; 0                 ; 6       ;
;      - v0[24]            ; 0                 ; 6       ;
;      - v0[25]            ; 0                 ; 6       ;
;      - v0[26]            ; 0                 ; 6       ;
;      - v0[27]            ; 0                 ; 6       ;
;      - v0[31]            ; 0                 ; 6       ;
;      - v0[30]            ; 0                 ; 6       ;
;      - v0[29]            ; 0                 ; 6       ;
;      - v0[28]            ; 0                 ; 6       ;
;      - v0[3]             ; 0                 ; 6       ;
;      - v0[2]             ; 0                 ; 6       ;
;      - v0[1]             ; 0                 ; 6       ;
;      - v0[0]             ; 0                 ; 6       ;
;      - sum[12]           ; 0                 ; 6       ;
;      - sum[31]           ; 0                 ; 6       ;
;      - sum[30]           ; 0                 ; 6       ;
;      - sum[26]           ; 0                 ; 6       ;
;      - sum[25]           ; 0                 ; 6       ;
;      - sum[23]           ; 0                 ; 6       ;
;      - sum[22]           ; 0                 ; 6       ;
;      - sum[21]           ; 0                 ; 6       ;
;      - sum[19]           ; 0                 ; 6       ;
;      - sum[18]           ; 0                 ; 6       ;
;      - sum[17]           ; 0                 ; 6       ;
;      - sum[16]           ; 0                 ; 6       ;
;      - sum[13]           ; 0                 ; 6       ;
;      - sum[10]           ; 0                 ; 6       ;
;      - sum[9]            ; 0                 ; 6       ;
;      - sum[8]            ; 0                 ; 6       ;
;      - sum[5]            ; 0                 ; 6       ;
;      - v1[31]            ; 0                 ; 6       ;
;      - v1[30]            ; 0                 ; 6       ;
;      - v1[29]            ; 0                 ; 6       ;
;      - v1[28]            ; 0                 ; 6       ;
;      - v1[27]            ; 0                 ; 6       ;
;      - v1[26]            ; 0                 ; 6       ;
;      - v1[25]            ; 0                 ; 6       ;
;      - v1[24]            ; 0                 ; 6       ;
;      - v1[23]            ; 0                 ; 6       ;
;      - v1[22]            ; 0                 ; 6       ;
;      - v1[21]            ; 0                 ; 6       ;
;      - v1[20]            ; 0                 ; 6       ;
;      - v1[19]            ; 0                 ; 6       ;
;      - v1[18]            ; 0                 ; 6       ;
;      - v1[17]            ; 0                 ; 6       ;
;      - v1[16]            ; 0                 ; 6       ;
;      - v1[15]            ; 0                 ; 6       ;
;      - v1[14]            ; 0                 ; 6       ;
;      - v1[13]            ; 0                 ; 6       ;
;      - v1[12]            ; 0                 ; 6       ;
;      - v1[11]            ; 0                 ; 6       ;
;      - v1[10]            ; 0                 ; 6       ;
;      - v1[9]             ; 0                 ; 6       ;
;      - v1[8]             ; 0                 ; 6       ;
;      - v1[7]             ; 0                 ; 6       ;
;      - v1[6]             ; 0                 ; 6       ;
;      - v1[5]             ; 0                 ; 6       ;
;      - v1[4]             ; 0                 ; 6       ;
;      - v1[3]             ; 0                 ; 6       ;
;      - v1[2]             ; 0                 ; 6       ;
;      - v1[1]             ; 0                 ; 6       ;
;      - v1[0]             ; 0                 ; 6       ;
;      - state.S_RUN       ; 0                 ; 6       ;
;      - block_out~0       ; 0                 ; 6       ;
;      - block_out[38]~1   ; 0                 ; 6       ;
;      - block_out~2       ; 0                 ; 6       ;
;      - block_out~3       ; 0                 ; 6       ;
;      - block_out~4       ; 0                 ; 6       ;
;      - block_out~5       ; 0                 ; 6       ;
;      - block_out~6       ; 0                 ; 6       ;
;      - block_out~7       ; 0                 ; 6       ;
;      - block_out~8       ; 0                 ; 6       ;
;      - block_out~9       ; 0                 ; 6       ;
;      - block_out~10      ; 0                 ; 6       ;
;      - block_out~11      ; 0                 ; 6       ;
;      - block_out~12      ; 0                 ; 6       ;
;      - block_out~13      ; 0                 ; 6       ;
;      - block_out~14      ; 0                 ; 6       ;
;      - block_out~15      ; 0                 ; 6       ;
;      - block_out~16      ; 0                 ; 6       ;
;      - block_out~17      ; 0                 ; 6       ;
;      - block_out~18      ; 0                 ; 6       ;
;      - block_out~19      ; 0                 ; 6       ;
;      - block_out~20      ; 0                 ; 6       ;
;      - block_out~21      ; 0                 ; 6       ;
;      - block_out~22      ; 0                 ; 6       ;
;      - block_out~23      ; 0                 ; 6       ;
;      - block_out~24      ; 0                 ; 6       ;
;      - block_out~25      ; 0                 ; 6       ;
;      - block_out~26      ; 0                 ; 6       ;
;      - block_out~27      ; 0                 ; 6       ;
;      - block_out~28      ; 0                 ; 6       ;
;      - block_out~29      ; 0                 ; 6       ;
;      - block_out~30      ; 0                 ; 6       ;
;      - block_out~31      ; 0                 ; 6       ;
;      - block_out~32      ; 0                 ; 6       ;
;      - block_out~33      ; 0                 ; 6       ;
;      - block_out~34      ; 0                 ; 6       ;
;      - block_out~35      ; 0                 ; 6       ;
;      - block_out~36      ; 0                 ; 6       ;
;      - block_out~37      ; 0                 ; 6       ;
;      - block_out~38      ; 0                 ; 6       ;
;      - block_out~39      ; 0                 ; 6       ;
;      - block_out~40      ; 0                 ; 6       ;
;      - block_out~41      ; 0                 ; 6       ;
;      - block_out~42      ; 0                 ; 6       ;
;      - block_out~43      ; 0                 ; 6       ;
;      - block_out~44      ; 0                 ; 6       ;
;      - block_out~45      ; 0                 ; 6       ;
;      - block_out~46      ; 0                 ; 6       ;
;      - block_out~47      ; 0                 ; 6       ;
;      - block_out~48      ; 0                 ; 6       ;
;      - block_out~49      ; 0                 ; 6       ;
;      - block_out~50      ; 0                 ; 6       ;
;      - block_out~51      ; 0                 ; 6       ;
;      - block_out~52      ; 0                 ; 6       ;
;      - block_out~53      ; 0                 ; 6       ;
;      - block_out~54      ; 0                 ; 6       ;
;      - block_out~55      ; 0                 ; 6       ;
;      - block_out~56      ; 0                 ; 6       ;
;      - block_out~57      ; 0                 ; 6       ;
;      - block_out~58      ; 0                 ; 6       ;
;      - block_out~59      ; 0                 ; 6       ;
;      - block_out~60      ; 0                 ; 6       ;
;      - block_out~61      ; 0                 ; 6       ;
;      - block_out~62      ; 0                 ; 6       ;
;      - block_out~63      ; 0                 ; 6       ;
;      - block_out~64      ; 0                 ; 6       ;
;      - done~0            ; 0                 ; 6       ;
;      - round[1]~6        ; 0                 ; 6       ;
;      - round[1]~7        ; 0                 ; 6       ;
;      - state~9           ; 0                 ; 6       ;
;      - sum~30            ; 0                 ; 6       ;
;      - sum~31            ; 0                 ; 6       ;
;      - sum~32            ; 0                 ; 6       ;
;      - sum~33            ; 0                 ; 6       ;
;      - sum~34            ; 0                 ; 6       ;
;      - sum~35            ; 0                 ; 6       ;
;      - sum~36            ; 0                 ; 6       ;
;      - sum~37            ; 0                 ; 6       ;
;      - sum~38            ; 0                 ; 6       ;
;      - sum~39            ; 0                 ; 6       ;
;      - sum~40            ; 0                 ; 6       ;
;      - sum~41            ; 0                 ; 6       ;
;      - sum~42            ; 0                 ; 6       ;
;      - sum~43            ; 0                 ; 6       ;
;      - sum~44            ; 0                 ; 6       ;
; clk                      ;                   ;         ;
; key[70]                  ;                   ;         ;
;      - key_low[6]~13     ; 1                 ; 6       ;
;      - key_high[6]~13    ; 1                 ; 6       ;
;      - key_high_d[6]~13  ; 1                 ; 6       ;
;      - key_low_d[6]~13   ; 1                 ; 6       ;
; key[38]                  ;                   ;         ;
;      - key_low[6]~12     ; 1                 ; 6       ;
;      - key_high[6]~12    ; 1                 ; 6       ;
;      - key_high_d[6]~12  ; 1                 ; 6       ;
;      - key_low_d[6]~12   ; 1                 ; 6       ;
; key[102]                 ;                   ;         ;
;      - key_low[6]~12     ; 1                 ; 6       ;
;      - key_high[6]~12    ; 1                 ; 6       ;
;      - key_high_d[6]~12  ; 1                 ; 6       ;
;      - key_low_d[6]~12   ; 1                 ; 6       ;
; key[6]                   ;                   ;         ;
;      - key_low[6]~13     ; 1                 ; 6       ;
;      - key_high[6]~13    ; 1                 ; 6       ;
;      - key_high_d[6]~13  ; 1                 ; 6       ;
;      - key_low_d[6]~13   ; 1                 ; 6       ;
; key[39]                  ;                   ;         ;
;      - key_low[7]~15     ; 1                 ; 6       ;
;      - key_high[7]~15    ; 1                 ; 6       ;
;      - key_high_d[7]~15  ; 1                 ; 6       ;
;      - key_low_d[7]~15   ; 1                 ; 6       ;
; key[71]                  ;                   ;         ;
;      - key_low[7]~14     ; 0                 ; 6       ;
;      - key_high[7]~14    ; 0                 ; 6       ;
;      - key_high_d[7]~14  ; 0                 ; 6       ;
;      - key_low_d[7]~14   ; 0                 ; 6       ;
; key[103]                 ;                   ;         ;
;      - key_low[7]~14     ; 0                 ; 6       ;
;      - key_high[7]~14    ; 0                 ; 6       ;
;      - key_high_d[7]~14  ; 0                 ; 6       ;
;      - key_low_d[7]~14   ; 0                 ; 6       ;
; key[7]                   ;                   ;         ;
;      - key_low[7]~15     ; 0                 ; 6       ;
;      - key_high[7]~15    ; 0                 ; 6       ;
;      - key_high_d[7]~15  ; 0                 ; 6       ;
;      - key_low_d[7]~15   ; 0                 ; 6       ;
; key[40]                  ;                   ;         ;
;      - key_low[8]~17     ; 1                 ; 6       ;
;      - key_high[8]~16    ; 1                 ; 6       ;
;      - key_high_d[8]~17  ; 1                 ; 6       ;
;      - key_low_d[8]~16   ; 1                 ; 6       ;
; key[72]                  ;                   ;         ;
;      - key_low[8]~16     ; 0                 ; 6       ;
;      - key_high[8]~17    ; 0                 ; 6       ;
;      - key_high_d[8]~16  ; 0                 ; 6       ;
;      - key_low_d[8]~17   ; 0                 ; 6       ;
; key[104]                 ;                   ;         ;
;      - key_low[8]~16     ; 0                 ; 6       ;
;      - key_high[8]~16    ; 0                 ; 6       ;
;      - key_high_d[8]~16  ; 0                 ; 6       ;
;      - key_low_d[8]~16   ; 0                 ; 6       ;
; key[8]                   ;                   ;         ;
;      - key_low[8]~17     ; 0                 ; 6       ;
;      - key_high[8]~17    ; 0                 ; 6       ;
;      - key_high_d[8]~17  ; 0                 ; 6       ;
;      - key_low_d[8]~17   ; 0                 ; 6       ;
; key[73]                  ;                   ;         ;
;      - key_low[9]~19     ; 1                 ; 6       ;
;      - key_high[9]~18    ; 1                 ; 6       ;
;      - key_high_d[9]~19  ; 1                 ; 6       ;
;      - key_low_d[9]~18   ; 1                 ; 6       ;
; key[41]                  ;                   ;         ;
;      - key_low[9]~18     ; 1                 ; 6       ;
;      - key_high[9]~19    ; 1                 ; 6       ;
;      - key_high_d[9]~18  ; 1                 ; 6       ;
;      - key_low_d[9]~19   ; 1                 ; 6       ;
; key[105]                 ;                   ;         ;
;      - key_low[9]~18     ; 0                 ; 6       ;
;      - key_high[9]~18    ; 0                 ; 6       ;
;      - key_high_d[9]~18  ; 0                 ; 6       ;
;      - key_low_d[9]~18   ; 0                 ; 6       ;
; key[9]                   ;                   ;         ;
;      - key_low[9]~19     ; 1                 ; 6       ;
;      - key_high[9]~19    ; 1                 ; 6       ;
;      - key_high_d[9]~19  ; 1                 ; 6       ;
;      - key_low_d[9]~19   ; 1                 ; 6       ;
; key[42]                  ;                   ;         ;
;      - key_low[10]~21    ; 0                 ; 6       ;
;      - key_high[10]~20   ; 0                 ; 6       ;
;      - key_high_d[10]~21 ; 0                 ; 6       ;
;      - key_low_d[10]~20  ; 0                 ; 6       ;
; key[74]                  ;                   ;         ;
;      - key_low[10]~20    ; 0                 ; 6       ;
;      - key_high[10]~21   ; 0                 ; 6       ;
;      - key_high_d[10]~20 ; 0                 ; 6       ;
;      - key_low_d[10]~21  ; 0                 ; 6       ;
; key[106]                 ;                   ;         ;
;      - key_low[10]~20    ; 1                 ; 6       ;
;      - key_high[10]~20   ; 1                 ; 6       ;
;      - key_high_d[10]~20 ; 1                 ; 6       ;
;      - key_low_d[10]~20  ; 1                 ; 6       ;
; key[10]                  ;                   ;         ;
;      - key_low[10]~21    ; 0                 ; 6       ;
;      - key_high[10]~21   ; 0                 ; 6       ;
;      - key_high_d[10]~21 ; 0                 ; 6       ;
;      - key_low_d[10]~21  ; 0                 ; 6       ;
; key[75]                  ;                   ;         ;
;      - key_low[11]~23    ; 1                 ; 6       ;
;      - key_high[11]~22   ; 1                 ; 6       ;
;      - key_high_d[11]~23 ; 1                 ; 6       ;
;      - key_low_d[11]~22  ; 1                 ; 6       ;
; key[43]                  ;                   ;         ;
;      - key_low[11]~22    ; 1                 ; 6       ;
;      - key_high[11]~23   ; 1                 ; 6       ;
;      - key_high_d[11]~22 ; 1                 ; 6       ;
;      - key_low_d[11]~23  ; 1                 ; 6       ;
; key[107]                 ;                   ;         ;
;      - key_low[11]~22    ; 0                 ; 6       ;
;      - key_high[11]~22   ; 0                 ; 6       ;
;      - key_high_d[11]~22 ; 0                 ; 6       ;
;      - key_low_d[11]~22  ; 0                 ; 6       ;
; key[11]                  ;                   ;         ;
;      - key_low[11]~23    ; 1                 ; 6       ;
;      - key_high[11]~23   ; 1                 ; 6       ;
;      - key_high_d[11]~23 ; 1                 ; 6       ;
;      - key_low_d[11]~23  ; 1                 ; 6       ;
; key[76]                  ;                   ;         ;
;      - key_low[12]~25    ; 1                 ; 6       ;
;      - key_high[12]~25   ; 1                 ; 6       ;
;      - key_high_d[12]~25 ; 1                 ; 6       ;
;      - key_low_d[12]~25  ; 1                 ; 6       ;
; key[44]                  ;                   ;         ;
;      - key_low[12]~24    ; 1                 ; 6       ;
;      - key_high[12]~24   ; 1                 ; 6       ;
;      - key_high_d[12]~24 ; 1                 ; 6       ;
;      - key_low_d[12]~24  ; 1                 ; 6       ;
; key[108]                 ;                   ;         ;
;      - key_low[12]~24    ; 0                 ; 6       ;
;      - key_high[12]~24   ; 0                 ; 6       ;
;      - key_high_d[12]~24 ; 0                 ; 6       ;
;      - key_low_d[12]~24  ; 0                 ; 6       ;
; key[12]                  ;                   ;         ;
;      - key_low[12]~25    ; 0                 ; 6       ;
;      - key_high[12]~25   ; 0                 ; 6       ;
;      - key_high_d[12]~25 ; 0                 ; 6       ;
;      - key_low_d[12]~25  ; 0                 ; 6       ;
; key[45]                  ;                   ;         ;
;      - key_low[13]~27    ; 0                 ; 6       ;
;      - key_high[13]~27   ; 0                 ; 6       ;
;      - key_high_d[13]~27 ; 0                 ; 6       ;
;      - key_low_d[13]~27  ; 0                 ; 6       ;
; key[77]                  ;                   ;         ;
;      - key_low[13]~26    ; 0                 ; 6       ;
;      - key_high[13]~26   ; 0                 ; 6       ;
;      - key_high_d[13]~26 ; 0                 ; 6       ;
;      - key_low_d[13]~26  ; 0                 ; 6       ;
; key[109]                 ;                   ;         ;
;      - key_low[13]~26    ; 1                 ; 6       ;
;      - key_high[13]~26   ; 1                 ; 6       ;
;      - key_high_d[13]~26 ; 1                 ; 6       ;
;      - key_low_d[13]~26  ; 1                 ; 6       ;
; key[13]                  ;                   ;         ;
;      - key_low[13]~27    ; 1                 ; 6       ;
;      - key_high[13]~27   ; 1                 ; 6       ;
;      - key_high_d[13]~27 ; 1                 ; 6       ;
;      - key_low_d[13]~27  ; 1                 ; 6       ;
; key[46]                  ;                   ;         ;
;      - key_low[14]~29    ; 0                 ; 6       ;
;      - key_high[14]~28   ; 0                 ; 6       ;
;      - key_high_d[14]~29 ; 0                 ; 6       ;
;      - key_low_d[14]~28  ; 0                 ; 6       ;
; key[78]                  ;                   ;         ;
;      - key_low[14]~28    ; 0                 ; 6       ;
;      - key_high[14]~29   ; 0                 ; 6       ;
;      - key_high_d[14]~28 ; 0                 ; 6       ;
;      - key_low_d[14]~29  ; 0                 ; 6       ;
; key[110]                 ;                   ;         ;
;      - key_low[14]~28    ; 1                 ; 6       ;
;      - key_high[14]~28   ; 1                 ; 6       ;
;      - key_high_d[14]~28 ; 1                 ; 6       ;
;      - key_low_d[14]~28  ; 1                 ; 6       ;
; key[14]                  ;                   ;         ;
;      - key_low[14]~29    ; 0                 ; 6       ;
;      - key_high[14]~29   ; 0                 ; 6       ;
;      - key_high_d[14]~29 ; 0                 ; 6       ;
;      - key_low_d[14]~29  ; 0                 ; 6       ;
; key[79]                  ;                   ;         ;
;      - key_low[15]~31    ; 0                 ; 6       ;
;      - key_high[15]~30   ; 0                 ; 6       ;
;      - key_high_d[15]~31 ; 0                 ; 6       ;
;      - key_low_d[15]~30  ; 0                 ; 6       ;
; key[47]                  ;                   ;         ;
;      - key_low[15]~30    ; 1                 ; 6       ;
;      - key_high[15]~31   ; 1                 ; 6       ;
;      - key_high_d[15]~30 ; 1                 ; 6       ;
;      - key_low_d[15]~31  ; 1                 ; 6       ;
; key[111]                 ;                   ;         ;
;      - key_low[15]~30    ; 1                 ; 6       ;
;      - key_high[15]~30   ; 1                 ; 6       ;
;      - key_high_d[15]~30 ; 1                 ; 6       ;
;      - key_low_d[15]~30  ; 1                 ; 6       ;
; key[15]                  ;                   ;         ;
;      - key_low[15]~31    ; 1                 ; 6       ;
;      - key_high[15]~31   ; 1                 ; 6       ;
;      - key_high_d[15]~31 ; 1                 ; 6       ;
;      - key_low_d[15]~31  ; 1                 ; 6       ;
; key[80]                  ;                   ;         ;
;      - key_low[16]~33    ; 0                 ; 6       ;
;      - key_high[16]~33   ; 0                 ; 6       ;
;      - key_high_d[16]~33 ; 0                 ; 6       ;
;      - key_low_d[16]~33  ; 0                 ; 6       ;
; key[48]                  ;                   ;         ;
;      - key_low[16]~32    ; 0                 ; 6       ;
;      - key_high[16]~32   ; 0                 ; 6       ;
;      - key_high_d[16]~32 ; 0                 ; 6       ;
;      - key_low_d[16]~32  ; 0                 ; 6       ;
; key[112]                 ;                   ;         ;
; key[16]                  ;                   ;         ;
; key[49]                  ;                   ;         ;
;      - key_low[17]~35    ; 1                 ; 6       ;
;      - key_high[17]~35   ; 1                 ; 6       ;
;      - key_high_d[17]~35 ; 1                 ; 6       ;
;      - key_low_d[17]~35  ; 1                 ; 6       ;
; key[81]                  ;                   ;         ;
;      - key_low[17]~34    ; 1                 ; 6       ;
;      - key_high[17]~34   ; 1                 ; 6       ;
;      - key_high_d[17]~34 ; 1                 ; 6       ;
;      - key_low_d[17]~34  ; 1                 ; 6       ;
; key[113]                 ;                   ;         ;
;      - key_low[17]~34    ; 0                 ; 6       ;
;      - key_high[17]~34   ; 0                 ; 6       ;
;      - key_high_d[17]~34 ; 0                 ; 6       ;
;      - key_low_d[17]~34  ; 0                 ; 6       ;
; key[17]                  ;                   ;         ;
; key[82]                  ;                   ;         ;
; key[50]                  ;                   ;         ;
;      - key_low[18]~36    ; 0                 ; 6       ;
;      - key_high[18]~36   ; 0                 ; 6       ;
;      - key_high_d[18]~36 ; 0                 ; 6       ;
;      - key_low_d[18]~36  ; 0                 ; 6       ;
; key[114]                 ;                   ;         ;
;      - key_low[18]~36    ; 0                 ; 6       ;
;      - key_high[18]~36   ; 0                 ; 6       ;
;      - key_high_d[18]~36 ; 0                 ; 6       ;
;      - key_low_d[18]~36  ; 0                 ; 6       ;
; key[18]                  ;                   ;         ;
;      - key_low[18]~37    ; 0                 ; 6       ;
;      - key_high[18]~37   ; 0                 ; 6       ;
;      - key_high_d[18]~37 ; 0                 ; 6       ;
;      - key_low_d[18]~37  ; 0                 ; 6       ;
; key[51]                  ;                   ;         ;
;      - key_low[19]~39    ; 0                 ; 6       ;
;      - key_high[19]~39   ; 0                 ; 6       ;
;      - key_high_d[19]~39 ; 0                 ; 6       ;
;      - key_low_d[19]~39  ; 0                 ; 6       ;
; key[83]                  ;                   ;         ;
;      - key_low[19]~38    ; 0                 ; 6       ;
;      - key_high[19]~38   ; 0                 ; 6       ;
;      - key_high_d[19]~38 ; 0                 ; 6       ;
;      - key_low_d[19]~38  ; 0                 ; 6       ;
; key[115]                 ;                   ;         ;
;      - key_low[19]~38    ; 0                 ; 6       ;
;      - key_high[19]~38   ; 0                 ; 6       ;
;      - key_high_d[19]~38 ; 0                 ; 6       ;
;      - key_low_d[19]~38  ; 0                 ; 6       ;
; key[19]                  ;                   ;         ;
;      - key_low[19]~39    ; 1                 ; 6       ;
;      - key_high[19]~39   ; 1                 ; 6       ;
;      - key_high_d[19]~39 ; 1                 ; 6       ;
;      - key_low_d[19]~39  ; 1                 ; 6       ;
; key[52]                  ;                   ;         ;
;      - key_low[20]~41    ; 1                 ; 6       ;
;      - key_high[20]~40   ; 1                 ; 6       ;
;      - key_high_d[20]~41 ; 1                 ; 6       ;
;      - key_low_d[20]~40  ; 1                 ; 6       ;
; key[84]                  ;                   ;         ;
;      - key_low[20]~40    ; 0                 ; 6       ;
;      - key_high[20]~41   ; 0                 ; 6       ;
;      - key_high_d[20]~40 ; 0                 ; 6       ;
;      - key_low_d[20]~41  ; 0                 ; 6       ;
; key[116]                 ;                   ;         ;
;      - key_low[20]~40    ; 0                 ; 6       ;
;      - key_high[20]~40   ; 0                 ; 6       ;
;      - key_high_d[20]~40 ; 0                 ; 6       ;
;      - key_low_d[20]~40  ; 0                 ; 6       ;
; key[20]                  ;                   ;         ;
;      - key_low[20]~41    ; 1                 ; 6       ;
;      - key_high[20]~41   ; 1                 ; 6       ;
;      - key_high_d[20]~41 ; 1                 ; 6       ;
;      - key_low_d[20]~41  ; 1                 ; 6       ;
; key[85]                  ;                   ;         ;
;      - key_low[21]~43    ; 0                 ; 6       ;
;      - key_high[21]~42   ; 0                 ; 6       ;
;      - key_high_d[21]~43 ; 0                 ; 6       ;
;      - key_low_d[21]~42  ; 0                 ; 6       ;
; key[53]                  ;                   ;         ;
;      - key_low[21]~42    ; 1                 ; 6       ;
;      - key_high[21]~43   ; 1                 ; 6       ;
;      - key_high_d[21]~42 ; 1                 ; 6       ;
;      - key_low_d[21]~43  ; 1                 ; 6       ;
; key[117]                 ;                   ;         ;
;      - key_low[21]~42    ; 0                 ; 6       ;
;      - key_high[21]~42   ; 0                 ; 6       ;
;      - key_high_d[21]~42 ; 0                 ; 6       ;
;      - key_low_d[21]~42  ; 0                 ; 6       ;
; key[21]                  ;                   ;         ;
;      - key_low[21]~43    ; 1                 ; 6       ;
;      - key_high[21]~43   ; 1                 ; 6       ;
;      - key_high_d[21]~43 ; 1                 ; 6       ;
;      - key_low_d[21]~43  ; 1                 ; 6       ;
; key[54]                  ;                   ;         ;
;      - key_low[22]~45    ; 0                 ; 6       ;
;      - key_high[22]~44   ; 0                 ; 6       ;
;      - key_high_d[22]~45 ; 0                 ; 6       ;
;      - key_low_d[22]~44  ; 0                 ; 6       ;
; key[86]                  ;                   ;         ;
;      - key_low[22]~44    ; 1                 ; 6       ;
;      - key_high[22]~45   ; 1                 ; 6       ;
;      - key_high_d[22]~44 ; 1                 ; 6       ;
;      - key_low_d[22]~45  ; 1                 ; 6       ;
; key[118]                 ;                   ;         ;
;      - key_low[22]~44    ; 0                 ; 6       ;
;      - key_high[22]~44   ; 0                 ; 6       ;
;      - key_high_d[22]~44 ; 0                 ; 6       ;
;      - key_low_d[22]~44  ; 0                 ; 6       ;
; key[22]                  ;                   ;         ;
;      - key_low[22]~45    ; 1                 ; 6       ;
;      - key_high[22]~45   ; 1                 ; 6       ;
;      - key_high_d[22]~45 ; 1                 ; 6       ;
;      - key_low_d[22]~45  ; 1                 ; 6       ;
; key[87]                  ;                   ;         ;
;      - key_low[23]~47    ; 0                 ; 6       ;
;      - key_high[23]~46   ; 0                 ; 6       ;
;      - key_high_d[23]~47 ; 0                 ; 6       ;
;      - key_low_d[23]~46  ; 0                 ; 6       ;
; key[55]                  ;                   ;         ;
;      - key_low[23]~46    ; 0                 ; 6       ;
;      - key_high[23]~47   ; 0                 ; 6       ;
;      - key_high_d[23]~46 ; 0                 ; 6       ;
;      - key_low_d[23]~47  ; 0                 ; 6       ;
; key[119]                 ;                   ;         ;
;      - key_low[23]~46    ; 0                 ; 6       ;
;      - key_high[23]~46   ; 0                 ; 6       ;
;      - key_high_d[23]~46 ; 0                 ; 6       ;
;      - key_low_d[23]~46  ; 0                 ; 6       ;
; key[23]                  ;                   ;         ;
;      - key_low[23]~47    ; 0                 ; 6       ;
;      - key_high[23]~47   ; 0                 ; 6       ;
;      - key_high_d[23]~47 ; 0                 ; 6       ;
;      - key_low_d[23]~47  ; 0                 ; 6       ;
; key[88]                  ;                   ;         ;
;      - key_low[24]~49    ; 0                 ; 6       ;
;      - key_high[24]~49   ; 0                 ; 6       ;
;      - key_high_d[24]~49 ; 0                 ; 6       ;
;      - key_low_d[24]~49  ; 0                 ; 6       ;
; key[56]                  ;                   ;         ;
;      - key_low[24]~48    ; 0                 ; 6       ;
;      - key_high[24]~48   ; 0                 ; 6       ;
;      - key_high_d[24]~48 ; 0                 ; 6       ;
;      - key_low_d[24]~48  ; 0                 ; 6       ;
; key[120]                 ;                   ;         ;
;      - key_low[24]~48    ; 0                 ; 6       ;
;      - key_high[24]~48   ; 0                 ; 6       ;
;      - key_high_d[24]~48 ; 0                 ; 6       ;
;      - key_low_d[24]~48  ; 0                 ; 6       ;
; key[24]                  ;                   ;         ;
;      - key_low[24]~49    ; 0                 ; 6       ;
;      - key_high[24]~49   ; 0                 ; 6       ;
;      - key_high_d[24]~49 ; 0                 ; 6       ;
;      - key_low_d[24]~49  ; 0                 ; 6       ;
; key[57]                  ;                   ;         ;
;      - key_low[25]~51    ; 0                 ; 6       ;
;      - key_high[25]~51   ; 0                 ; 6       ;
;      - key_high_d[25]~51 ; 0                 ; 6       ;
;      - key_low_d[25]~51  ; 0                 ; 6       ;
; key[89]                  ;                   ;         ;
;      - key_low[25]~50    ; 0                 ; 6       ;
;      - key_high[25]~50   ; 0                 ; 6       ;
;      - key_high_d[25]~50 ; 0                 ; 6       ;
;      - key_low_d[25]~50  ; 0                 ; 6       ;
; key[121]                 ;                   ;         ;
;      - key_low[25]~50    ; 0                 ; 6       ;
;      - key_high[25]~50   ; 0                 ; 6       ;
;      - key_high_d[25]~50 ; 0                 ; 6       ;
;      - key_low_d[25]~50  ; 0                 ; 6       ;
; key[25]                  ;                   ;         ;
;      - key_low[25]~51    ; 1                 ; 6       ;
;      - key_high[25]~51   ; 1                 ; 6       ;
;      - key_high_d[25]~51 ; 1                 ; 6       ;
;      - key_low_d[25]~51  ; 1                 ; 6       ;
; key[90]                  ;                   ;         ;
;      - key_low[26]~53    ; 0                 ; 6       ;
;      - key_high[26]~53   ; 0                 ; 6       ;
;      - key_high_d[26]~53 ; 0                 ; 6       ;
;      - key_low_d[26]~53  ; 0                 ; 6       ;
; key[58]                  ;                   ;         ;
;      - key_low[26]~52    ; 0                 ; 6       ;
;      - key_high[26]~52   ; 0                 ; 6       ;
;      - key_high_d[26]~52 ; 0                 ; 6       ;
;      - key_low_d[26]~52  ; 0                 ; 6       ;
; key[122]                 ;                   ;         ;
;      - key_low[26]~52    ; 0                 ; 6       ;
;      - key_high[26]~52   ; 0                 ; 6       ;
;      - key_high_d[26]~52 ; 0                 ; 6       ;
;      - key_low_d[26]~52  ; 0                 ; 6       ;
; key[26]                  ;                   ;         ;
;      - key_low[26]~53    ; 0                 ; 6       ;
;      - key_high[26]~53   ; 0                 ; 6       ;
;      - key_high_d[26]~53 ; 0                 ; 6       ;
;      - key_low_d[26]~53  ; 0                 ; 6       ;
; key[59]                  ;                   ;         ;
;      - key_low[27]~55    ; 0                 ; 6       ;
;      - key_high[27]~55   ; 0                 ; 6       ;
;      - key_high_d[27]~55 ; 0                 ; 6       ;
;      - key_low_d[27]~55  ; 0                 ; 6       ;
; key[91]                  ;                   ;         ;
;      - key_low[27]~54    ; 0                 ; 6       ;
;      - key_high[27]~54   ; 0                 ; 6       ;
;      - key_high_d[27]~54 ; 0                 ; 6       ;
;      - key_low_d[27]~54  ; 0                 ; 6       ;
; key[123]                 ;                   ;         ;
;      - key_low[27]~54    ; 0                 ; 6       ;
;      - key_high[27]~54   ; 0                 ; 6       ;
;      - key_high_d[27]~54 ; 0                 ; 6       ;
;      - key_low_d[27]~54  ; 0                 ; 6       ;
; key[27]                  ;                   ;         ;
;      - key_low[27]~55    ; 0                 ; 6       ;
;      - key_high[27]~55   ; 0                 ; 6       ;
;      - key_high_d[27]~55 ; 0                 ; 6       ;
;      - key_low_d[27]~55  ; 0                 ; 6       ;
; key[92]                  ;                   ;         ;
;      - key_low[28]~57    ; 0                 ; 6       ;
;      - key_high[28]~57   ; 0                 ; 6       ;
;      - key_high_d[28]~57 ; 0                 ; 6       ;
;      - key_low_d[28]~57  ; 0                 ; 6       ;
; key[60]                  ;                   ;         ;
;      - key_low[28]~56    ; 0                 ; 6       ;
;      - key_high[28]~56   ; 0                 ; 6       ;
;      - key_high_d[28]~56 ; 0                 ; 6       ;
;      - key_low_d[28]~56  ; 0                 ; 6       ;
; key[124]                 ;                   ;         ;
;      - key_low[28]~56    ; 0                 ; 6       ;
;      - key_high[28]~56   ; 0                 ; 6       ;
;      - key_high_d[28]~56 ; 0                 ; 6       ;
;      - key_low_d[28]~56  ; 0                 ; 6       ;
; key[28]                  ;                   ;         ;
;      - key_low[28]~57    ; 0                 ; 6       ;
;      - key_high[28]~57   ; 0                 ; 6       ;
;      - key_high_d[28]~57 ; 0                 ; 6       ;
;      - key_low_d[28]~57  ; 0                 ; 6       ;
; key[61]                  ;                   ;         ;
;      - key_low[29]~59    ; 0                 ; 6       ;
;      - key_high[29]~59   ; 0                 ; 6       ;
;      - key_high_d[29]~59 ; 0                 ; 6       ;
;      - key_low_d[29]~59  ; 0                 ; 6       ;
; key[93]                  ;                   ;         ;
;      - key_low[29]~58    ; 0                 ; 6       ;
;      - key_high[29]~58   ; 0                 ; 6       ;
;      - key_high_d[29]~58 ; 0                 ; 6       ;
;      - key_low_d[29]~58  ; 0                 ; 6       ;
; key[125]                 ;                   ;         ;
;      - key_low[29]~58    ; 1                 ; 6       ;
;      - key_high[29]~58   ; 1                 ; 6       ;
;      - key_high_d[29]~58 ; 1                 ; 6       ;
;      - key_low_d[29]~58  ; 1                 ; 6       ;
; key[29]                  ;                   ;         ;
;      - key_low[29]~59    ; 1                 ; 6       ;
;      - key_high[29]~59   ; 1                 ; 6       ;
;      - key_high_d[29]~59 ; 1                 ; 6       ;
;      - key_low_d[29]~59  ; 1                 ; 6       ;
; key[62]                  ;                   ;         ;
;      - key_low[30]~61    ; 0                 ; 6       ;
;      - key_high[30]~60   ; 0                 ; 6       ;
;      - key_high_d[30]~61 ; 0                 ; 6       ;
;      - key_low_d[30]~60  ; 0                 ; 6       ;
; key[94]                  ;                   ;         ;
;      - key_low[30]~60    ; 1                 ; 6       ;
;      - key_high[30]~61   ; 1                 ; 6       ;
;      - key_high_d[30]~60 ; 1                 ; 6       ;
;      - key_low_d[30]~61  ; 1                 ; 6       ;
; key[126]                 ;                   ;         ;
;      - key_low[30]~60    ; 0                 ; 6       ;
;      - key_high[30]~60   ; 0                 ; 6       ;
;      - key_high_d[30]~60 ; 0                 ; 6       ;
;      - key_low_d[30]~60  ; 0                 ; 6       ;
; key[30]                  ;                   ;         ;
;      - key_low[30]~61    ; 1                 ; 6       ;
;      - key_high[30]~61   ; 1                 ; 6       ;
;      - key_high_d[30]~61 ; 1                 ; 6       ;
;      - key_low_d[30]~61  ; 1                 ; 6       ;
; key[95]                  ;                   ;         ;
;      - key_low[31]~63    ; 1                 ; 6       ;
;      - key_high[31]~62   ; 1                 ; 6       ;
;      - key_high_d[31]~63 ; 1                 ; 6       ;
;      - key_low_d[31]~62  ; 1                 ; 6       ;
; key[63]                  ;                   ;         ;
;      - key_low[31]~62    ; 0                 ; 6       ;
;      - key_high[31]~63   ; 0                 ; 6       ;
;      - key_high_d[31]~62 ; 0                 ; 6       ;
;      - key_low_d[31]~63  ; 0                 ; 6       ;
; key[127]                 ;                   ;         ;
;      - key_low[31]~62    ; 0                 ; 6       ;
;      - key_high[31]~62   ; 0                 ; 6       ;
;      - key_high_d[31]~62 ; 0                 ; 6       ;
;      - key_low_d[31]~62  ; 0                 ; 6       ;
; key[31]                  ;                   ;         ;
;      - key_low[31]~63    ; 0                 ; 6       ;
;      - key_high[31]~63   ; 0                 ; 6       ;
;      - key_high_d[31]~63 ; 0                 ; 6       ;
;      - key_low_d[31]~63  ; 0                 ; 6       ;
; block_in[0]              ;                   ;         ;
;      - v1~132            ; 0                 ; 6       ;
; start                    ;                   ;         ;
;      - round[1]~6        ; 0                 ; 6       ;
;      - Selector103~0     ; 0                 ; 6       ;
;      - state~9           ; 0                 ; 6       ;
; block_in[37]             ;                   ;         ;
;      - v0~131            ; 1                 ; 6       ;
; block_in[5]              ;                   ;         ;
;      - v1~133            ; 0                 ; 6       ;
; block_in[10]             ;                   ;         ;
;      - v1~134            ; 1                 ; 6       ;
; block_in[1]              ;                   ;         ;
;      - v1~136            ; 0                 ; 6       ;
; block_in[4]              ;                   ;         ;
;      - v1~138            ; 0                 ; 6       ;
; block_in[9]              ;                   ;         ;
;      - v1~139            ; 0                 ; 6       ;
; block_in[3]              ;                   ;         ;
;      - v1~141            ; 1                 ; 6       ;
; block_in[8]              ;                   ;         ;
;      - v1~142            ; 0                 ; 6       ;
; block_in[2]              ;                   ;         ;
;      - v1~144            ; 1                 ; 6       ;
; block_in[7]              ;                   ;         ;
;      - v1~145            ; 0                 ; 6       ;
; block_in[6]              ;                   ;         ;
;      - v1~146            ; 0                 ; 6       ;
; block_in[36]             ;                   ;         ;
;      - v0~133            ; 0                 ; 6       ;
; block_in[35]             ;                   ;         ;
; block_in[34]             ;                   ;         ;
; block_in[33]             ;                   ;         ;
;      - v0~139            ; 0                 ; 6       ;
; block_in[32]             ;                   ;         ;
;      - v0~141            ; 0                 ; 6       ;
; block_in[38]             ;                   ;         ;
;      - v0~142            ; 0                 ; 6       ;
; block_in[11]             ;                   ;         ;
;      - v1~147            ; 0                 ; 6       ;
; block_in[39]             ;                   ;         ;
;      - v0~143            ; 1                 ; 6       ;
; block_in[12]             ;                   ;         ;
;      - v1~148            ; 0                 ; 6       ;
; block_in[40]             ;                   ;         ;
;      - v0~144            ; 1                 ; 6       ;
; block_in[13]             ;                   ;         ;
;      - v1~149            ; 0                 ; 6       ;
; block_in[41]             ;                   ;         ;
;      - v0~145            ; 1                 ; 6       ;
; block_in[14]             ;                   ;         ;
;      - v1~150            ; 0                 ; 6       ;
; block_in[42]             ;                   ;         ;
;      - v0~146            ; 1                 ; 6       ;
; block_in[15]             ;                   ;         ;
;      - v1~151            ; 1                 ; 6       ;
; block_in[43]             ;                   ;         ;
;      - v0~147            ; 0                 ; 6       ;
; block_in[16]             ;                   ;         ;
;      - v1~152            ; 0                 ; 6       ;
; block_in[44]             ;                   ;         ;
;      - v0~148            ; 1                 ; 6       ;
; block_in[17]             ;                   ;         ;
;      - v1~153            ; 0                 ; 6       ;
; block_in[45]             ;                   ;         ;
;      - v0~149            ; 1                 ; 6       ;
; block_in[18]             ;                   ;         ;
;      - v1~154            ; 0                 ; 6       ;
; block_in[46]             ;                   ;         ;
;      - v0~150            ; 1                 ; 6       ;
; block_in[19]             ;                   ;         ;
;      - v1~155            ; 1                 ; 6       ;
; block_in[47]             ;                   ;         ;
;      - v0~151            ; 0                 ; 6       ;
; block_in[20]             ;                   ;         ;
;      - v1~156            ; 1                 ; 6       ;
; block_in[48]             ;                   ;         ;
;      - v0~152            ; 0                 ; 6       ;
; block_in[21]             ;                   ;         ;
;      - v1~157            ; 1                 ; 6       ;
; block_in[49]             ;                   ;         ;
;      - v0~153            ; 0                 ; 6       ;
; block_in[22]             ;                   ;         ;
;      - v1~158            ; 1                 ; 6       ;
; block_in[50]             ;                   ;         ;
;      - v0~154            ; 1                 ; 6       ;
; block_in[23]             ;                   ;         ;
;      - v1~159            ; 0                 ; 6       ;
; block_in[51]             ;                   ;         ;
;      - v0~155            ; 1                 ; 6       ;
; block_in[24]             ;                   ;         ;
;      - v1~160            ; 1                 ; 6       ;
; block_in[52]             ;                   ;         ;
;      - v0~156            ; 1                 ; 6       ;
; block_in[25]             ;                   ;         ;
;      - v1~161            ; 0                 ; 6       ;
; block_in[53]             ;                   ;         ;
;      - v0~157            ; 0                 ; 6       ;
; block_in[26]             ;                   ;         ;
;      - v1~162            ; 1                 ; 6       ;
; block_in[54]             ;                   ;         ;
;      - v0~158            ; 0                 ; 6       ;
; block_in[27]             ;                   ;         ;
;      - v1~163            ; 0                 ; 6       ;
; block_in[55]             ;                   ;         ;
;      - v0~159            ; 0                 ; 6       ;
; block_in[28]             ;                   ;         ;
;      - v1~164            ; 0                 ; 6       ;
; block_in[56]             ;                   ;         ;
;      - v0~160            ; 0                 ; 6       ;
; block_in[29]             ;                   ;         ;
;      - v1~166            ; 1                 ; 6       ;
; block_in[57]             ;                   ;         ;
;      - v0~161            ; 0                 ; 6       ;
; block_in[30]             ;                   ;         ;
;      - v1~168            ; 0                 ; 6       ;
; block_in[58]             ;                   ;         ;
;      - v0~162            ; 0                 ; 6       ;
; block_in[31]             ;                   ;         ;
;      - v1~170            ; 1                 ; 6       ;
; block_in[59]             ;                   ;         ;
;      - v0~163            ; 1                 ; 6       ;
; block_in[60]             ;                   ;         ;
;      - v0~164            ; 1                 ; 6       ;
; block_in[61]             ;                   ;         ;
;      - v0~166            ; 1                 ; 6       ;
; block_in[62]             ;                   ;         ;
;      - v0~168            ; 0                 ; 6       ;
; block_in[63]             ;                   ;         ;
;      - v0~170            ; 1                 ; 6       ;
+--------------------------+-------------------+---------+


+----------------------------------------------------------------------------------------------------------------------------------------------+
; Control Signals                                                                                                                              ;
+-----------------+--------------------+---------+--------------+--------+----------------------+------------------+---------------------------+
; Name            ; Location           ; Fan-Out ; Usage        ; Global ; Global Resource Used ; Global Line Name ; Enable Signal Source Name ;
+-----------------+--------------------+---------+--------------+--------+----------------------+------------------+---------------------------+
; block_out[38]~1 ; LCCOMB_X50_Y33_N10 ; 64      ; Clock enable ; no     ; --                   ; --               ; --                        ;
; clk             ; PIN_J1             ; 170     ; Clock        ; yes    ; Global Clock         ; GCLK2            ; --                        ;
; round[1]~6      ; LCCOMB_X45_Y33_N4  ; 102     ; Clock enable ; no     ; --                   ; --               ; --                        ;
; round[1]~7      ; LCCOMB_X45_Y33_N26 ; 7       ; Sync. clear  ; no     ; --                   ; --               ; --                        ;
; rst             ; PIN_Y15            ; 166     ; Sync. clear  ; no     ; --                   ; --               ; --                        ;
; state.S_RUN     ; FF_X50_Y33_N5      ; 163     ; Sync. load   ; no     ; --                   ; --               ; --                        ;
+-----------------+--------------------+---------+--------------+--------+----------------------+------------------+---------------------------+


+----------------------------------------------------------------------------------------------------------------------------------------+
; Global & Other Fast Signals                                                                                                            ;
+------+----------+---------+--------------------------------------+----------------------+------------------+---------------------------+
; Name ; Location ; Fan-Out ; Fan-Out Using Intentional Clock Skew ; Global Resource Used ; Global Line Name ; Enable Signal Source Name ;
+------+----------+---------+--------------------------------------+----------------------+------------------+---------------------------+
; clk  ; PIN_J1   ; 170     ; 16                                   ; Global Clock         ; GCLK2            ; --                        ;
+------+----------+---------+--------------------------------------+----------------------+------------------+---------------------------+


+---------------------------------------------------+
; Routing Usage Summary                             ;
+-----------------------+---------------------------+
; Routing Resource Type ; Usage                     ;
+-----------------------+---------------------------+
; Block interconnects   ; 2,143 / 342,891 ( < 1 % ) ;
; C16 interconnects     ; 486 / 10,120 ( 5 % )      ;
; C4 interconnects      ; 1,306 / 209,544 ( < 1 % ) ;
; Direct links          ; 239 / 342,891 ( < 1 % )   ;
; Global clocks         ; 1 / 20 ( 5 % )            ;
; Local interconnects   ; 266 / 119,088 ( < 1 % )   ;
; R24 interconnects     ; 357 / 9,963 ( 4 % )       ;
; R4 interconnects      ; 1,601 / 289,782 ( < 1 % ) ;
+-----------------------+---------------------------+


+----------------------------------------------------------------------------+
; LAB Logic Elements                                                         ;
+---------------------------------------------+------------------------------+
; Number of Logic Elements  (Average = 12.68) ; Number of LABs  (Total = 93) ;
+---------------------------------------------+------------------------------+
; 1                                           ; 7                            ;
; 2                                           ; 2                            ;
; 3                                           ; 1                            ;
; 4                                           ; 3                            ;
; 5                                           ; 1                            ;
; 6                                           ; 1                            ;
; 7                                           ; 2                            ;
; 8                                           ; 2                            ;
; 9                                           ; 0                            ;
; 10                                          ; 3                            ;
; 11                                          ; 3                            ;
; 12                                          ; 5                            ;
; 13                                          ; 3                            ;
; 14                                          ; 5                            ;
; 15                                          ; 0                            ;
; 16                                          ; 55                           ;
+---------------------------------------------+------------------------------+


+-------------------------------------------------------------------+
; LAB-wide Signals                                                  ;
+------------------------------------+------------------------------+
; LAB-wide Signals  (Average = 0.80) ; Number of LABs  (Total = 93) ;
+------------------------------------+------------------------------+
; 1 Clock                            ; 31                           ;
; 1 Clock enable                     ; 14                           ;
; 1 Sync. clear                      ; 12                           ;
; 1 Sync. load                       ; 2                            ;
; 2 Clock enables                    ; 15                           ;
+------------------------------------+------------------------------+


+-----------------------------------------------------------------------------+
; LAB Signals Sourced                                                         ;
+----------------------------------------------+------------------------------+
; Number of Signals Sourced  (Average = 14.51) ; Number of LABs  (Total = 93) ;
+----------------------------------------------+------------------------------+
; 0                                            ; 0                            ;
; 1                                            ; 6                            ;
; 2                                            ; 3                            ;
; 3                                            ; 1                            ;
; 4                                            ; 2                            ;
; 5                                            ; 2                            ;
; 6                                            ; 1                            ;
; 7                                            ; 2                            ;
; 8                                            ; 2                            ;
; 9                                            ; 0                            ;
; 10                                           ; 3                            ;
; 11                                           ; 1                            ;
; 12                                           ; 6                            ;
; 13                                           ; 0                            ;
; 14                                           ; 4                            ;
; 15                                           ; 0                            ;
; 16                                           ; 32                           ;
; 17                                           ; 4                            ;
; 18                                           ; 2                            ;
; 19                                           ; 4                            ;
; 20                                           ; 4                            ;
; 21                                           ; 3                            ;
; 22                                           ; 2                            ;
; 23                                           ; 1                            ;
; 24                                           ; 1                            ;
; 25                                           ; 1                            ;
; 26                                           ; 3                            ;
; 27                                           ; 2                            ;
; 28                                           ; 1                            ;
+----------------------------------------------+------------------------------+


+---------------------------------------------------------------------------------+
; LAB Signals Sourced Out                                                         ;
+--------------------------------------------------+------------------------------+
; Number of Signals Sourced Out  (Average = 10.71) ; Number of LABs  (Total = 93) ;
+--------------------------------------------------+------------------------------+
; 0                                                ; 0                            ;
; 1                                                ; 9                            ;
; 2                                                ; 0                            ;
; 3                                                ; 1                            ;
; 4                                                ; 5                            ;
; 5                                                ; 3                            ;
; 6                                                ; 6                            ;
; 7                                                ; 5                            ;
; 8                                                ; 7                            ;
; 9                                                ; 3                            ;
; 10                                               ; 4                            ;
; 11                                               ; 2                            ;
; 12                                               ; 6                            ;
; 13                                               ; 4                            ;
; 14                                               ; 3                            ;
; 15                                               ; 0                            ;
; 16                                               ; 31                           ;
; 17                                               ; 2                            ;
; 18                                               ; 1                            ;
; 19                                               ; 1                            ;
+--------------------------------------------------+------------------------------+


+-----------------------------------------------------------------------------+
; LAB Distinct Inputs                                                         ;
+----------------------------------------------+------------------------------+
; Number of Distinct Inputs  (Average = 21.95) ; Number of LABs  (Total = 93) ;
+----------------------------------------------+------------------------------+
; 0                                            ; 0                            ;
; 1                                            ; 1                            ;
; 2                                            ; 5                            ;
; 3                                            ; 0                            ;
; 4                                            ; 0                            ;
; 5                                            ; 2                            ;
; 6                                            ; 2                            ;
; 7                                            ; 0                            ;
; 8                                            ; 1                            ;
; 9                                            ; 0                            ;
; 10                                           ; 3                            ;
; 11                                           ; 0                            ;
; 12                                           ; 3                            ;
; 13                                           ; 0                            ;
; 14                                           ; 4                            ;
; 15                                           ; 0                            ;
; 16                                           ; 8                            ;
; 17                                           ; 4                            ;
; 18                                           ; 5                            ;
; 19                                           ; 0                            ;
; 20                                           ; 2                            ;
; 21                                           ; 1                            ;
; 22                                           ; 4                            ;
; 23                                           ; 2                            ;
; 24                                           ; 2                            ;
; 25                                           ; 0                            ;
; 26                                           ; 3                            ;
; 27                                           ; 3                            ;
; 28                                           ; 12                           ;
; 29                                           ; 1                            ;
; 30                                           ; 2                            ;
; 31                                           ; 1                            ;
; 32                                           ; 8                            ;
; 33                                           ; 7                            ;
; 34                                           ; 2                            ;
; 35                                           ; 2                            ;
; 36                                           ; 2                            ;
; 37                                           ; 1                            ;
+----------------------------------------------+------------------------------+


+------------------------------------------+
; I/O Rules Summary                        ;
+----------------------------------+-------+
; I/O Rules Statistic              ; Total ;
+----------------------------------+-------+
; Total I/O Rules                  ; 30    ;
; Number of I/O Rules Passed       ; 9     ;
; Number of I/O Rules Failed       ; 0     ;
; Number of I/O Rules Unchecked    ; 0     ;
; Number of I/O Rules Inapplicable ; 21    ;
+----------------------------------+-------+


+-----------------------------------------------------------------------------------------------------------------------------------------------------------------------------------------------------------------------------------------------------------------------------------------------------+
; I/O Rules Details                                                                                                                                                                                                                                                                                   ;
+--------------+-----------+-----------------------------------+------------------------------------------------------------------------------------------------------+----------+--------------------------------------------------------------------------+---------------------+-------------------+
; Status       ; ID        ; Category                          ; Rule Description                                                                                     ; Severity ; Information                                                              ; Area                ; Extra Information ;
+--------------+-----------+-----------------------------------+------------------------------------------------------------------------------------------------------+----------+--------------------------------------------------------------------------+---------------------+-------------------+
; Inapplicable ; IO_000001 ; Capacity Checks                   ; Number of pins in an I/O bank should not exceed the number of locations available.                   ; Critical ; No Location assignments found.                                           ; I/O                 ;                   ;
; Inapplicable ; IO_000002 ; Capacity Checks                   ; Number of clocks in an I/O bank should not exceed the number of clocks available.                    ; Critical ; No Global Signal assignments found.                                      ; I/O                 ;                   ;
; Inapplicable ; IO_000003 ; Capacity Checks                   ; Number of pins in a Vrefgroup should not exceed the number of locations available.                   ; Critical ; No Location assignments found.                                           ; I/O                 ;                   ;
; Inapplicable ; IO_000004 ; Voltage Compatibility Checks      ; The I/O bank should support the requested VCCIO.                                                     ; Critical ; No IOBANK_VCCIO assignments found.                                       ; I/O                 ;                   ;
; Inapplicable ; IO_000005 ; Voltage Compatibility Checks      ; The I/O bank should not have competing VREF values.                                                  ; Critical ; No VREF I/O Standard assignments found.                                  ; I/O                 ;                   ;
; Pass         ; IO_000006 ; Voltage Compatibility Checks      ; The I/O bank should not have competing VCCIO values.                                                 ; Critical ; 0 such failures found.                                                   ; I/O                 ;                   ;
; Inapplicable ; IO_000007 ; Valid Location Checks             ; Checks for unavailable locations.                                                                    ; Critical ; No Location assignments found.                                           ; I/O                 ;                   ;
; Inapplicable ; IO_000008 ; Valid Location Checks             ; Checks for reserved locations.                                                                       ; Critical ; No reserved LogicLock region found.                                      ; I/O                 ;                   ;
; Pass         ; IO_000009 ; I/O Properties Checks for One I/O ; The location should support the requested I/O standard.                                              ; Critical ; 0 such failures found.                                                   ; I/O                 ;                   ;
; Pass         ; IO_000010 ; I/O Properties Checks for One I/O ; The location should support the requested I/O direction.                                             ; Critical ; 0 such failures found.                                                   ; I/O                 ;                   ;
; Inapplicable ; IO_000011 ; I/O Properties Checks for One I/O ; The location should support the requested Current Strength.                                          ; Critical ; No Current Strength assignments found.                                   ; I/O                 ;                   ;
; Pass         ; IO_000012 ; I/O Properties Checks for One I/O ; The location should support the requested On Chip Termination value.                                 ; Critical ; 0 such failures found.                                                   ; I/O                 ;                   ;
; Inapplicable ; IO_000013 ; I/O Properties Checks for One I/O ; The location should support the requested Bus Hold value.                                            ; Critical ; No Enable Bus-Hold Circuitry assignments found.                          ; I/O                 ;                   ;
; Inapplicable ; IO_000014 ; I/O Properties Checks for One I/O ; The location should support the requested Weak Pull Up value.                                        ; Critical ; No Weak Pull-Up Resistor assignments found.                              ; I/O                 ;                   ;
; Pass         ; IO_000015 ; I/O Properties Checks for One I/O ; The location should support the requested PCI Clamp Diode.                                           ; Critical ; 0 such failures found.                                                   ; I/O                 ;                   ;
; Inapplicable ; IO_000018 ; I/O Properties Checks for One I/O ; The I/O standard should support the requested Current Strength.                                      ; Critical ; No Current Strength assignments found.                                   ; I/O                 ;                   ;
; Pass         ; IO_000019 ; I/O Properties Checks for One I/O ; The I/O standard should support the requested On Chip Termination value.                             ; Critical ; 0 such failures found.                                                   ; I/O                 ;                   ;
; Pass         ; IO_000020 ; I/O Properties Checks for One I/O ; The I/O standard should support the requested PCI Clamp Diode.                                       ; Critical ; 0 such failures found.                                                   ; I/O                 ;                   ;
; Inapplicable ; IO_000021 ; I/O Properties Checks for One I/O ; The I/O standard should support the requested Weak Pull Up value.                                    ; Critical ; No Weak Pull-Up Resistor assignments found.                              ; I/O                 ;                   ;
; Inapplicable ; IO_000022 ; I/O Properties Checks for One I/O ; The I/O standard should support the requested Bus Hold value.                                        ; Critical ; No Enable Bus-Hold Circuitry assignments found.                          ; I/O                 ;                   ;
; Inapplicable ; IO_000023 ; I/O Properties Checks for One I/O ; The I/O standard should support the Open Drain value.                                                ; Critical ; No open drain assignments found.                                         ; I/O                 ;                   ;
; Pass         ; IO_000024 ; I/O Properties Checks for One I/O ; The I/O direction should support the On Chip Termination value.                                      ; Critical ; 0 such failures found.                                                   ; I/O                 ;                   ;
; Inapplicable ; IO_000026 ; I/O Properties Checks for One I/O ; On Chip Termination and Current Strength should not be used at the same time.                        ; Critical ; No Current Strength assignments found.                                   ; I/O                 ;                   ;
; Inapplicable ; IO_000027 ; I/O Properties Checks for One I/O ; Weak Pull Up and Bus Hold should not be used at the same time.                                       ; Critical ; No Enable Bus-Hold Circuitry or Weak Pull-Up Resistor assignments found. ; I/O                 ;                   ;
; Inapplicable ; IO_000045 ; I/O Properties Checks for One I/O ; The I/O standard should support the requested Slew Rate value.                                       ; Critical ; No Slew Rate assignments found.                                          ; I/O                 ;                   ;
; Inapplicable ; IO_000046 ; I/O Properties Checks for One I/O ; The location should support the requested Slew Rate value.                                           ; Critical ; No Slew Rate assignments found.                                          ; I/O                 ;                   ;
; Inapplicable ; IO_000047 ; I/O Properties Checks for One I/O ; On Chip Termination and Slew Rate should not be used at the same time.                               ; Critical ; No Slew Rate assignments found.                                          ; I/O                 ;                   ;
; Pass         ; IO_000033 ; Electromigration Checks           ; Current density for consecutive I/Os should not exceed 240mA for row I/Os and 240mA for column I/Os. ; Critical ; 0 such failures found.                                                   ; I/O                 ;                   ;
; Inapplicable ; IO_000034 ; SI Related Distance Checks        ; Single-ended outputs should be 5 LAB row(s) away from a differential I/O.                            ; High     ; No Differential I/O Standard assignments found.                          ; I/O                 ;                   ;
; Inapplicable ; IO_000042 ; SI Related SSO Limit Checks       ; No more than 20 outputs are allowed in a VREF group when VREF is being read from.                    ; High     ; No VREF I/O Standard assignments found.                                  ; I/O                 ;                   ;
; ----         ; ----      ; Disclaimer                        ; OCT rules are checked but not reported.                                                              ; None     ; ----                                                                     ; On Chip Termination ;                   ;
+--------------+-----------+-----------------------------------+------------------------------------------------------------------------------------------------------+----------+--------------------------------------------------------------------------+---------------------+-------------------+


+--------------------------------------------------------------------------------------------------------------------------------------------------------------------------------------------------------------------------------------------------------------------------------------------------------------------------------------------------------------------------------------------------------------------------------------------------------------------------+
; I/O Rules Matrix                                                                                                                                                                                                                                                                                                                                                                                                                                                         ;
+--------------------+--------------+--------------+--------------+--------------+--------------+-----------+--------------+--------------+-----------+-----------+--------------+--------------+--------------+--------------+--------------+--------------+--------------+--------------+--------------+--------------+--------------+--------------+--------------+--------------+--------------+--------------+--------------+-----------+--------------+--------------+
; Pin/Rules          ; IO_000001    ; IO_000002    ; IO_000003    ; IO_000004    ; IO_000005    ; IO_000006 ; IO_000007    ; IO_000008    ; IO_000009 ; IO_000010 ; IO_000011    ; IO_000012    ; IO_000013    ; IO_000014    ; IO_000015    ; IO_000018    ; IO_000019    ; IO_000020    ; IO_000021    ; IO_000022    ; IO_000023    ; IO_000024    ; IO_000026    ; IO_000027    ; IO_000045    ; IO_000046    ; IO_000047    ; IO_000033 ; IO_000034    ; IO_000042    ;
+--------------------+--------------+--------------+--------------+--------------+--------------+-----------+--------------+--------------+-----------+-----------+--------------+--------------+--------------+--------------+--------------+--------------+--------------+--------------+--------------+--------------+--------------+--------------+--------------+--------------+--------------+--------------+--------------+-----------+--------------+--------------+
; Total Pass         ; 0            ; 0            ; 0            ; 0            ; 0            ; 261       ; 0            ; 0            ; 261       ; 261       ; 0            ; 65           ; 0            ; 0            ; 196          ; 0            ; 65           ; 196          ; 0            ; 0            ; 0            ; 65           ; 0            ; 0            ; 0            ; 0            ; 0            ; 261       ; 0            ; 0            ;
; Total Unchecked    ; 0            ; 0            ; 0            ; 0            ; 0            ; 0         ; 0            ; 0            ; 0         ; 0         ; 0            ; 0            ; 0            ; 0            ; 0            ; 0            ; 0            ; 0            ; 0            ; 0            ; 0            ; 0            ; 0            ; 0            ; 0            ; 0            ; 0            ; 0         ; 0            ; 0            ;
; Total Inapplicable ; 261          ; 261          ; 261          ; 261          ; 261          ; 0         ; 261          ; 261          ; 0         ; 0         ; 261          ; 196          ; 261          ; 261          ; 65           ; 261          ; 196          ; 65           ; 261          ; 261          ; 261          ; 196          ; 261          ; 261          ; 261          ; 261          ; 261          ; 0         ; 261          ; 261          ;
; Total Fail         ; 0            ; 0            ; 0            ; 0            ; 0            ; 0         ; 0            ; 0            ; 0         ; 0         ; 0            ; 0            ; 0            ; 0            ; 0            ; 0            ; 0            ; 0            ; 0            ; 0            ; 0            ; 0            ; 0            ; 0            ; 0            ; 0            ; 0            ; 0         ; 0            ; 0            ;
; block_out[0]       ; Inapplicable ; Inapplicable ; Inapplicable ; Inapplicable ; Inapplicable ; Pass      ; Inapplicable ; Inapplicable ; Pass      ; Pass      ; Inapplicable ; Pass         ; Inapplicable ; Inapplicable ; Inapplicable ; Inapplicable ; Pass         ; Inapplicable ; Inapplicable ; Inapplicable ; Inapplicable ; Pass         ; Inapplicable ; Inapplicable ; Inapplicable ; Inapplicable ; Inapplicable ; Pass      ; Inapplicable ; Inapplicable ;
; block_out[1]       ; Inapplicable ; Inapplicable ; Inapplicable ; Inapplicable ; Inapplicable ; Pass      ; Inapplicable ; Inapplicable ; Pass      ; Pass      ; Inapplicable ; Pass         ; Inapplicable ; Inapplicable ; Inapplicable ; Inapplicable ; Pass         ; Inapplicable ; Inapplicable ; Inapplicable ; Inapplicable ; Pass         ; Inapplicable ; Inapplicable ; Inapplicable ; Inapplicable ; Inapplicable ; Pass      ; Inapplicable ; Inapplicable ;
; block_out[2]       ; Inapplicable ; Inapplicable ; Inapplicable ; Inapplicable ; Inapplicable ; Pass      ; Inapplicable ; Inapplicable ; Pass      ; Pass      ; Inapplicable ; Pass         ; Inapplicable ; Inapplicable ; Inapplicable ; Inapplicable ; Pass         ; Inapplicable ; Inapplicable ; Inapplicable ; Inapplicable ; Pass         ; Inapplicable ; Inapplicable ; Inapplicable ; Inapplicable ; Inapplicable ; Pass      ; Inapplicable ; Inapplicable ;
; block_out[3]       ; Inapplicable ; Inapplicable ; Inapplicable ; Inapplicable ; Inapplicable ; Pass      ; Inapplicable ; Inapplicable ; Pass      ; Pass      ; Inapplicable ; Pass         ; Inapplicable ; Inapplicable ; Inapplicable ; Inapplicable ; Pass         ; Inapplicable ; Inapplicable ; Inapplicable ; Inapplicable ; Pass         ; Inapplicable ; Inapplicable ; Inapplicable ; Inapplicable ; Inapplicable ; Pass      ; Inapplicable ; Inapplicable ;
; block_out[4]       ; Inapplicable ; Inapplicable ; Inapplicable ; Inapplicable ; Inapplicable ; Pass      ; Inapplicable ; Inapplicable ; Pass      ; Pass      ; Inapplicable ; Pass         ; Inapplicable ; Inapplicable ; Inapplicable ; Inapplicable ; Pass         ; Inapplicable ; Inapplicable ; Inapplicable ; Inapplicable ; Pass         ; Inapplicable ; Inapplicable ; Inapplicable ; Inapplicable ; Inapplicable ; Pass      ; Inapplicable ; Inapplicable ;
; block_out[5]       ; Inapplicable ; Inapplicable ; Inapplicable ; Inapplicable ; Inapplicable ; Pass      ; Inapplicable ; Inapplicable ; Pass      ; Pass      ; Inapplicable ; Pass         ; Inapplicable ; Inapplicable ; Inapplicable ; Inapplicable ; Pass         ; Inapplicable ; Inapplicable ; Inapplicable ; Inapplicable ; Pass         ; Inapplicable ; Inapplicable ; Inapplicable ; Inapplicable ; Inapplicable ; Pass      ; Inapplicable ; Inapplicable ;
; block_out[6]       ; Inapplicable ; Inapplicable ; Inapplicable ; Inapplicable ; Inapplicable ; Pass      ; Inapplicable ; Inapplicable ; Pass      ; Pass      ; Inapplicable ; Pass         ; Inapplicable ; Inapplicable ; Inapplicable ; Inapplicable ; Pass         ; Inapplicable ; Inapplicable ; Inapplicable ; Inapplicable ; Pass         ; Inapplicable ; Inapplicable ; Inapplicable ; Inapplicable ; Inapplicable ; Pass      ; Inapplicable ; Inapplicable ;
; block_out[7]       ; Inapplicable ; Inapplicable ; Inapplicable ; Inapplicable ; Inapplicable ; Pass      ; Inapplicable ; Inapplicable ; Pass      ; Pass      ; Inapplicable ; Pass         ; Inapplicable ; Inapplicable ; Inapplicable ; Inapplicable ; Pass         ; Inapplicable ; Inapplicable ; Inapplicable ; Inapplicable ; Pass         ; Inapplicable ; Inapplicable ; Inapplicable ; Inapplicable ; Inapplicable ; Pass      ; Inapplicable ; Inapplicable ;
; block_out[8]       ; Inapplicable ; Inapplicable ; Inapplicable ; Inapplicable ; Inapplicable ; Pass      ; Inapplicable ; Inapplicable ; Pass      ; Pass      ; Inapplicable ; Pass         ; Inapplicable ; Inapplicable ; Inapplicable ; Inapplicable ; Pass         ; Inapplicable ; Inapplicable ; Inapplicable ; Inapplicable ; Pass         ; Inapplicable ; Inapplicable ; Inapplicable ; Inapplicable ; Inapplicable ; Pass      ; Inapplicable ; Inapplicable ;
; block_out[9]       ; Inapplicable ; Inapplicable ; Inapplicable ; Inapplicable ; Inapplicable ; Pass      ; Inapplicable ; Inapplicable ; Pass      ; Pass      ; Inapplicable ; Pass         ; Inapplicable ; Inapplicable ; Inapplicable ; Inapplicable ; Pass         ; Inapplicable ; Inapplicable ; Inapplicable ; Inapplicable ; Pass         ; Inapplicable ; Inapplicable ; Inapplicable ; Inapplicable ; Inapplicable ; Pass      ; Inapplicable ; Inapplicable ;
; block_out[10]      ; Inapplicable ; Inapplicable ; Inapplicable ; Inapplicable ; Inapplicable ; Pass      ; Inapplicable ; Inapplicable ; Pass      ; Pass      ; Inapplicable ; Pass         ; Inapplicable ; Inapplicable ; Inapplicable ; Inapplicable ; Pass         ; Inapplicable ; Inapplicable ; Inapplicable ; Inapplicable ; Pass         ; Inapplicable ; Inapplicable ; Inapplicable ; Inapplicable ; Inapplicable ; Pass      ; Inapplicable ; Inapplicable ;
; block_out[11]      ; Inapplicable ; Inapplicable ; Inapplicable ; Inapplicable ; Inapplicable ; Pass      ; Inapplicable ; Inapplicable ; Pass      ; Pass      ; Inapplicable ; Pass         ; Inapplicable ; Inapplicable ; Inapplicable ; Inapplicable ; Pass         ; Inapplicable ; Inapplicable ; Inapplicable ; Inapplicable ; Pass         ; Inapplicable ; Inapplicable ; Inapplicable ; Inapplicable ; Inapplicable ; Pass      ; Inapplicable ; Inapplicable ;
; block_out[12]      ; Inapplicable ; Inapplicable ; Inapplicable ; Inapplicable ; Inapplicable ; Pass      ; Inapplicable ; Inapplicable ; Pass      ; Pass      ; Inapplicable ; Pass         ; Inapplicable ; Inapplicable ; Inapplicable ; Inapplicable ; Pass         ; Inapplicable ; Inapplicable ; Inapplicable ; Inapplicable ; Pass         ; Inapplicable ; Inapplicable ; Inapplicable ; Inapplicable ; Inapplicable ; Pass      ; Inapplicable ; Inapplicable ;
; block_out[13]      ; Inapplicable ; Inapplicable ; Inapplicable ; Inapplicable ; Inapplicable ; Pass      ; Inapplicable ; Inapplicable ; Pass      ; Pass      ; Inapplicable ; Pass         ; Inapplicable ; Inapplicable ; Inapplicable ; Inapplicable ; Pass         ; Inapplicable ; Inapplicable ; Inapplicable ; Inapplicable ; Pass         ; Inapplicable ; Inapplicable ; Inapplicable ; Inapplicable ; Inapplicable ; Pass      ; Inapplicable ; Inapplicable ;
; block_out[14]      ; Inapplicable ; Inapplicable ; Inapplicable ; Inapplicable ; Inapplicable ; Pass      ; Inapplicable ; Inapplicable ; Pass      ; Pass      ; Inapplicable ; Pass         ; Inapplicable ; Inapplicable ; Inapplicable ; Inapplicable ; Pass         ; Inapplicable ; Inapplicable ; Inapplicable ; Inapplicable ; Pass         ; Inapplicable ; Inapplicable ; Inapplicable ; Inapplicable ; Inapplicable ; Pass      ; Inapplicable ; Inapplicable ;
; block_out[15]      ; Inapplicable ; Inapplicable ; Inapplicable ; Inapplicable ; Inapplicable ; Pass      ; Inapplicable ; Inapplicable ; Pass      ; Pass      ; Inapplicable ; Pass         ; Inapplicable ; Inapplicable ; Inapplicable ; Inapplicable ; Pass         ; Inapplicable ; Inapplicable ; Inapplicable ; Inapplicable ; Pass         ; Inapplicable ; Inapplicable ; Inapplicable ; Inapplicable ; Inapplicable ; Pass      ; Inapplicable ; Inapplicable ;
; block_out[16]      ; Inapplicable ; Inapplicable ; Inapplicable ; Inapplicable ; Inapplicable ; Pass      ; Inapplicable ; Inapplicable ; Pass      ; Pass      ; Inapplicable ; Pass         ; Inapplicable ; Inapplicable ; Inapplicable ; Inapplicable ; Pass         ; Inapplicable ; Inapplicable ; Inapplicable ; Inapplicable ; Pass         ; Inapplicable ; Inapplicable ; Inapplicable ; Inapplicable ; Inapplicable ; Pass      ; Inapplicable ; Inapplicable ;
; block_out[17]      ; Inapplicable ; Inapplicable ; Inapplicable ; Inapplicable ; Inapplicable ; Pass      ; Inapplicable ; Inapplicable ; Pass      ; Pass      ; Inapplicable ; Pass         ; Inapplicable ; Inapplicable ; Inapplicable ; Inapplicable ; Pass         ; Inapplicable ; Inapplicable ; Inapplicable ; Inapplicable ; Pass         ; Inapplicable ; Inapplicable ; Inapplicable ; Inapplicable ; Inapplicable ; Pass      ; Inapplicable ; Inapplicable ;
; block_out[18]      ; Inapplicable ; Inapplicable ; Inapplicable ; Inapplicable ; Inapplicable ; Pass      ; Inapplicable ; Inapplicable ; Pass      ; Pass      ; Inapplicable ; Pass         ; Inapplicable ; Inapplicable ; Inapplicable ; Inapplicable ; Pass         ; Inapplicable ; Inapplicable ; Inapplicable ; Inapplicable ; Pass         ; Inapplicable ; Inapplicable ; Inapplicable ; Inapplicable ; Inapplicable ; Pass      ; Inapplicable ; Inapplicable ;
; block_out[19]      ; Inapplicable ; Inapplicable ; Inapplicable ; Inapplicable ; Inapplicable ; Pass      ; Inapplicable ; Inapplicable ; Pass      ; Pass      ; Inapplicable ; Pass         ; Inapplicable ; Inapplicable ; Inapplicable ; Inapplicable ; Pass         ; Inapplicable ; Inapplicable ; Inapplicable ; Inapplicable ; Pass         ; Inapplicable ; Inapplicable ; Inapplicable ; Inapplicable ; Inapplicable ; Pass      ; Inapplicable ; Inapplicable ;
; block_out[20]      ; Inapplicable ; Inapplicable ; Inapplicable ; Inapplicable ; Inapplicable ; Pass      ; Inapplicable ; Inapplicable ; Pass      ; Pass      ; Inapplicable ; Pass         ; Inapplicable ; Inapplicable ; Inapplicable ; Inapplicable ; Pass         ; Inapplicable ; Inapplicable ; Inapplicable ; Inapplicable ; Pass         ; Inapplicable ; Inapplicable ; Inapplicable ; Inapplicable ; Inapplicable ; Pass      ; Inapplicable ; Inapplicable ;
; block_out[21]      ; Inapplicable ; Inapplicable ; Inapplicable ; Inapplicable ; Inapplicable ; Pass      ; Inapplicable ; Inapplicable ; Pass      ; Pass      ; Inapplicable ; Pass         ; Inapplicable ; Inapplicable ; Inapplicable ; Inapplicable ; Pass         ; Inapplicable ; Inapplicable ; Inapplicable ; Inapplicable ; Pass         ; Inapplicable ; Inapplicable ; Inapplicable ; Inapplicable ; Inapplicable ; Pass      ; Inapplicable ; Inapplicable ;
; block_out[22]      ; Inapplicable ; Inapplicable ; Inapplicable ; Inapplicable ; Inapplicable ; Pass      ; Inapplicable ; Inapplicable ; Pass      ; Pass      ; Inapplicable ; Pass         ; Inapplicable ; Inapplicable ; Inapplicable ; Inapplicable ; Pass         ; Inapplicable ; Inapplicable ; Inapplicable ; Inapplicable ; Pass         ; Inapplicable ; Inapplicable ; Inapplicable ; Inapplicable ; Inapplicable ; Pass      ; Inapplicable ; Inapplicable ;
; block_out[23]      ; Inapplicable ; Inapplicable ; Inapplicable ; Inapplicable ; Inapplicable ; Pass      ; Inapplicable ; Inapplicable ; Pass      ; Pass      ; Inapplicable ; Pass         ; Inapplicable ; Inapplicable ; Inapplicable ; Inapplicable ; Pass         ; Inapplicable ; Inapplicable ; Inapplicable ; Inapplicable ; Pass         ; Inapplicable ; Inapplicable ; Inapplicable ; Inapplicable ; Inapplicable ; Pass      ; Inapplicable ; Inapplicable ;
; block_out[24]      ; Inapplicable ; Inapplicable ; Inapplicable ; Inapplicable ; Inapplicable ; Pass      ; Inapplicable ; Inapplicable ; Pass      ; Pass      ; Inapplicable ; Pass         ; Inapplicable ; Inapplicable ; Inapplicable ; Inapplicable ; Pass         ; Inapplicable ; Inapplicable ; Inapplicable ; Inapplicable ; Pass         ; Inapplicable ; Inapplicable ; Inapplicable ; Inapplicable ; Inapplicable ; Pass      ; Inapplicable ; Inapplicable ;
; block_out[25]      ; Inapplicable ; Inapplicable ; Inapplicable ; Inapplicable ; Inapplicable ; Pass      ; Inapplicable ; Inapplicable ; Pass      ; Pass      ; Inapplicable ; Pass         ; Inapplicable ; Inapplicable ; Inapplicable ; Inapplicable ; Pass         ; Inapplicable ; Inapplicable ; Inapplicable ; Inapplicable ; Pass         ; Inapplicable ; Inapplicable ; Inapplicable ; Inapplicable ; Inapplicable ; Pass      ; Inapplicable ; Inapplicable ;
; block_out[26]      ; Inapplicable ; Inapplicable ; Inapplicable ; Inapplicable ; Inapplicable ; Pass      ; Inapplicable ; Inapplicable ; Pass      ; Pass      ; Inapplicable ; Pass         ; Inapplicable ; Inapplicable ; Inapplicable ; Inapplicable ; Pass         ; Inapplicable ; Inapplicable ; Inapplicable ; Inapplicable ; Pass         ; Inapplicable ; Inapplicable ; Inapplicable ; Inapplicable ; Inapplicable ; Pass      ; Inapplicable ; Inapplicable ;
; block_out[27]      ; Inapplicable ; Inapplicable ; Inapplicable ; Inapplicable ; Inapplicable ; Pass      ; Inapplicable ; Inapplicable ; Pass      ; Pass      ; Inapplicable ; Pass         ; Inapplicable ; Inapplicable ; Inapplicable ; Inapplicable ; Pass         ; Inapplicable ; Inapplicable ; Inapplicable ; Inapplicable ; Pass         ; Inapplicable ; Inapplicable ; Inapplicable ; Inapplicable ; Inapplicable ; Pass      ; Inapplicable ; Inapplicable ;
; block_out[28]      ; Inapplicable ; Inapplicable ; Inapplicable ; Inapplicable ; Inapplicable ; Pass      ; Inapplicable ; Inapplicable ; Pass      ; Pass      ; Inapplicable ; Pass         ; Inapplicable ; Inapplicable ; Inapplicable ; Inapplicable ; Pass         ; Inapplicable ; Inapplicable ; Inapplicable ; Inapplicable ; Pass         ; Inapplicable ; Inapplicable ; Inapplicable ; Inapplicable ; Inapplicable ; Pass      ; Inapplicable ; Inapplicable ;
; block_out[29]      ; Inapplicable ; Inapplicable ; Inapplicable ; Inapplicable ; Inapplicable ; Pass      ; Inapplicable ; Inapplicable ; Pass      ; Pass      ; Inapplicable ; Pass         ; Inapplicable ; Inapplicable ; Inapplicable ; Inapplicable ; Pass         ; Inapplicable ; Inapplicable ; Inapplicable ; Inapplicable ; Pass         ; Inapplicable ; Inapplicable ; Inapplicable ; Inapplicable ; Inapplicable ; Pass      ; Inapplicable ; Inapplicable ;
; block_out[30]      ; Inapplicable ; Inapplicable ; Inapplicable ; Inapplicable ; Inapplicable ; Pass      ; Inapplicable ; Inapplicable ; Pass      ; Pass      ; Inapplicable ; Pass         ; Inapplicable ; Inapplicable ; Inapplicable ; Inapplicable ; Pass         ; Inapplicable ; Inapplicable ; Inapplicable ; Inapplicable ; Pass         ; Inapplicable ; Inapplicable ; Inapplicable ; Inapplicable ; Inapplicable ; Pass      ; Inapplicable ; Inapplicable ;
; block_out[31]      ; Inapplicable ; Inapplicable ; Inapplicable ; Inapplicable ; Inapplicable ; Pass      ; Inapplicable ; Inapplicable ; Pass      ; Pass      ; Inapplicable ; Pass         ; Inapplicable ; Inapplicable ; Inapplicable ; Inapplicable ; Pass         ; Inapplicable ; Inapplicable ; Inapplicable ; Inapplicable ; Pass         ; Inapplicable ; Inapplicable ; Inapplicable ; Inapplicable ; Inapplicable ; Pass      ; Inapplicable ; Inapplicable ;
; block_out[32]      ; Inapplicable ; Inapplicable ; Inapplicable ; Inapplicable ; Inapplicable ; Pass      ; Inapplicable ; Inapplicable ; Pass      ; Pass      ; Inapplicable ; Pass         ; Inapplicable ; Inapplicable ; Inapplicable ; Inapplicable ; Pass         ; Inapplicable ; Inapplicable ; Inapplicable ; Inapplicable ; Pass         ; Inapplicable ; Inapplicable ; Inapplicable ; Inapplicable ; Inapplicable ; Pass      ; Inapplicable ; Inapplicable ;
; block_out[33]      ; Inapplicable ; Inapplicable ; Inapplicable ; Inapplicable ; Inapplicable ; Pass      ; Inapplicable ; Inapplicable ; Pass      ; Pass      ; Inapplicable ; Pass         ; Inapplicable ; Inapplicable ; Inapplicable ; Inapplicable ; Pass         ; Inapplicable ; Inapplicable ; Inapplicable ; Inapplicable ; Pass         ; Inapplicable ; Inapplicable ; Inapplicable ; Inapplicable ; Inapplicable ; Pass      ; Inapplicable ; Inapplicable ;
; block_out[34]      ; Inapplicable ; Inapplicable ; Inapplicable ; Inapplicable ; Inapplicable ; Pass      ; Inapplicable ; Inapplicable ; Pass      ; Pass      ; Inapplicable ; Pass         ; Inapplicable ; Inapplicable ; Inapplicable ; Inapplicable ; Pass         ; Inapplicable ; Inapplicable ; Inapplicable ; Inapplicable ; Pass         ; Inapplicable ; Inapplicable ; Inapplicable ; Inapplicable ; Inapplicable ; Pass      ; Inapplicable ; Inapplicable ;
; block_out[35]      ; Inapplicable ; Inapplicable ; Inapplicable ; Inapplicable ; Inapplicable ; Pass      ; Inapplicable ; Inapplicable ; Pass      ; Pass      ; Inapplicable ; Pass         ; Inapplicable ; Inapplicable ; Inapplicable ; Inapplicable ; Pass         ; Inapplicable ; Inapplicable ; Inapplicable ; Inapplicable ; Pass         ; Inapplicable ; Inapplicable ; Inapplicable ; Inapplicable ; Inapplicable ; Pass      ; Inapplicable ; Inapplicable ;
; block_out[36]      ; Inapplicable ; Inapplicable ; Inapplicable ; Inapplicable ; Inapplicable ; Pass      ; Inapplicable ; Inapplicable ; Pass      ; Pass      ; Inapplicable ; Pass         ; Inapplicable ; Inapplicable ; Inapplicable ; Inapplicable ; Pass         ; Inapplicable ; Inapplicable ; Inapplicable ; Inapplicable ; Pass         ; Inapplicable ; Inapplicable ; Inapplicable ; Inapplicable ; Inapplicable ; Pass      ; Inapplicable ; Inapplicable ;
; block_out[37]      ; Inapplicable ; Inapplicable ; Inapplicable ; Inapplicable ; Inapplicable ; Pass      ; Inapplicable ; Inapplicable ; Pass      ; Pass      ; Inapplicable ; Pass         ; Inapplicable ; Inapplicable ; Inapplicable ; Inapplicable ; Pass         ; Inapplicable ; Inapplicable ; Inapplicable ; Inapplicable ; Pass         ; Inapplicable ; Inapplicable ; Inapplicable ; Inapplicable ; Inapplicable ; Pass      ; Inapplicable ; Inapplicable ;
; block_out[38]      ; Inapplicable ; Inapplicable ; Inapplicable ; Inapplicable ; Inapplicable ; Pass      ; Inapplicable ; Inapplicable ; Pass      ; Pass      ; Inapplicable ; Pass         ; Inapplicable ; Inapplicable ; Inapplicable ; Inapplicable ; Pass         ; Inapplicable ; Inapplicable ; Inapplicable ; Inapplicable ; Pass         ; Inapplicable ; Inapplicable ; Inapplicable ; Inapplicable ; Inapplicable ; Pass      ; Inapplicable ; Inapplicable ;
; block_out[39]      ; Inapplicable ; Inapplicable ; Inapplicable ; Inapplicable ; Inapplicable ; Pass      ; Inapplicable ; Inapplicable ; Pass      ; Pass      ; Inapplicable ; Pass         ; Inapplicable ; Inapplicable ; Inapplicable ; Inapplicable ; Pass         ; Inapplicable ; Inapplicable ; Inapplicable ; Inapplicable ; Pass         ; Inapplicable ; Inapplicable ; Inapplicable ; Inapplicable ; Inapplicable ; Pass      ; Inapplicable ; Inapplicable ;
; block_out[40]      ; Inapplicable ; Inapplicable ; Inapplicable ; Inapplicable ; Inapplicable ; Pass      ; Inapplicable ; Inapplicable ; Pass      ; Pass      ; Inapplicable ; Pass         ; Inapplicable ; Inapplicable ; Inapplicable ; Inapplicable ; Pass         ; Inapplicable ; Inapplicable ; Inapplicable ; Inapplicable ; Pass         ; Inapplicable ; Inapplicable ; Inapplicable ; Inapplicable ; Inapplicable ; Pass      ; Inapplicable ; Inapplicable ;
; block_out[41]      ; Inapplicable ; Inapplicable ; Inapplicable ; Inapplicable ; Inapplicable ; Pass      ; Inapplicable ; Inapplicable ; Pass      ; Pass      ; Inapplicable ; Pass         ; Inapplicable ; Inapplicable ; Inapplicable ; Inapplicable ; Pass         ; Inapplicable ; Inapplicable ; Inapplicable ; Inapplicable ; Pass         ; Inapplicable ; Inapplicable ; Inapplicable ; Inapplicable ; Inapplicable ; Pass      ; Inapplicable ; Inapplicable ;
; block_out[42]      ; Inapplicable ; Inapplicable ; Inapplicable ; Inapplicable ; Inapplicable ; Pass      ; Inapplicable ; Inapplicable ; Pass      ; Pass      ; Inapplicable ; Pass         ; Inapplicable ; Inapplicable ; Inapplicable ; Inapplicable ; Pass         ; Inapplicable ; Inapplicable ; Inapplicable ; Inapplicable ; Pass         ; Inapplicable ; Inapplicable ; Inapplicable ; Inapplicable ; Inapplicable ; Pass      ; Inapplicable ; Inapplicable ;
; block_out[43]      ; Inapplicable ; Inapplicable ; Inapplicable ; Inapplicable ; Inapplicable ; Pass      ; Inapplicable ; Inapplicable ; Pass      ; Pass      ; Inapplicable ; Pass         ; Inapplicable ; Inapplicable ; Inapplicable ; Inapplicable ; Pass         ; Inapplicable ; Inapplicable ; Inapplicable ; Inapplicable ; Pass         ; Inapplicable ; Inapplicable ; Inapplicable ; Inapplicable ; Inapplicable ; Pass      ; Inapplicable ; Inapplicable ;
; block_out[44]      ; Inapplicable ; Inapplicable ; Inapplicable ; Inapplicable ; Inapplicable ; Pass      ; Inapplicable ; Inapplicable ; Pass      ; Pass      ; Inapplicable ; Pass         ; Inapplicable ; Inapplicable ; Inapplicable ; Inapplicable ; Pass         ; Inapplicable ; Inapplicable ; Inapplicable ; Inapplicable ; Pass         ; Inapplicable ; Inapplicable ; Inapplicable ; Inapplicable ; Inapplicable ; Pass      ; Inapplicable ; Inapplicable ;
; block_out[45]      ; Inapplicable ; Inapplicable ; Inapplicable ; Inapplicable ; Inapplicable ; Pass      ; Inapplicable ; Inapplicable ; Pass      ; Pass      ; Inapplicable ; Pass         ; Inapplicable ; Inapplicable ; Inapplicable ; Inapplicable ; Pass         ; Inapplicable ; Inapplicable ; Inapplicable ; Inapplicable ; Pass         ; Inapplicable ; Inapplicable ; Inapplicable ; Inapplicable ; Inapplicable ; Pass      ; Inapplicable ; Inapplicable ;
; block_out[46]      ; Inapplicable ; Inapplicable ; Inapplicable ; Inapplicable ; Inapplicable ; Pass      ; Inapplicable ; Inapplicable ; Pass      ; Pass      ; Inapplicable ; Pass         ; Inapplicable ; Inapplicable ; Inapplicable ; Inapplicable ; Pass         ; Inapplicable ; Inapplicable ; Inapplicable ; Inapplicable ; Pass         ; Inapplicable ; Inapplicable ; Inapplicable ; Inapplicable ; Inapplicable ; Pass      ; Inapplicable ; Inapplicable ;
; block_out[47]      ; Inapplicable ; Inapplicable ; Inapplicable ; Inapplicable ; Inapplicable ; Pass      ; Inapplicable ; Inapplicable ; Pass      ; Pass      ; Inapplicable ; Pass         ; Inapplicable ; Inapplicable ; Inapplicable ; Inapplicable ; Pass         ; Inapplicable ; Inapplicable ; Inapplicable ; Inapplicable ; Pass         ; Inapplicable ; Inapplicable ; Inapplicable ; Inapplicable ; Inapplicable ; Pass      ; Inapplicable ; Inapplicable ;
; block_out[48]      ; Inapplicable ; Inapplicable ; Inapplicable ; Inapplicable ; Inapplicable ; Pass      ; Inapplicable ; Inapplicable ; Pass      ; Pass      ; Inapplicable ; Pass         ; Inapplicable ; Inapplicable ; Inapplicable ; Inapplicable ; Pass         ; Inapplicable ; Inapplicable ; Inapplicable ; Inapplicable ; Pass         ; Inapplicable ; Inapplicable ; Inapplicable ; Inapplicable ; Inapplicable ; Pass      ; Inapplicable ; Inapplicable ;
; block_out[49]      ; Inapplicable ; Inapplicable ; Inapplicable ; Inapplicable ; Inapplicable ; Pass      ; Inapplicable ; Inapplicable ; Pass      ; Pass      ; Inapplicable ; Pass         ; Inapplicable ; Inapplicable ; Inapplicable ; Inapplicable ; Pass         ; Inapplicable ; Inapplicable ; Inapplicable ; Inapplicable ; Pass         ; Inapplicable ; Inapplicable ; Inapplicable ; Inapplicable ; Inapplicable ; Pass      ; Inapplicable ; Inapplicable ;
; block_out[50]      ; Inapplicable ; Inapplicable ; Inapplicable ; Inapplicable ; Inapplicable ; Pass      ; Inapplicable ; Inapplicable ; Pass      ; Pass      ; Inapplicable ; Pass         ; Inapplicable ; Inapplicable ; Inapplicable ; Inapplicable ; Pass         ; Inapplicable ; Inapplicable ; Inapplicable ; Inapplicable ; Pass         ; Inapplicable ; Inapplicable ; Inapplicable ; Inapplicable ; Inapplicable ; Pass      ; Inapplicable ; Inapplicable ;
; block_out[51]      ; Inapplicable ; Inapplicable ; Inapplicable ; Inapplicable ; Inapplicable ; Pass      ; Inapplicable ; Inapplicable ; Pass      ; Pass      ; Inapplicable ; Pass         ; Inapplicable ; Inapplicable ; Inapplicable ; Inapplicable ; Pass         ; Inapplicable ; Inapplicable ; Inapplicable ; Inapplicable ; Pass         ; Inapplicable ; Inapplicable ; Inapplicable ; Inapplicable ; Inapplicable ; Pass      ; Inapplicable ; Inapplicable ;
; block_out[52]      ; Inapplicable ; Inapplicable ; Inapplicable ; Inapplicable ; Inapplicable ; Pass      ; Inapplicable ; Inapplicable ; Pass      ; Pass      ; Inapplicable ; Pass         ; Inapplicable ; Inapplicable ; Inapplicable ; Inapplicable ; Pass         ; Inapplicable ; Inapplicable ; Inapplicable ; Inapplicable ; Pass         ; Inapplicable ; Inapplicable ; Inapplicable ; Inapplicable ; Inapplicable ; Pass      ; Inapplicable ; Inapplicable ;
; block_out[53]      ; Inapplicable ; Inapplicable ; Inapplicable ; Inapplicable ; Inapplicable ; Pass      ; Inapplicable ; Inapplicable ; Pass      ; Pass      ; Inapplicable ; Pass         ; Inapplicable ; Inapplicable ; Inapplicable ; Inapplicable ; Pass         ; Inapplicable ; Inapplicable ; Inapplicable ; Inapplicable ; Pass         ; Inapplicable ; Inapplicable ; Inapplicable ; Inapplicable ; Inapplicable ; Pass      ; Inapplicable ; Inapplicable ;
; block_out[54]      ; Inapplicable ; Inapplicable ; Inapplicable ; Inapplicable ; Inapplicable ; Pass      ; Inapplicable ; Inapplicable ; Pass      ; Pass      ; Inapplicable ; Pass         ; Inapplicable ; Inapplicable ; Inapplicable ; Inapplicable ; Pass         ; Inapplicable ; Inapplicable ; Inapplicable ; Inapplicable ; Pass         ; Inapplicable ; Inapplicable ; Inapplicable ; Inapplicable ; Inapplicable ; Pass      ; Inapplicable ; Inapplicable ;
; block_out[55]      ; Inapplicable ; Inapplicable ; Inapplicable ; Inapplicable ; Inapplicable ; Pass      ; Inapplicable ; Inapplicable ; Pass      ; Pass      ; Inapplicable ; Pass         ; Inapplicable ; Inapplicable ; Inapplicable ; Inapplicable ; Pass         ; Inapplicable ; Inapplicable ; Inapplicable ; Inapplicable ; Pass         ; Inapplicable ; Inapplicable ; Inapplicable ; Inapplicable ; Inapplicable ; Pass      ; Inapplicable ; Inapplicable ;
; block_out[56]      ; Inapplicable ; Inapplicable ; Inapplicable ; Inapplicable ; Inapplicable ; Pass      ; Inapplicable ; Inapplicable ; Pass      ; Pass      ; Inapplicable ; Pass         ; Inapplicable ; Inapplicable ; Inapplicable ; Inapplicable ; Pass         ; Inapplicable ; Inapplicable ; Inapplicable ; Inapplicable ; Pass         ; Inapplicable ; Inapplicable ; Inapplicable ; Inapplicable ; Inapplicable ; Pass      ; Inapplicable ; Inapplicable ;
; block_out[57]      ; Inapplicable ; Inapplicable ; Inapplicable ; Inapplicable ; Inapplicable ; Pass      ; Inapplicable ; Inapplicable ; Pass      ; Pass      ; Inapplicable ; Pass         ; Inapplicable ; Inapplicable ; Inapplicable ; Inapplicable ; Pass         ; Inapplicable ; Inapplicable ; Inapplicable ; Inapplicable ; Pass         ; Inapplicable ; Inapplicable ; Inapplicable ; Inapplicable ; Inapplicable ; Pass      ; Inapplicable ; Inapplicable ;
; block_out[58]      ; Inapplicable ; Inapplicable ; Inapplicable ; Inapplicable ; Inapplicable ; Pass      ; Inapplicable ; Inapplicable ; Pass      ; Pass      ; Inapplicable ; Pass         ; Inapplicable ; Inapplicable ; Inapplicable ; Inapplicable ; Pass         ; Inapplicable ; Inapplicable ; Inapplicable ; Inapplicable ; Pass         ; Inapplicable ; Inapplicable ; Inapplicable ; Inapplicable ; Inapplicable ; Pass      ; Inapplicable ; Inapplicable ;
; block_out[59]      ; Inapplicable ; Inapplicable ; Inapplicable ; Inapplicable ; Inapplicable ; Pass      ; Inapplicable ; Inapplicable ; Pass      ; Pass      ; Inapplicable ; Pass         ; Inapplicable ; Inapplicable ; Inapplicable ; Inapplicable ; Pass         ; Inapplicable ; Inapplicable ; Inapplicable ; Inapplicable ; Pass         ; Inapplicable ; Inapplicable ; Inapplicable ; Inapplicable ; Inapplicable ; Pass      ; Inapplicable ; Inapplicable ;
; block_out[60]      ; Inapplicable ; Inapplicable ; Inapplicable ; Inapplicable ; Inapplicable ; Pass      ; Inapplicable ; Inapplicable ; Pass      ; Pass      ; Inapplicable ; Pass         ; Inapplicable ; Inapplicable ; Inapplicable ; Inapplicable ; Pass         ; Inapplicable ; Inapplicable ; Inapplicable ; Inapplicable ; Pass         ; Inapplicable ; Inapplicable ; Inapplicable ; Inapplicable ; Inapplicable ; Pass      ; Inapplicable ; Inapplicable ;
; block_out[61]      ; Inapplicable ; Inapplicable ; Inapplicable ; Inapplicable ; Inapplicable ; Pass      ; Inapplicable ; Inapplicable ; Pass      ; Pass      ; Inapplicable ; Pass         ; Inapplicable ; Inapplicable ; Inapplicable ; Inapplicable ; Pass         ; Inapplicable ; Inapplicable ; Inapplicable ; Inapplicable ; Pass         ; Inapplicable ; Inapplicable ; Inapplicable ; Inapplicable ; Inapplicable ; Pass      ; Inapplicable ; Inapplicable ;
; block_out[62]      ; Inapplicable ; Inapplicable ; Inapplicable ; Inapplicable ; Inapplicable ; Pass      ; Inapplicable ; Inapplicable ; Pass      ; Pass      ; Inapplicable ; Pass         ; Inapplicable ; Inapplicable ; Inapplicable ; Inapplicable ; Pass         ; Inapplicable ; Inapplicable ; Inapplicable ; Inapplicable ; Pass         ; Inapplicable ; Inapplicable ; Inapplicable ; Inapplicable ; Inapplicable ; Pass      ; Inapplicable ; Inapplicable ;
; block_out[63]      ; Inapplicable ; Inapplicable ; Inapplicable ; Inapplicable ; Inapplicable ; Pass      ; Inapplicable ; Inapplicable ; Pass      ; Pass      ; Inapplicable ; Pass         ; Inapplicable ; Inapplicable ; Inapplicable ; Inapplicable ; Pass         ; Inapplicable ; Inapplicable ; Inapplicable ; Inapplicable ; Pass         ; Inapplicable ; Inapplicable ; Inapplicable ; Inapplicable ; Inapplicable ; Pass      ; Inapplicable ; Inapplicable ;
; done               ; Inapplicable ; Inapplicable ; Inapplicable ; Inapplicable ; Inapplicable ; Pass      ; Inapplicable ; Inapplicable ; Pass      ; Pass      ; Inapplicable ; Pass         ; Inapplicable ; Inapplicable ; Inapplicable ; Inapplicable ; Pass         ; Inapplicable ; Inapplicable ; Inapplicable ; Inapplicable ; Pass         ; Inapplicable ; Inapplicable ; Inapplicable ; Inapplicable ; Inapplicable ; Pass      ; Inapplicable ; Inapplicable ;
; key[69]            ; Inapplicable ; Inapplicable ; Inapplicable ; Inapplicable ; Inapplicable ; Pass      ; Inapplicable ; Inapplicable ; Pass      ; Pass      ; Inapplicable ; Inapplicable ; Inapplicable ; Inapplicable ; Pass         ; Inapplicable ; Inapplicable ; Pass         ; Inapplicable ; Inapplicable ; Inapplicable ; Inapplicable ; Inapplicable ; Inapplicable ; Inapplicable ; Inapplicable ; Inapplicable ; Pass      ; Inapplicable ; Inapplicable ;
; key[37]            ; Inapplicable ; Inapplicable ; Inapplicable ; Inapplicable ; Inapplicable ; Pass      ; Inapplicable ; Inapplicable ; Pass      ; Pass      ; Inapplicable ; Inapplicable ; Inapplicable ; Inapplicable ; Pass         ; Inapplicable ; Inapplicable ; Pass         ; Inapplicable ; Inapplicable ; Inapplicable ; Inapplicable ; Inapplicable ; Inapplicable ; Inapplicable ; Inapplicable ; Inapplicable ; Pass      ; Inapplicable ; Inapplicable ;
; key[101]           ; Inapplicable ; Inapplicable ; Inapplicable ; Inapplicable ; Inapplicable ; Pass      ; Inapplicable ; Inapplicable ; Pass      ; Pass      ; Inapplicable ; Inapplicable ; Inapplicable ; Inapplicable ; Pass         ; Inapplicable ; Inapplicable ; Pass         ; Inapplicable ; Inapplicable ; Inapplicable ; Inapplicable ; Inapplicable ; Inapplicable ; Inapplicable ; Inapplicable ; Inapplicable ; Pass      ; Inapplicable ; Inapplicable ;
; key[5]             ; Inapplicable ; Inapplicable ; Inapplicable ; Inapplicable ; Inapplicable ; Pass      ; Inapplicable ; Inapplicable ; Pass      ; Pass      ; Inapplicable ; Inapplicable ; Inapplicable ; Inapplicable ; Pass         ; Inapplicable ; Inapplicable ; Pass         ; Inapplicable ; Inapplicable ; Inapplicable ; Inapplicable ; Inapplicable ; Inapplicable ; Inapplicable ; Inapplicable ; Inapplicable ; Pass      ; Inapplicable ; Inapplicable ;
; key[36]            ; Inapplicable ; Inapplicable ; Inapplicable ; Inapplicable ; Inapplicable ; Pass      ; Inapplicable ; Inapplicable ; Pass      ; Pass      ; Inapplicable ; Inapplicable ; Inapplicable ; Inapplicable ; Pass         ; Inapplicable ; Inapplicable ; Pass         ; Inapplicable ; Inapplicable ; Inapplicable ; Inapplicable ; Inapplicable ; Inapplicable ; Inapplicable ; Inapplicable ; Inapplicable ; Pass      ; Inapplicable ; Inapplicable ;
; key[68]            ; Inapplicable ; Inapplicable ; Inapplicable ; Inapplicable ; Inapplicable ; Pass      ; Inapplicable ; Inapplicable ; Pass      ; Pass      ; Inapplicable ; Inapplicable ; Inapplicable ; Inapplicable ; Pass         ; Inapplicable ; Inapplicable ; Pass         ; Inapplicable ; Inapplicable ; Inapplicable ; Inapplicable ; Inapplicable ; Inapplicable ; Inapplicable ; Inapplicable ; Inapplicable ; Pass      ; Inapplicable ; Inapplicable ;
; key[100]           ; Inapplicable ; Inapplicable ; Inapplicable ; Inapplicable ; Inapplicable ; Pass      ; Inapplicable ; Inapplicable ; Pass      ; Pass      ; Inapplicable ; Inapplicable ; Inapplicable ; Inapplicable ; Pass         ; Inapplicable ; Inapplicable ; Pass         ; Inapplicable ; Inapplicable ; Inapplicable ; Inapplicable ; Inapplicable ; Inapplicable ; Inapplicable ; Inapplicable ; Inapplicable ; Pass      ; Inapplicable ; Inapplicable ;
; key[4]             ; Inapplicable ; Inapplicable ; Inapplicable ; Inapplicable ; Inapplicable ; Pass      ; Inapplicable ; Inapplicable ; Pass      ; Pass      ; Inapplicable ; Inapplicable ; Inapplicable ; Inapplicable ; Pass         ; Inapplicable ; Inapplicable ; Pass         ; Inapplicable ; Inapplicable ; Inapplicable ; Inapplicable ; Inapplicable ; Inapplicable ; Inapplicable ; Inapplicable ; Inapplicable ; Pass      ; Inapplicable ; Inapplicable ;
; key[67]            ; Inapplicable ; Inapplicable ; Inapplicable ; Inapplicable ; Inapplicable ; Pass      ; Inapplicable ; Inapplicable ; Pass      ; Pass      ; Inapplicable ; Inapplicable ; Inapplicable ; Inapplicable ; Pass         ; Inapplicable ; Inapplicable ; Pass         ; Inapplicable ; Inapplicable ; Inapplicable ; Inapplicable ; Inapplicable ; Inapplicable ; Inapplicable ; Inapplicable ; Inapplicable ; Pass      ; Inapplicable ; Inapplicable ;
; key[35]            ; Inapplicable ; Inapplicable ; Inapplicable ; Inapplicable ; Inapplicable ; Pass      ; Inapplicable ; Inapplicable ; Pass      ; Pass      ; Inapplicable ; Inapplicable ; Inapplicable ; Inapplicable ; Pass         ; Inapplicable ; Inapplicable ; Pass         ; Inapplicable ; Inapplicable ; Inapplicable ; Inapplicable ; Inapplicable ; Inapplicable ; Inapplicable ; Inapplicable ; Inapplicable ; Pass      ; Inapplicable ; Inapplicable ;
; key[99]            ; Inapplicable ; Inapplicable ; Inapplicable ; Inapplicable ; Inapplicable ; Pass      ; Inapplicable ; Inapplicable ; Pass      ; Pass      ; Inapplicable ; Inapplicable ; Inapplicable ; Inapplicable ; Pass         ; Inapplicable ; Inapplicable ; Pass         ; Inapplicable ; Inapplicable ; Inapplicable ; Inapplicable ; Inapplicable ; Inapplicable ; Inapplicable ; Inapplicable ; Inapplicable ; Pass      ; Inapplicable ; Inapplicable ;
; key[3]             ; Inapplicable ; Inapplicable ; Inapplicable ; Inapplicable ; Inapplicable ; Pass      ; Inapplicable ; Inapplicable ; Pass      ; Pass      ; Inapplicable ; Inapplicable ; Inapplicable ; Inapplicable ; Pass         ; Inapplicable ; Inapplicable ; Pass         ; Inapplicable ; Inapplicable ; Inapplicable ; Inapplicable ; Inapplicable ; Inapplicable ; Inapplicable ; Inapplicable ; Inapplicable ; Pass      ; Inapplicable ; Inapplicable ;
; key[34]            ; Inapplicable ; Inapplicable ; Inapplicable ; Inapplicable ; Inapplicable ; Pass      ; Inapplicable ; Inapplicable ; Pass      ; Pass      ; Inapplicable ; Inapplicable ; Inapplicable ; Inapplicable ; Pass         ; Inapplicable ; Inapplicable ; Pass         ; Inapplicable ; Inapplicable ; Inapplicable ; Inapplicable ; Inapplicable ; Inapplicable ; Inapplicable ; Inapplicable ; Inapplicable ; Pass      ; Inapplicable ; Inapplicable ;
; key[66]            ; Inapplicable ; Inapplicable ; Inapplicable ; Inapplicable ; Inapplicable ; Pass      ; Inapplicable ; Inapplicable ; Pass      ; Pass      ; Inapplicable ; Inapplicable ; Inapplicable ; Inapplicable ; Pass         ; Inapplicable ; Inapplicable ; Pass         ; Inapplicable ; Inapplicable ; Inapplicable ; Inapplicable ; Inapplicable ; Inapplicable ; Inapplicable ; Inapplicable ; Inapplicable ; Pass      ; Inapplicable ; Inapplicable ;
; key[98]            ; Inapplicable ; Inapplicable ; Inapplicable ; Inapplicable ; Inapplicable ; Pass      ; Inapplicable ; Inapplicable ; Pass      ; Pass      ; Inapplicable ; Inapplicable ; Inapplicable ; Inapplicable ; Pass         ; Inapplicable ; Inapplicable ; Pass         ; Inapplicable ; Inapplicable ; Inapplicable ; Inapplicable ; Inapplicable ; Inapplicable ; Inapplicable ; Inapplicable ; Inapplicable ; Pass      ; Inapplicable ; Inapplicable ;
; key[2]             ; Inapplicable ; Inapplicable ; Inapplicable ; Inapplicable ; Inapplicable ; Pass      ; Inapplicable ; Inapplicable ; Pass      ; Pass      ; Inapplicable ; Inapplicable ; Inapplicable ; Inapplicable ; Pass         ; Inapplicable ; Inapplicable ; Pass         ; Inapplicable ; Inapplicable ; Inapplicable ; Inapplicable ; Inapplicable ; Inapplicable ; Inapplicable ; Inapplicable ; Inapplicable ; Pass      ; Inapplicable ; Inapplicable ;
; key[65]            ; Inapplicable ; Inapplicable ; Inapplicable ; Inapplicable ; Inapplicable ; Pass      ; Inapplicable ; Inapplicable ; Pass      ; Pass      ; Inapplicable ; Inapplicable ; Inapplicable ; Inapplicable ; Pass         ; Inapplicable ; Inapplicable ; Pass         ; Inapplicable ; Inapplicable ; Inapplicable ; Inapplicable ; Inapplicable ; Inapplicable ; Inapplicable ; Inapplicable ; Inapplicable ; Pass      ; Inapplicable ; Inapplicable ;
; key[33]            ; Inapplicable ; Inapplicable ; Inapplicable ; Inapplicable ; Inapplicable ; Pass      ; Inapplicable ; Inapplicable ; Pass      ; Pass      ; Inapplicable ; Inapplicable ; Inapplicable ; Inapplicable ; Pass         ; Inapplicable ; Inapplicable ; Pass         ; Inapplicable ; Inapplicable ; Inapplicable ; Inapplicable ; Inapplicable ; Inapplicable ; Inapplicable ; Inapplicable ; Inapplicable ; Pass      ; Inapplicable ; Inapplicable ;
; key[97]            ; Inapplicable ; Inapplicable ; Inapplicable ; Inapplicable ; Inapplicable ; Pass      ; Inapplicable ; Inapplicable ; Pass      ; Pass      ; Inapplicable ; Inapplicable ; Inapplicable ; Inapplicable ; Pass         ; Inapplicable ; Inapplicable ; Pass         ; Inapplicable ; Inapplicable ; Inapplicable ; Inapplicable ; Inapplicable ; Inapplicable ; Inapplicable ; Inapplicable ; Inapplicable ; Pass      ; Inapplicable ; Inapplicable ;
; key[1]             ; Inapplicable ; Inapplicable ; Inapplicable ; Inapplicable ; Inapplicable ; Pass      ; Inapplicable ; Inapplicable ; Pass      ; Pass      ; Inapplicable ; Inapplicable ; Inapplicable ; Inapplicable ; Pass         ; Inapplicable ; Inapplicable ; Pass         ; Inapplicable ; Inapplicable ; Inapplicable ; Inapplicable ; Inapplicable ; Inapplicable ; Inapplicable ; Inapplicable ; Inapplicable ; Pass      ; Inapplicable ; Inapplicable ;
; key[32]            ; Inapplicable ; Inapplicable ; Inapplicable ; Inapplicable ; Inapplicable ; Pass      ; Inapplicable ; Inapplicable ; Pass      ; Pass      ; Inapplicable ; Inapplicable ; Inapplicable ; Inapplicable ; Pass         ; Inapplicable ; Inapplicable ; Pass         ; Inapplicable ; Inapplicable ; Inapplicable ; Inapplicable ; Inapplicable ; Inapplicable ; Inapplicable ; Inapplicable ; Inapplicable ; Pass      ; Inapplicable ; Inapplicable ;
; key[64]            ; Inapplicable ; Inapplicable ; Inapplicable ; Inapplicable ; Inapplicable ; Pass      ; Inapplicable ; Inapplicable ; Pass      ; Pass      ; Inapplicable ; Inapplicable ; Inapplicable ; Inapplicable ; Pass         ; Inapplicable ; Inapplicable ; Pass         ; Inapplicable ; Inapplicable ; Inapplicable ; Inapplicable ; Inapplicable ; Inapplicable ; Inapplicable ; Inapplicable ; Inapplicable ; Pass      ; Inapplicable ; Inapplicable ;
; key[96]            ; Inapplicable ; Inapplicable ; Inapplicable ; Inapplicable ; Inapplicable ; Pass      ; Inapplicable ; Inapplicable ; Pass      ; Pass      ; Inapplicable ; Inapplicable ; Inapplicable ; Inapplicable ; Pass         ; Inapplicable ; Inapplicable ; Pass         ; Inapplicable ; Inapplicable ; Inapplicable ; Inapplicable ; Inapplicable ; Inapplicable ; Inapplicable ; Inapplicable ; Inapplicable ; Pass      ; Inapplicable ; Inapplicable ;
; key[0]             ; Inapplicable ; Inapplicable ; Inapplicable ; Inapplicable ; Inapplicable ; Pass      ; Inapplicable ; Inapplicable ; Pass      ; Pass      ; Inapplicable ; Inapplicable ; Inapplicable ; Inapplicable ; Pass         ; Inapplicable ; Inapplicable ; Pass         ; Inapplicable ; Inapplicable ; Inapplicable ; Inapplicable ; Inapplicable ; Inapplicable ; Inapplicable ; Inapplicable ; Inapplicable ; Pass      ; Inapplicable ; Inapplicable ;
; enc                ; Inapplicable ; Inapplicable ; Inapplicable ; Inapplicable ; Inapplicable ; Pass      ; Inapplicable ; Inapplicable ; Pass      ; Pass      ; Inapplicable ; Inapplicable ; Inapplicable ; Inapplicable ; Pass         ; Inapplicable ; Inapplicable ; Pass         ; Inapplicable ; Inapplicable ; Inapplicable ; Inapplicable ; Inapplicable ; Inapplicable ; Inapplicable ; Inapplicable ; Inapplicable ; Pass      ; Inapplicable ; Inapplicable ;
; rst                ; Inapplicable ; Inapplicable ; Inapplicable ; Inapplicable ; Inapplicable ; Pass      ; Inapplicable ; Inapplicable ; Pass      ; Pass      ; Inapplicable ; Inapplicable ; Inapplicable ; Inapplicable ; Pass         ; Inapplicable ; Inapplicable ; Pass         ; Inapplicable ; Inapplicable ; Inapplicable ; Inapplicable ; Inapplicable ; Inapplicable ; Inapplicable ; Inapplicable ; Inapplicable ; Pass      ; Inapplicable ; Inapplicable ;
; clk                ; Inapplicable ; Inapplicable ; Inapplicable ; Inapplicable ; Inapplicable ; Pass      ; Inapplicable ; Inapplicable ; Pass      ; Pass      ; Inapplicable ; Inapplicable ; Inapplicable ; Inapplicable ; Pass         ; Inapplicable ; Inapplicable ; Pass         ; Inapplicable ; Inapplicable ; Inapplicable ; Inapplicable ; Inapplicable ; Inapplicable ; Inapplicable ; Inapplicable ; Inapplicable ; Pass      ; Inapplicable ; Inapplicable ;
; key[70]            ; Inapplicable ; Inapplicable ; Inapplicable ; Inapplicable ; Inapplicable ; Pass      ; Inapplicable ; Inapplicable ; Pass      ; Pass      ; Inapplicable ; Inapplicable ; Inapplicable ; Inapplicable ; Pass         ; Inapplicable ; Inapplicable ; Pass         ; Inapplicable ; Inapplicable ; Inapplicable ; Inapplicable ; Inapplicable ; Inapplicable ; Inapplicable ; Inapplicable ; Inapplicable ; Pass      ; Inapplicable ; Inapplicable ;
; key[38]            ; Inapplicable ; Inapplicable ; Inapplicable ; Inapplicable ; Inapplicable ; Pass      ; Inapplicable ; Inapplicable ; Pass      ; Pass      ; Inapplicable ; Inapplicable ; Inapplicable ; Inapplicable ; Pass         ; Inapplicable ; Inapplicable ; Pass         ; Inapplicable ; Inapplicable ; Inapplicable ; Inapplicable ; Inapplicable ; Inapplicable ; Inapplicable ; Inapplicable ; Inapplicable ; Pass      ; Inapplicable ; Inapplicable ;
; key[102]           ; Inapplicable ; Inapplicable ; Inapplicable ; Inapplicable ; Inapplicable ; Pass      ; Inapplicable ; Inapplicable ; Pass      ; Pass      ; Inapplicable ; Inapplicable ; Inapplicable ; Inapplicable ; Pass         ; Inapplicable ; Inapplicable ; Pass         ; Inapplicable ; Inapplicable ; Inapplicable ; Inapplicable ; Inapplicable ; Inapplicable ; Inapplicable ; Inapplicable ; Inapplicable ; Pass      ; Inapplicable ; Inapplicable ;
; key[6]             ; Inapplicable ; Inapplicable ; Inapplicable ; Inapplicable ; Inapplicable ; Pass      ; Inapplicable ; Inapplicable ; Pass      ; Pass      ; Inapplicable ; Inapplicable ; Inapplicable ; Inapplicable ; Pass         ; Inapplicable ; Inapplicable ; Pass         ; Inapplicable ; Inapplicable ; Inapplicable ; Inapplicable ; Inapplicable ; Inapplicable ; Inapplicable ; Inapplicable ; Inapplicable ; Pass      ; Inapplicable ; Inapplicable ;
; key[39]            ; Inapplicable ; Inapplicable ; Inapplicable ; Inapplicable ; Inapplicable ; Pass      ; Inapplicable ; Inapplicable ; Pass      ; Pass      ; Inapplicable ; Inapplicable ; Inapplicable ; Inapplicable ; Pass         ; Inapplicable ; Inapplicable ; Pass         ; Inapplicable ; Inapplicable ; Inapplicable ; Inapplicable ; Inapplicable ; Inapplicable ; Inapplicable ; Inapplicable ; Inapplicable ; Pass      ; Inapplicable ; Inapplicable ;
; key[71]            ; Inapplicable ; Inapplicable ; Inapplicable ; Inapplicable ; Inapplicable ; Pass      ; Inapplicable ; Inapplicable ; Pass      ; Pass      ; Inapplicable ; Inapplicable ; Inapplicable ; Inapplicable ; Pass         ; Inapplicable ; Inapplicable ; Pass         ; Inapplicable ; Inapplicable ; Inapplicable ; Inapplicable ; Inapplicable ; Inapplicable ; Inapplicable ; Inapplicable ; Inapplicable ; Pass      ; Inapplicable ; Inapplicable ;
; key[103]           ; Inapplicable ; Inapplicable ; Inapplicable ; Inapplicable ; Inapplicable ; Pass      ; Inapplicable ; Inapplicable ; Pass      ; Pass      ; Inapplicable ; Inapplicable ; Inapplicable ; Inapplicable ; Pass         ; Inapplicable ; Inapplicable ; Pass         ; Inapplicable ; Inapplicable ; Inapplicable ; Inapplicable ; Inapplicable ; Inapplicable ; Inapplicable ; Inapplicable ; Inapplicable ; Pass      ; Inapplicable ; Inapplicable ;
; key[7]             ; Inapplicable ; Inapplicable ; Inapplicable ; Inapplicable ; Inapplicable ; Pass      ; Inapplicable ; Inapplicable ; Pass      ; Pass      ; Inapplicable ; Inapplicable ; Inapplicable ; Inapplicable ; Pass         ; Inapplicable ; Inapplicable ; Pass         ; Inapplicable ; Inapplicable ; Inapplicable ; Inapplicable ; Inapplicable ; Inapplicable ; Inapplicable ; Inapplicable ; Inapplicable ; Pass      ; Inapplicable ; Inapplicable ;
; key[40]            ; Inapplicable ; Inapplicable ; Inapplicable ; Inapplicable ; Inapplicable ; Pass      ; Inapplicable ; Inapplicable ; Pass      ; Pass      ; Inapplicable ; Inapplicable ; Inapplicable ; Inapplicable ; Pass         ; Inapplicable ; Inapplicable ; Pass         ; Inapplicable ; Inapplicable ; Inapplicable ; Inapplicable ; Inapplicable ; Inapplicable ; Inapplicable ; Inapplicable ; Inapplicable ; Pass      ; Inapplicable ; Inapplicable ;
; key[72]            ; Inapplicable ; Inapplicable ; Inapplicable ; Inapplicable ; Inapplicable ; Pass      ; Inapplicable ; Inapplicable ; Pass      ; Pass      ; Inapplicable ; Inapplicable ; Inapplicable ; Inapplicable ; Pass         ; Inapplicable ; Inapplicable ; Pass         ; Inapplicable ; Inapplicable ; Inapplicable ; Inapplicable ; Inapplicable ; Inapplicable ; Inapplicable ; Inapplicable ; Inapplicable ; Pass      ; Inapplicable ; Inapplicable ;
; key[104]           ; Inapplicable ; Inapplicable ; Inapplicable ; Inapplicable ; Inapplicable ; Pass      ; Inapplicable ; Inapplicable ; Pass      ; Pass      ; Inapplicable ; Inapplicable ; Inapplicable ; Inapplicable ; Pass         ; Inapplicable ; Inapplicable ; Pass         ; Inapplicable ; Inapplicable ; Inapplicable ; Inapplicable ; Inapplicable ; Inapplicable ; Inapplicable ; Inapplicable ; Inapplicable ; Pass      ; Inapplicable ; Inapplicable ;
; key[8]             ; Inapplicable ; Inapplicable ; Inapplicable ; Inapplicable ; Inapplicable ; Pass      ; Inapplicable ; Inapplicable ; Pass      ; Pass      ; Inapplicable ; Inapplicable ; Inapplicable ; Inapplicable ; Pass         ; Inapplicable ; Inapplicable ; Pass         ; Inapplicable ; Inapplicable ; Inapplicable ; Inapplicable ; Inapplicable ; Inapplicable ; Inapplicable ; Inapplicable ; Inapplicable ; Pass      ; Inapplicable ; Inapplicable ;
; key[73]            ; Inapplicable ; Inapplicable ; Inapplicable ; Inapplicable ; Inapplicable ; Pass      ; Inapplicable ; Inapplicable ; Pass      ; Pass      ; Inapplicable ; Inapplicable ; Inapplicable ; Inapplicable ; Pass         ; Inapplicable ; Inapplicable ; Pass         ; Inapplicable ; Inapplicable ; Inapplicable ; Inapplicable ; Inapplicable ; Inapplicable ; Inapplicable ; Inapplicable ; Inapplicable ; Pass      ; Inapplicable ; Inapplicable ;
; key[41]            ; Inapplicable ; Inapplicable ; Inapplicable ; Inapplicable ; Inapplicable ; Pass      ; Inapplicable ; Inapplicable ; Pass      ; Pass      ; Inapplicable ; Inapplicable ; Inapplicable ; Inapplicable ; Pass         ; Inapplicable ; Inapplicable ; Pass         ; Inapplicable ; Inapplicable ; Inapplicable ; Inapplicable ; Inapplicable ; Inapplicable ; Inapplicable ; Inapplicable ; Inapplicable ; Pass      ; Inapplicable ; Inapplicable ;
; key[105]           ; Inapplicable ; Inapplicable ; Inapplicable ; Inapplicable ; Inapplicable ; Pass      ; Inapplicable ; Inapplicable ; Pass      ; Pass      ; Inapplicable ; Inapplicable ; Inapplicable ; Inapplicable ; Pass         ; Inapplicable ; Inapplicable ; Pass         ; Inapplicable ; Inapplicable ; Inapplicable ; Inapplicable ; Inapplicable ; Inapplicable ; Inapplicable ; Inapplicable ; Inapplicable ; Pass      ; Inapplicable ; Inapplicable ;
; key[9]             ; Inapplicable ; Inapplicable ; Inapplicable ; Inapplicable ; Inapplicable ; Pass      ; Inapplicable ; Inapplicable ; Pass      ; Pass      ; Inapplicable ; Inapplicable ; Inapplicable ; Inapplicable ; Pass         ; Inapplicable ; Inapplicable ; Pass         ; Inapplicable ; Inapplicable ; Inapplicable ; Inapplicable ; Inapplicable ; Inapplicable ; Inapplicable ; Inapplicable ; Inapplicable ; Pass      ; Inapplicable ; Inapplicable ;
; key[42]            ; Inapplicable ; Inapplicable ; Inapplicable ; Inapplicable ; Inapplicable ; Pass      ; Inapplicable ; Inapplicable ; Pass      ; Pass      ; Inapplicable ; Inapplicable ; Inapplicable ; Inapplicable ; Pass         ; Inapplicable ; Inapplicable ; Pass         ; Inapplicable ; Inapplicable ; Inapplicable ; Inapplicable ; Inapplicable ; Inapplicable ; Inapplicable ; Inapplicable ; Inapplicable ; Pass      ; Inapplicable ; Inapplicable ;
; key[74]            ; Inapplicable ; Inapplicable ; Inapplicable ; Inapplicable ; Inapplicable ; Pass      ; Inapplicable ; Inapplicable ; Pass      ; Pass      ; Inapplicable ; Inapplicable ; Inapplicable ; Inapplicable ; Pass         ; Inapplicable ; Inapplicable ; Pass         ; Inapplicable ; Inapplicable ; Inapplicable ; Inapplicable ; Inapplicable ; Inapplicable ; Inapplicable ; Inapplicable ; Inapplicable ; Pass      ; Inapplicable ; Inapplicable ;
; key[106]           ; Inapplicable ; Inapplicable ; Inapplicable ; Inapplicable ; Inapplicable ; Pass      ; Inapplicable ; Inapplicable ; Pass      ; Pass      ; Inapplicable ; Inapplicable ; Inapplicable ; Inapplicable ; Pass         ; Inapplicable ; Inapplicable ; Pass         ; Inapplicable ; Inapplicable ; Inapplicable ; Inapplicable ; Inapplicable ; Inapplicable ; Inapplicable ; Inapplicable ; Inapplicable ; Pass      ; Inapplicable ; Inapplicable ;
; key[10]            ; Inapplicable ; Inapplicable ; Inapplicable ; Inapplicable ; Inapplicable ; Pass      ; Inapplicable ; Inapplicable ; Pass      ; Pass      ; Inapplicable ; Inapplicable ; Inapplicable ; Inapplicable ; Pass         ; Inapplicable ; Inapplicable ; Pass         ; Inapplicable ; Inapplicable ; Inapplicable ; Inapplicable ; Inapplicable ; Inapplicable ; Inapplicable ; Inapplicable ; Inapplicable ; Pass      ; Inapplicable ; Inapplicable ;
; key[75]            ; Inapplicable ; Inapplicable ; Inapplicable ; Inapplicable ; Inapplicable ; Pass      ; Inapplicable ; Inapplicable ; Pass      ; Pass      ; Inapplicable ; Inapplicable ; Inapplicable ; Inapplicable ; Pass         ; Inapplicable ; Inapplicable ; Pass         ; Inapplicable ; Inapplicable ; Inapplicable ; Inapplicable ; Inapplicable ; Inapplicable ; Inapplicable ; Inapplicable ; Inapplicable ; Pass      ; Inapplicable ; Inapplicable ;
; key[43]            ; Inapplicable ; Inapplicable ; Inapplicable ; Inapplicable ; Inapplicable ; Pass      ; Inapplicable ; Inapplicable ; Pass      ; Pass      ; Inapplicable ; Inapplicable ; Inapplicable ; Inapplicable ; Pass         ; Inapplicable ; Inapplicable ; Pass         ; Inapplicable ; Inapplicable ; Inapplicable ; Inapplicable ; Inapplicable ; Inapplicable ; Inapplicable ; Inapplicable ; Inapplicable ; Pass      ; Inapplicable ; Inapplicable ;
; key[107]           ; Inapplicable ; Inapplicable ; Inapplicable ; Inapplicable ; Inapplicable ; Pass      ; Inapplicable ; Inapplicable ; Pass      ; Pass      ; Inapplicable ; Inapplicable ; Inapplicable ; Inapplicable ; Pass         ; Inapplicable ; Inapplicable ; Pass         ; Inapplicable ; Inapplicable ; Inapplicable ; Inapplicable ; Inapplicable ; Inapplicable ; Inapplicable ; Inapplicable ; Inapplicable ; Pass      ; Inapplicable ; Inapplicable ;
; key[11]            ; Inapplicable ; Inapplicable ; Inapplicable ; Inapplicable ; Inapplicable ; Pass      ; Inapplicable ; Inapplicable ; Pass      ; Pass      ; Inapplicable ; Inapplicable ; Inapplicable ; Inapplicable ; Pass         ; Inapplicable ; Inapplicable ; Pass         ; Inapplicable ; Inapplicable ; Inapplicable ; Inapplicable ; Inapplicable ; Inapplicable ; Inapplicable ; Inapplicable ; Inapplicable ; Pass      ; Inapplicable ; Inapplicable ;
; key[76]            ; Inapplicable ; Inapplicable ; Inapplicable ; Inapplicable ; Inapplicable ; Pass      ; Inapplicable ; Inapplicable ; Pass      ; Pass      ; Inapplicable ; Inapplicable ; Inapplicable ; Inapplicable ; Pass         ; Inapplicable ; Inapplicable ; Pass         ; Inapplicable ; Inapplicable ; Inapplicable ; Inapplicable ; Inapplicable ; Inapplicable ; Inapplicable ; Inapplicable ; Inapplicable ; Pass      ; Inapplicable ; Inapplicable ;
; key[44]            ; Inapplicable ; Inapplicable ; Inapplicable ; Inapplicable ; Inapplicable ; Pass      ; Inapplicable ; Inapplicable ; Pass      ; Pass      ; Inapplicable ; Inapplicable ; Inapplicable ; Inapplicable ; Pass         ; Inapplicable ; Inapplicable ; Pass         ; Inapplicable ; Inapplicable ; Inapplicable ; Inapplicable ; Inapplicable ; Inapplicable ; Inapplicable ; Inapplicable ; Inapplicable ; Pass      ; Inapplicable ; Inapplicable ;
; key[108]           ; Inapplicable ; Inapplicable ; Inapplicable ; Inapplicable ; Inapplicable ; Pass      ; Inapplicable ; Inapplicable ; Pass      ; Pass      ; Inapplicable ; Inapplicable ; Inapplicable ; Inapplicable ; Pass         ; Inapplicable ; Inapplicable ; Pass         ; Inapplicable ; Inapplicable ; Inapplicable ; Inapplicable ; Inapplicable ; Inapplicable ; Inapplicable ; Inapplicable ; Inapplicable ; Pass      ; Inapplicable ; Inapplicable ;
; key[12]            ; Inapplicable ; Inapplicable ; Inapplicable ; Inapplicable ; Inapplicable ; Pass      ; Inapplicable ; Inapplicable ; Pass      ; Pass      ; Inapplicable ; Inapplicable ; Inapplicable ; Inapplicable ; Pass         ; Inapplicable ; Inapplicable ; Pass         ; Inapplicable ; Inapplicable ; Inapplicable ; Inapplicable ; Inapplicable ; Inapplicable ; Inapplicable ; Inapplicable ; Inapplicable ; Pass      ; Inapplicable ; Inapplicable ;
; key[45]            ; Inapplicable ; Inapplicable ; Inapplicable ; Inapplicable ; Inapplicable ; Pass      ; Inapplicable ; Inapplicable ; Pass      ; Pass      ; Inapplicable ; Inapplicable ; Inapplicable ; Inapplicable ; Pass         ; Inapplicable ; Inapplicable ; Pass         ; Inapplicable ; Inapplicable ; Inapplicable ; Inapplicable ; Inapplicable ; Inapplicable ; Inapplicable ; Inapplicable ; Inapplicable ; Pass      ; Inapplicable ; Inapplicable ;
; key[77]            ; Inapplicable ; Inapplicable ; Inapplicable ; Inapplicable ; Inapplicable ; Pass      ; Inapplicable ; Inapplicable ; Pass      ; Pass      ; Inapplicable ; Inapplicable ; Inapplicable ; Inapplicable ; Pass         ; Inapplicable ; Inapplicable ; Pass         ; Inapplicable ; Inapplicable ; Inapplicable ; Inapplicable ; Inapplicable ; Inapplicable ; Inapplicable ; Inapplicable ; Inapplicable ; Pass      ; Inapplicable ; Inapplicable ;
; key[109]           ; Inapplicable ; Inapplicable ; Inapplicable ; Inapplicable ; Inapplicable ; Pass      ; Inapplicable ; Inapplicable ; Pass      ; Pass      ; Inapplicable ; Inapplicable ; Inapplicable ; Inapplicable ; Pass         ; Inapplicable ; Inapplicable ; Pass         ; Inapplicable ; Inapplicable ; Inapplicable ; Inapplicable ; Inapplicable ; Inapplicable ; Inapplicable ; Inapplicable ; Inapplicable ; Pass      ; Inapplicable ; Inapplicable ;
; key[13]            ; Inapplicable ; Inapplicable ; Inapplicable ; Inapplicable ; Inapplicable ; Pass      ; Inapplicable ; Inapplicable ; Pass      ; Pass      ; Inapplicable ; Inapplicable ; Inapplicable ; Inapplicable ; Pass         ; Inapplicable ; Inapplicable ; Pass         ; Inapplicable ; Inapplicable ; Inapplicable ; Inapplicable ; Inapplicable ; Inapplicable ; Inapplicable ; Inapplicable ; Inapplicable ; Pass      ; Inapplicable ; Inapplicable ;
; key[46]            ; Inapplicable ; Inapplicable ; Inapplicable ; Inapplicable ; Inapplicable ; Pass      ; Inapplicable ; Inapplicable ; Pass      ; Pass      ; Inapplicable ; Inapplicable ; Inapplicable ; Inapplicable ; Pass         ; Inapplicable ; Inapplicable ; Pass         ; Inapplicable ; Inapplicable ; Inapplicable ; Inapplicable ; Inapplicable ; Inapplicable ; Inapplicable ; Inapplicable ; Inapplicable ; Pass      ; Inapplicable ; Inapplicable ;
; key[78]            ; Inapplicable ; Inapplicable ; Inapplicable ; Inapplicable ; Inapplicable ; Pass      ; Inapplicable ; Inapplicable ; Pass      ; Pass      ; Inapplicable ; Inapplicable ; Inapplicable ; Inapplicable ; Pass         ; Inapplicable ; Inapplicable ; Pass         ; Inapplicable ; Inapplicable ; Inapplicable ; Inapplicable ; Inapplicable ; Inapplicable ; Inapplicable ; Inapplicable ; Inapplicable ; Pass      ; Inapplicable ; Inapplicable ;
; key[110]           ; Inapplicable ; Inapplicable ; Inapplicable ; Inapplicable ; Inapplicable ; Pass      ; Inapplicable ; Inapplicable ; Pass      ; Pass      ; Inapplicable ; Inapplicable ; Inapplicable ; Inapplicable ; Pass         ; Inapplicable ; Inapplicable ; Pass         ; Inapplicable ; Inapplicable ; Inapplicable ; Inapplicable ; Inapplicable ; Inapplicable ; Inapplicable ; Inapplicable ; Inapplicable ; Pass      ; Inapplicable ; Inapplicable ;
; key[14]            ; Inapplicable ; Inapplicable ; Inapplicable ; Inapplicable ; Inapplicable ; Pass      ; Inapplicable ; Inapplicable ; Pass      ; Pass      ; Inapplicable ; Inapplicable ; Inapplicable ; Inapplicable ; Pass         ; Inapplicable ; Inapplicable ; Pass         ; Inapplicable ; Inapplicable ; Inapplicable ; Inapplicable ; Inapplicable ; Inapplicable ; Inapplicable ; Inapplicable ; Inapplicable ; Pass      ; Inapplicable ; Inapplicable ;
; key[79]            ; Inapplicable ; Inapplicable ; Inapplicable ; Inapplicable ; Inapplicable ; Pass      ; Inapplicable ; Inapplicable ; Pass      ; Pass      ; Inapplicable ; Inapplicable ; Inapplicable ; Inapplicable ; Pass         ; Inapplicable ; Inapplicable ; Pass         ; Inapplicable ; Inapplicable ; Inapplicable ; Inapplicable ; Inapplicable ; Inapplicable ; Inapplicable ; Inapplicable ; Inapplicable ; Pass      ; Inapplicable ; Inapplicable ;
; key[47]            ; Inapplicable ; Inapplicable ; Inapplicable ; Inapplicable ; Inapplicable ; Pass      ; Inapplicable ; Inapplicable ; Pass      ; Pass      ; Inapplicable ; Inapplicable ; Inapplicable ; Inapplicable ; Pass         ; Inapplicable ; Inapplicable ; Pass         ; Inapplicable ; Inapplicable ; Inapplicable ; Inapplicable ; Inapplicable ; Inapplicable ; Inapplicable ; Inapplicable ; Inapplicable ; Pass      ; Inapplicable ; Inapplicable ;
; key[111]           ; Inapplicable ; Inapplicable ; Inapplicable ; Inapplicable ; Inapplicable ; Pass      ; Inapplicable ; Inapplicable ; Pass      ; Pass      ; Inapplicable ; Inapplicable ; Inapplicable ; Inapplicable ; Pass         ; Inapplicable ; Inapplicable ; Pass         ; Inapplicable ; Inapplicable ; Inapplicable ; Inapplicable ; Inapplicable ; Inapplicable ; Inapplicable ; Inapplicable ; Inapplicable ; Pass      ; Inapplicable ; Inapplicable ;
; key[15]            ; Inapplicable ; Inapplicable ; Inapplicable ; Inapplicable ; Inapplicable ; Pass      ; Inapplicable ; Inapplicable ; Pass      ; Pass      ; Inapplicable ; Inapplicable ; Inapplicable ; Inapplicable ; Pass         ; Inapplicable ; Inapplicable ; Pass         ; Inapplicable ; Inapplicable ; Inapplicable ; Inapplicable ; Inapplicable ; Inapplicable ; Inapplicable ; Inapplicable ; Inapplicable ; Pass      ; Inapplicable ; Inapplicable ;
; key[80]            ; Inapplicable ; Inapplicable ; Inapplicable ; Inapplicable ; Inapplicable ; Pass      ; Inapplicable ; Inapplicable ; Pass      ; Pass      ; Inapplicable ; Inapplicable ; Inapplicable ; Inapplicable ; Pass         ; Inapplicable ; Inapplicable ; Pass         ; Inapplicable ; Inapplicable ; Inapplicable ; Inapplicable ; Inapplicable ; Inapplicable ; Inapplicable ; Inapplicable ; Inapplicable ; Pass      ; Inapplicable ; Inapplicable ;
; key[48]            ; Inapplicable ; Inapplicable ; Inapplicable ; Inapplicable ; Inapplicable ; Pass      ; Inapplicable ; Inapplicable ; Pass      ; Pass      ; Inapplicable ; Inapplicable ; Inapplicable ; Inapplicable ; Pass         ; Inapplicable ; Inapplicable ; Pass         ; Inapplicable ; Inapplicable ; Inapplicable ; Inapplicable ; Inapplicable ; Inapplicable ; Inapplicable ; Inapplicable ; Inapplicable ; Pass      ; Inapplicable ; Inapplicable ;
; key[112]           ; Inapplicable ; Inapplicable ; Inapplicable ; Inapplicable ; Inapplicable ; Pass      ; Inapplicable ; Inapplicable ; Pass      ; Pass      ; Inapplicable ; Inapplicable ; Inapplicable ; Inapplicable ; Pass         ; Inapplicable ; Inapplicable ; Pass         ; Inapplicable ; Inapplicable ; Inapplicable ; Inapplicable ; Inapplicable ; Inapplicable ; Inapplicable ; Inapplicable ; Inapplicable ; Pass      ; Inapplicable ; Inapplicable ;
; key[16]            ; Inapplicable ; Inapplicable ; Inapplicable ; Inapplicable ; Inapplicable ; Pass      ; Inapplicable ; Inapplicable ; Pass      ; Pass      ; Inapplicable ; Inapplicable ; Inapplicable ; Inapplicable ; Pass         ; Inapplicable ; Inapplicable ; Pass         ; Inapplicable ; Inapplicable ; Inapplicable ; Inapplicable ; Inapplicable ; Inapplicable ; Inapplicable ; Inapplicable ; Inapplicable ; Pass      ; Inapplicable ; Inapplicable ;
; key[49]            ; Inapplicable ; Inapplicable ; Inapplicable ; Inapplicable ; Inapplicable ; Pass      ; Inapplicable ; Inapplicable ; Pass      ; Pass      ; Inapplicable ; Inapplicable ; Inapplicable ; Inapplicable ; Pass         ; Inapplicable ; Inapplicable ; Pass         ; Inapplicable ; Inapplicable ; Inapplicable ; Inapplicable ; Inapplicable ; Inapplicable ; Inapplicable ; Inapplicable ; Inapplicable ; Pass      ; Inapplicable ; Inapplicable ;
; key[81]            ; Inapplicable ; Inapplicable ; Inapplicable ; Inapplicable ; Inapplicable ; Pass      ; Inapplicable ; Inapplicable ; Pass      ; Pass      ; Inapplicable ; Inapplicable ; Inapplicable ; Inapplicable ; Pass         ; Inapplicable ; Inapplicable ; Pass         ; Inapplicable ; Inapplicable ; Inapplicable ; Inapplicable ; Inapplicable ; Inapplicable ; Inapplicable ; Inapplicable ; Inapplicable ; Pass      ; Inapplicable ; Inapplicable ;
; key[113]           ; Inapplicable ; Inapplicable ; Inapplicable ; Inapplicable ; Inapplicable ; Pass      ; Inapplicable ; Inapplicable ; Pass      ; Pass      ; Inapplicable ; Inapplicable ; Inapplicable ; Inapplicable ; Pass         ; Inapplicable ; Inapplicable ; Pass         ; Inapplicable ; Inapplicable ; Inapplicable ; Inapplicable ; Inapplicable ; Inapplicable ; Inapplicable ; Inapplicable ; Inapplicable ; Pass      ; Inapplicable ; Inapplicable ;
; key[17]            ; Inapplicable ; Inapplicable ; Inapplicable ; Inapplicable ; Inapplicable ; Pass      ; Inapplicable ; Inapplicable ; Pass      ; Pass      ; Inapplicable ; Inapplicable ; Inapplicable ; Inapplicable ; Pass         ; Inapplicable ; Inapplicable ; Pass         ; Inapplicable ; Inapplicable ; Inapplicable ; Inapplicable ; Inapplicable ; Inapplicable ; Inapplicable ; Inapplicable ; Inapplicable ; Pass      ; Inapplicable ; Inapplicable ;
; key[82]            ; Inapplicable ; Inapplicable ; Inapplicable ; Inapplicable ; Inapplicable ; Pass      ; Inapplicable ; Inapplicable ; Pass      ; Pass      ; Inapplicable ; Inapplicable ; Inapplicable ; Inapplicable ; Pass         ; Inapplicable ; Inapplicable ; Pass         ; Inapplicable ; Inapplicable ; Inapplicable ; Inapplicable ; Inapplicable ; Inapplicable ; Inapplicable ; Inapplicable ; Inapplicable ; Pass      ; Inapplicable ; Inapplicable ;
; key[50]            ; Inapplicable ; Inapplicable ; Inapplicable ; Inapplicable ; Inapplicable ; Pass      ; Inapplicable ; Inapplicable ; Pass      ; Pass      ; Inapplicable ; Inapplicable ; Inapplicable ; Inapplicable ; Pass         ; Inapplicable ; Inapplicable ; Pass         ; Inapplicable ; Inapplicable ; Inapplicable ; Inapplicable ; Inapplicable ; Inapplicable ; Inapplicable ; Inapplicable ; Inapplicable ; Pass      ; Inapplicable ; Inapplicable ;
; key[114]           ; Inapplicable ; Inapplicable ; Inapplicable ; Inapplicable ; Inapplicable ; Pass      ; Inapplicable ; Inapplicable ; Pass      ; Pass      ; Inapplicable ; Inapplicable ; Inapplicable ; Inapplicable ; Pass         ; Inapplicable ; Inapplicable ; Pass         ; Inapplicable ; Inapplicable ; Inapplicable ; Inapplicable ; Inapplicable ; Inapplicable ; Inapplicable ; Inapplicable ; Inapplicable ; Pass      ; Inapplicable ; Inapplicable ;
; key[18]            ; Inapplicable ; Inapplicable ; Inapplicable ; Inapplicable ; Inapplicable ; Pass      ; Inapplicable ; Inapplicable ; Pass      ; Pass      ; Inapplicable ; Inapplicable ; Inapplicable ; Inapplicable ; Pass         ; Inapplicable ; Inapplicable ; Pass         ; Inapplicable ; Inapplicable ; Inapplicable ; Inapplicable ; Inapplicable ; Inapplicable ; Inapplicable ; Inapplicable ; Inapplicable ; Pass      ; Inapplicable ; Inapplicable ;
; key[51]            ; Inapplicable ; Inapplicable ; Inapplicable ; Inapplicable ; Inapplicable ; Pass      ; Inapplicable ; Inapplicable ; Pass      ; Pass      ; Inapplicable ; Inapplicable ; Inapplicable ; Inapplicable ; Pass         ; Inapplicable ; Inapplicable ; Pass         ; Inapplicable ; Inapplicable ; Inapplicable ; Inapplicable ; Inapplicable ; Inapplicable ; Inapplicable ; Inapplicable ; Inapplicable ; Pass      ; Inapplicable ; Inapplicable ;
; key[83]            ; Inapplicable ; Inapplicable ; Inapplicable ; Inapplicable ; Inapplicable ; Pass      ; Inapplicable ; Inapplicable ; Pass      ; Pass      ; Inapplicable ; Inapplicable ; Inapplicable ; Inapplicable ; Pass         ; Inapplicable ; Inapplicable ; Pass         ; Inapplicable ; Inapplicable ; Inapplicable ; Inapplicable ; Inapplicable ; Inapplicable ; Inapplicable ; Inapplicable ; Inapplicable ; Pass      ; Inapplicable ; Inapplicable ;
; key[115]           ; Inapplicable ; Inapplicable ; Inapplicable ; Inapplicable ; Inapplicable ; Pass      ; Inapplicable ; Inapplicable ; Pass      ; Pass      ; Inapplicable ; Inapplicable ; Inapplicable ; Inapplicable ; Pass         ; Inapplicable ; Inapplicable ; Pass         ; Inapplicable ; Inapplicable ; Inapplicable ; Inapplicable ; Inapplicable ; Inapplicable ; Inapplicable ; Inapplicable ; Inapplicable ; Pass      ; Inapplicable ; Inapplicable ;
; key[19]            ; Inapplicable ; Inapplicable ; Inapplicable ; Inapplicable ; Inapplicable ; Pass      ; Inapplicable ; Inapplicable ; Pass      ; Pass      ; Inapplicable ; Inapplicable ; Inapplicable ; Inapplicable ; Pass         ; Inapplicable ; Inapplicable ; Pass         ; Inapplicable ; Inapplicable ; Inapplicable ; Inapplicable ; Inapplicable ; Inapplicable ; Inapplicable ; Inapplicable ; Inapplicable ; Pass      ; Inapplicable ; Inapplicable ;
; key[52]            ; Inapplicable ; Inapplicable ; Inapplicable ; Inapplicable ; Inapplicable ; Pass      ; Inapplicable ; Inapplicable ; Pass      ; Pass      ; Inapplicable ; Inapplicable ; Inapplicable ; Inapplicable ; Pass         ; Inapplicable ; Inapplicable ; Pass         ; Inapplicable ; Inapplicable ; Inapplicable ; Inapplicable ; Inapplicable ; Inapplicable ; Inapplicable ; Inapplicable ; Inapplicable ; Pass      ; Inapplicable ; Inapplicable ;
; key[84]            ; Inapplicable ; Inapplicable ; Inapplicable ; Inapplicable ; Inapplicable ; Pass      ; Inapplicable ; Inapplicable ; Pass      ; Pass      ; Inapplicable ; Inapplicable ; Inapplicable ; Inapplicable ; Pass         ; Inapplicable ; Inapplicable ; Pass         ; Inapplicable ; Inapplicable ; Inapplicable ; Inapplicable ; Inapplicable ; Inapplicable ; Inapplicable ; Inapplicable ; Inapplicable ; Pass      ; Inapplicable ; Inapplicable ;
; key[116]           ; Inapplicable ; Inapplicable ; Inapplicable ; Inapplicable ; Inapplicable ; Pass      ; Inapplicable ; Inapplicable ; Pass      ; Pass      ; Inapplicable ; Inapplicable ; Inapplicable ; Inapplicable ; Pass         ; Inapplicable ; Inapplicable ; Pass         ; Inapplicable ; Inapplicable ; Inapplicable ; Inapplicable ; Inapplicable ; Inapplicable ; Inapplicable ; Inapplicable ; Inapplicable ; Pass      ; Inapplicable ; Inapplicable ;
; key[20]            ; Inapplicable ; Inapplicable ; Inapplicable ; Inapplicable ; Inapplicable ; Pass      ; Inapplicable ; Inapplicable ; Pass      ; Pass      ; Inapplicable ; Inapplicable ; Inapplicable ; Inapplicable ; Pass         ; Inapplicable ; Inapplicable ; Pass         ; Inapplicable ; Inapplicable ; Inapplicable ; Inapplicable ; Inapplicable ; Inapplicable ; Inapplicable ; Inapplicable ; Inapplicable ; Pass      ; Inapplicable ; Inapplicable ;
; key[85]            ; Inapplicable ; Inapplicable ; Inapplicable ; Inapplicable ; Inapplicable ; Pass      ; Inapplicable ; Inapplicable ; Pass      ; Pass      ; Inapplicable ; Inapplicable ; Inapplicable ; Inapplicable ; Pass         ; Inapplicable ; Inapplicable ; Pass         ; Inapplicable ; Inapplicable ; Inapplicable ; Inapplicable ; Inapplicable ; Inapplicable ; Inapplicable ; Inapplicable ; Inapplicable ; Pass      ; Inapplicable ; Inapplicable ;
; key[53]            ; Inapplicable ; Inapplicable ; Inapplicable ; Inapplicable ; Inapplicable ; Pass      ; Inapplicable ; Inapplicable ; Pass      ; Pass      ; Inapplicable ; Inapplicable ; Inapplicable ; Inapplicable ; Pass         ; Inapplicable ; Inapplicable ; Pass         ; Inapplicable ; Inapplicable ; Inapplicable ; Inapplicable ; Inapplicable ; Inapplicable ; Inapplicable ; Inapplicable ; Inapplicable ; Pass      ; Inapplicable ; Inapplicable ;
; key[117]           ; Inapplicable ; Inapplicable ; Inapplicable ; Inapplicable ; Inapplicable ; Pass      ; Inapplicable ; Inapplicable ; Pass      ; Pass      ; Inapplicable ; Inapplicable ; Inapplicable ; Inapplicable ; Pass         ; Inapplicable ; Inapplicable ; Pass         ; Inapplicable ; Inapplicable ; Inapplicable ; Inapplicable ; Inapplicable ; Inapplicable ; Inapplicable ; Inapplicable ; Inapplicable ; Pass      ; Inapplicable ; Inapplicable ;
; key[21]            ; Inapplicable ; Inapplicable ; Inapplicable ; Inapplicable ; Inapplicable ; Pass      ; Inapplicable ; Inapplicable ; Pass      ; Pass      ; Inapplicable ; Inapplicable ; Inapplicable ; Inapplicable ; Pass         ; Inapplicable ; Inapplicable ; Pass         ; Inapplicable ; Inapplicable ; Inapplicable ; Inapplicable ; Inapplicable ; Inapplicable ; Inapplicable ; Inapplicable ; Inapplicable ; Pass      ; Inapplicable ; Inapplicable ;
; key[54]            ; Inapplicable ; Inapplicable ; Inapplicable ; Inapplicable ; Inapplicable ; Pass      ; Inapplicable ; Inapplicable ; Pass      ; Pass      ; Inapplicable ; Inapplicable ; Inapplicable ; Inapplicable ; Pass         ; Inapplicable ; Inapplicable ; Pass         ; Inapplicable ; Inapplicable ; Inapplicable ; Inapplicable ; Inapplicable ; Inapplicable ; Inapplicable ; Inapplicable ; Inapplicable ; Pass      ; Inapplicable ; Inapplicable ;
; key[86]            ; Inapplicable ; Inapplicable ; Inapplicable ; Inapplicable ; Inapplicable ; Pass      ; Inapplicable ; Inapplicable ; Pass      ; Pass      ; Inapplicable ; Inapplicable ; Inapplicable ; Inapplicable ; Pass         ; Inapplicable ; Inapplicable ; Pass         ; Inapplicable ; Inapplicable ; Inapplicable ; Inapplicable ; Inapplicable ; Inapplicable ; Inapplicable ; Inapplicable ; Inapplicable ; Pass      ; Inapplicable ; Inapplicable ;
; key[118]           ; Inapplicable ; Inapplicable ; Inapplicable ; Inapplicable ; Inapplicable ; Pass      ; Inapplicable ; Inapplicable ; Pass      ; Pass      ; Inapplicable ; Inapplicable ; Inapplicable ; Inapplicable ; Pass         ; Inapplicable ; Inapplicable ; Pass         ; Inapplicable ; Inapplicable ; Inapplicable ; Inapplicable ; Inapplicable ; Inapplicable ; Inapplicable ; Inapplicable ; Inapplicable ; Pass      ; Inapplicable ; Inapplicable ;
; key[22]            ; Inapplicable ; Inapplicable ; Inapplicable ; Inapplicable ; Inapplicable ; Pass      ; Inapplicable ; Inapplicable ; Pass      ; Pass      ; Inapplicable ; Inapplicable ; Inapplicable ; Inapplicable ; Pass         ; Inapplicable ; Inapplicable ; Pass         ; Inapplicable ; Inapplicable ; Inapplicable ; Inapplicable ; Inapplicable ; Inapplicable ; Inapplicable ; Inapplicable ; Inapplicable ; Pass      ; Inapplicable ; Inapplicable ;
; key[87]            ; Inapplicable ; Inapplicable ; Inapplicable ; Inapplicable ; Inapplicable ; Pass      ; Inapplicable ; Inapplicable ; Pass      ; Pass      ; Inapplicable ; Inapplicable ; Inapplicable ; Inapplicable ; Pass         ; Inapplicable ; Inapplicable ; Pass         ; Inapplicable ; Inapplicable ; Inapplicable ; Inapplicable ; Inapplicable ; Inapplicable ; Inapplicable ; Inapplicable ; Inapplicable ; Pass      ; Inapplicable ; Inapplicable ;
; key[55]            ; Inapplicable ; Inapplicable ; Inapplicable ; Inapplicable ; Inapplicable ; Pass      ; Inapplicable ; Inapplicable ; Pass      ; Pass      ; Inapplicable ; Inapplicable ; Inapplicable ; Inapplicable ; Pass         ; Inapplicable ; Inapplicable ; Pass         ; Inapplicable ; Inapplicable ; Inapplicable ; Inapplicable ; Inapplicable ; Inapplicable ; Inapplicable ; Inapplicable ; Inapplicable ; Pass      ; Inapplicable ; Inapplicable ;
; key[119]           ; Inapplicable ; Inapplicable ; Inapplicable ; Inapplicable ; Inapplicable ; Pass      ; Inapplicable ; Inapplicable ; Pass      ; Pass      ; Inapplicable ; Inapplicable ; Inapplicable ; Inapplicable ; Pass         ; Inapplicable ; Inapplicable ; Pass         ; Inapplicable ; Inapplicable ; Inapplicable ; Inapplicable ; Inapplicable ; Inapplicable ; Inapplicable ; Inapplicable ; Inapplicable ; Pass      ; Inapplicable ; Inapplicable ;
; key[23]            ; Inapplicable ; Inapplicable ; Inapplicable ; Inapplicable ; Inapplicable ; Pass      ; Inapplicable ; Inapplicable ; Pass      ; Pass      ; Inapplicable ; Inapplicable ; Inapplicable ; Inapplicable ; Pass         ; Inapplicable ; Inapplicable ; Pass         ; Inapplicable ; Inapplicable ; Inapplicable ; Inapplicable ; Inapplicable ; Inapplicable ; Inapplicable ; Inapplicable ; Inapplicable ; Pass      ; Inapplicable ; Inapplicable ;
; key[88]            ; Inapplicable ; Inapplicable ; Inapplicable ; Inapplicable ; Inapplicable ; Pass      ; Inapplicable ; Inapplicable ; Pass      ; Pass      ; Inapplicable ; Inapplicable ; Inapplicable ; Inapplicable ; Pass         ; Inapplicable ; Inapplicable ; Pass         ; Inapplicable ; Inapplicable ; Inapplicable ; Inapplicable ; Inapplicable ; Inapplicable ; Inapplicable ; Inapplicable ; Inapplicable ; Pass      ; Inapplicable ; Inapplicable ;
; key[56]            ; Inapplicable ; Inapplicable ; Inapplicable ; Inapplicable ; Inapplicable ; Pass      ; Inapplicable ; Inapplicable ; Pass      ; Pass      ; Inapplicable ; Inapplicable ; Inapplicable ; Inapplicable ; Pass         ; Inapplicable ; Inapplicable ; Pass         ; Inapplicable ; Inapplicable ; Inapplicable ; Inapplicable ; Inapplicable ; Inapplicable ; Inapplicable ; Inapplicable ; Inapplicable ; Pass      ; Inapplicable ; Inapplicable ;
; key[120]           ; Inapplicable ; Inapplicable ; Inapplicable ; Inapplicable ; Inapplicable ; Pass      ; Inapplicable ; Inapplicable ; Pass      ; Pass      ; Inapplicable ; Inapplicable ; Inapplicable ; Inapplicable ; Pass         ; Inapplicable ; Inapplicable ; Pass         ; Inapplicable ; Inapplicable ; Inapplicable ; Inapplicable ; Inapplicable ; Inapplicable ; Inapplicable ; Inapplicable ; Inapplicable ; Pass      ; Inapplicable ; Inapplicable ;
; key[24]            ; Inapplicable ; Inapplicable ; Inapplicable ; Inapplicable ; Inapplicable ; Pass      ; Inapplicable ; Inapplicable ; Pass      ; Pass      ; Inapplicable ; Inapplicable ; Inapplicable ; Inapplicable ; Pass         ; Inapplicable ; Inapplicable ; Pass         ; Inapplicable ; Inapplicable ; Inapplicable ; Inapplicable ; Inapplicable ; Inapplicable ; Inapplicable ; Inapplicable ; Inapplicable ; Pass      ; Inapplicable ; Inapplicable ;
; key[57]            ; Inapplicable ; Inapplicable ; Inapplicable ; Inapplicable ; Inapplicable ; Pass      ; Inapplicable ; Inapplicable ; Pass      ; Pass      ; Inapplicable ; Inapplicable ; Inapplicable ; Inapplicable ; Pass         ; Inapplicable ; Inapplicable ; Pass         ; Inapplicable ; Inapplicable ; Inapplicable ; Inapplicable ; Inapplicable ; Inapplicable ; Inapplicable ; Inapplicable ; Inapplicable ; Pass      ; Inapplicable ; Inapplicable ;
; key[89]            ; Inapplicable ; Inapplicable ; Inapplicable ; Inapplicable ; Inapplicable ; Pass      ; Inapplicable ; Inapplicable ; Pass      ; Pass      ; Inapplicable ; Inapplicable ; Inapplicable ; Inapplicable ; Pass         ; Inapplicable ; Inapplicable ; Pass         ; Inapplicable ; Inapplicable ; Inapplicable ; Inapplicable ; Inapplicable ; Inapplicable ; Inapplicable ; Inapplicable ; Inapplicable ; Pass      ; Inapplicable ; Inapplicable ;
; key[121]           ; Inapplicable ; Inapplicable ; Inapplicable ; Inapplicable ; Inapplicable ; Pass      ; Inapplicable ; Inapplicable ; Pass      ; Pass      ; Inapplicable ; Inapplicable ; Inapplicable ; Inapplicable ; Pass         ; Inapplicable ; Inapplicable ; Pass         ; Inapplicable ; Inapplicable ; Inapplicable ; Inapplicable ; Inapplicable ; Inapplicable ; Inapplicable ; Inapplicable ; Inapplicable ; Pass      ; Inapplicable ; Inapplicable ;
; key[25]            ; Inapplicable ; Inapplicable ; Inapplicable ; Inapplicable ; Inapplicable ; Pass      ; Inapplicable ; Inapplicable ; Pass      ; Pass      ; Inapplicable ; Inapplicable ; Inapplicable ; Inapplicable ; Pass         ; Inapplicable ; Inapplicable ; Pass         ; Inapplicable ; Inapplicable ; Inapplicable ; Inapplicable ; Inapplicable ; Inapplicable ; Inapplicable ; Inapplicable ; Inapplicable ; Pass      ; Inapplicable ; Inapplicable ;
; key[90]            ; Inapplicable ; Inapplicable ; Inapplicable ; Inapplicable ; Inapplicable ; Pass      ; Inapplicable ; Inapplicable ; Pass      ; Pass      ; Inapplicable ; Inapplicable ; Inapplicable ; Inapplicable ; Pass         ; Inapplicable ; Inapplicable ; Pass         ; Inapplicable ; Inapplicable ; Inapplicable ; Inapplicable ; Inapplicable ; Inapplicable ; Inapplicable ; Inapplicable ; Inapplicable ; Pass      ; Inapplicable ; Inapplicable ;
; key[58]            ; Inapplicable ; Inapplicable ; Inapplicable ; Inapplicable ; Inapplicable ; Pass      ; Inapplicable ; Inapplicable ; Pass      ; Pass      ; Inapplicable ; Inapplicable ; Inapplicable ; Inapplicable ; Pass         ; Inapplicable ; Inapplicable ; Pass         ; Inapplicable ; Inapplicable ; Inapplicable ; Inapplicable ; Inapplicable ; Inapplicable ; Inapplicable ; Inapplicable ; Inapplicable ; Pass      ; Inapplicable ; Inapplicable ;
; key[122]           ; Inapplicable ; Inapplicable ; Inapplicable ; Inapplicable ; Inapplicable ; Pass      ; Inapplicable ; Inapplicable ; Pass      ; Pass      ; Inapplicable ; Inapplicable ; Inapplicable ; Inapplicable ; Pass         ; Inapplicable ; Inapplicable ; Pass         ; Inapplicable ; Inapplicable ; Inapplicable ; Inapplicable ; Inapplicable ; Inapplicable ; Inapplicable ; Inapplicable ; Inapplicable ; Pass      ; Inapplicable ; Inapplicable ;
; key[26]            ; Inapplicable ; Inapplicable ; Inapplicable ; Inapplicable ; Inapplicable ; Pass      ; Inapplicable ; Inapplicable ; Pass      ; Pass      ; Inapplicable ; Inapplicable ; Inapplicable ; Inapplicable ; Pass         ; Inapplicable ; Inapplicable ; Pass         ; Inapplicable ; Inapplicable ; Inapplicable ; Inapplicable ; Inapplicable ; Inapplicable ; Inapplicable ; Inapplicable ; Inapplicable ; Pass      ; Inapplicable ; Inapplicable ;
; key[59]            ; Inapplicable ; Inapplicable ; Inapplicable ; Inapplicable ; Inapplicable ; Pass      ; Inapplicable ; Inapplicable ; Pass      ; Pass      ; Inapplicable ; Inapplicable ; Inapplicable ; Inapplicable ; Pass         ; Inapplicable ; Inapplicable ; Pass         ; Inapplicable ; Inapplicable ; Inapplicable ; Inapplicable ; Inapplicable ; Inapplicable ; Inapplicable ; Inapplicable ; Inapplicable ; Pass      ; Inapplicable ; Inapplicable ;
; key[91]            ; Inapplicable ; Inapplicable ; Inapplicable ; Inapplicable ; Inapplicable ; Pass      ; Inapplicable ; Inapplicable ; Pass      ; Pass      ; Inapplicable ; Inapplicable ; Inapplicable ; Inapplicable ; Pass         ; Inapplicable ; Inapplicable ; Pass         ; Inapplicable ; Inapplicable ; Inapplicable ; Inapplicable ; Inapplicable ; Inapplicable ; Inapplicable ; Inapplicable ; Inapplicable ; Pass      ; Inapplicable ; Inapplicable ;
; key[123]           ; Inapplicable ; Inapplicable ; Inapplicable ; Inapplicable ; Inapplicable ; Pass      ; Inapplicable ; Inapplicable ; Pass      ; Pass      ; Inapplicable ; Inapplicable ; Inapplicable ; Inapplicable ; Pass         ; Inapplicable ; Inapplicable ; Pass         ; Inapplicable ; Inapplicable ; Inapplicable ; Inapplicable ; Inapplicable ; Inapplicable ; Inapplicable ; Inapplicable ; Inapplicable ; Pass      ; Inapplicable ; Inapplicable ;
; key[27]            ; Inapplicable ; Inapplicable ; Inapplicable ; Inapplicable ; Inapplicable ; Pass      ; Inapplicable ; Inapplicable ; Pass      ; Pass      ; Inapplicable ; Inapplicable ; Inapplicable ; Inapplicable ; Pass         ; Inapplicable ; Inapplicable ; Pass         ; Inapplicable ; Inapplicable ; Inapplicable ; Inapplicable ; Inapplicable ; Inapplicable ; Inapplicable ; Inapplicable ; Inapplicable ; Pass      ; Inapplicable ; Inapplicable ;
; key[92]            ; Inapplicable ; Inapplicable ; Inapplicable ; Inapplicable ; Inapplicable ; Pass      ; Inapplicable ; Inapplicable ; Pass      ; Pass      ; Inapplicable ; Inapplicable ; Inapplicable ; Inapplicable ; Pass         ; Inapplicable ; Inapplicable ; Pass         ; Inapplicable ; Inapplicable ; Inapplicable ; Inapplicable ; Inapplicable ; Inapplicable ; Inapplicable ; Inapplicable ; Inapplicable ; Pass      ; Inapplicable ; Inapplicable ;
; key[60]            ; Inapplicable ; Inapplicable ; Inapplicable ; Inapplicable ; Inapplicable ; Pass      ; Inapplicable ; Inapplicable ; Pass      ; Pass      ; Inapplicable ; Inapplicable ; Inapplicable ; Inapplicable ; Pass         ; Inapplicable ; Inapplicable ; Pass         ; Inapplicable ; Inapplicable ; Inapplicable ; Inapplicable ; Inapplicable ; Inapplicable ; Inapplicable ; Inapplicable ; Inapplicable ; Pass      ; Inapplicable ; Inapplicable ;
; key[124]           ; Inapplicable ; Inapplicable ; Inapplicable ; Inapplicable ; Inapplicable ; Pass      ; Inapplicable ; Inapplicable ; Pass      ; Pass      ; Inapplicable ; Inapplicable ; Inapplicable ; Inapplicable ; Pass         ; Inapplicable ; Inapplicable ; Pass         ; Inapplicable ; Inapplicable ; Inapplicable ; Inapplicable ; Inapplicable ; Inapplicable ; Inapplicable ; Inapplicable ; Inapplicable ; Pass      ; Inapplicable ; Inapplicable ;
; key[28]            ; Inapplicable ; Inapplicable ; Inapplicable ; Inapplicable ; Inapplicable ; Pass      ; Inapplicable ; Inapplicable ; Pass      ; Pass      ; Inapplicable ; Inapplicable ; Inapplicable ; Inapplicable ; Pass         ; Inapplicable ; Inapplicable ; Pass         ; Inapplicable ; Inapplicable ; Inapplicable ; Inapplicable ; Inapplicable ; Inapplicable ; Inapplicable ; Inapplicable ; Inapplicable ; Pass      ; Inapplicable ; Inapplicable ;
; key[61]            ; Inapplicable ; Inapplicable ; Inapplicable ; Inapplicable ; Inapplicable ; Pass      ; Inapplicable ; Inapplicable ; Pass      ; Pass      ; Inapplicable ; Inapplicable ; Inapplicable ; Inapplicable ; Pass         ; Inapplicable ; Inapplicable ; Pass         ; Inapplicable ; Inapplicable ; Inapplicable ; Inapplicable ; Inapplicable ; Inapplicable ; Inapplicable ; Inapplicable ; Inapplicable ; Pass      ; Inapplicable ; Inapplicable ;
; key[93]            ; Inapplicable ; Inapplicable ; Inapplicable ; Inapplicable ; Inapplicable ; Pass      ; Inapplicable ; Inapplicable ; Pass      ; Pass      ; Inapplicable ; Inapplicable ; Inapplicable ; Inapplicable ; Pass         ; Inapplicable ; Inapplicable ; Pass         ; Inapplicable ; Inapplicable ; Inapplicable ; Inapplicable ; Inapplicable ; Inapplicable ; Inapplicable ; Inapplicable ; Inapplicable ; Pass      ; Inapplicable ; Inapplicable ;
; key[125]           ; Inapplicable ; Inapplicable ; Inapplicable ; Inapplicable ; Inapplicable ; Pass      ; Inapplicable ; Inapplicable ; Pass      ; Pass      ; Inapplicable ; Inapplicable ; Inapplicable ; Inapplicable ; Pass         ; Inapplicable ; Inapplicable ; Pass         ; Inapplicable ; Inapplicable ; Inapplicable ; Inapplicable ; Inapplicable ; Inapplicable ; Inapplicable ; Inapplicable ; Inapplicable ; Pass      ; Inapplicable ; Inapplicable ;
; key[29]            ; Inapplicable ; Inapplicable ; Inapplicable ; Inapplicable ; Inapplicable ; Pass      ; Inapplicable ; Inapplicable ; Pass      ; Pass      ; Inapplicable ; Inapplicable ; Inapplicable ; Inapplicable ; Pass         ; Inapplicable ; Inapplicable ; Pass         ; Inapplicable ; Inapplicable ; Inapplicable ; Inapplicable ; Inapplicable ; Inapplicable ; Inapplicable ; Inapplicable ; Inapplicable ; Pass      ; Inapplicable ; Inapplicable ;
; key[62]            ; Inapplicable ; Inapplicable ; Inapplicable ; Inapplicable ; Inapplicable ; Pass      ; Inapplicable ; Inapplicable ; Pass      ; Pass      ; Inapplicable ; Inapplicable ; Inapplicable ; Inapplicable ; Pass         ; Inapplicable ; Inapplicable ; Pass         ; Inapplicable ; Inapplicable ; Inapplicable ; Inapplicable ; Inapplicable ; Inapplicable ; Inapplicable ; Inapplicable ; Inapplicable ; Pass      ; Inapplicable ; Inapplicable ;
; key[94]            ; Inapplicable ; Inapplicable ; Inapplicable ; Inapplicable ; Inapplicable ; Pass      ; Inapplicable ; Inapplicable ; Pass      ; Pass      ; Inapplicable ; Inapplicable ; Inapplicable ; Inapplicable ; Pass         ; Inapplicable ; Inapplicable ; Pass         ; Inapplicable ; Inapplicable ; Inapplicable ; Inapplicable ; Inapplicable ; Inapplicable ; Inapplicable ; Inapplicable ; Inapplicable ; Pass      ; Inapplicable ; Inapplicable ;
; key[126]           ; Inapplicable ; Inapplicable ; Inapplicable ; Inapplicable ; Inapplicable ; Pass      ; Inapplicable ; Inapplicable ; Pass      ; Pass      ; Inapplicable ; Inapplicable ; Inapplicable ; Inapplicable ; Pass         ; Inapplicable ; Inapplicable ; Pass         ; Inapplicable ; Inapplicable ; Inapplicable ; Inapplicable ; Inapplicable ; Inapplicable ; Inapplicable ; Inapplicable ; Inapplicable ; Pass      ; Inapplicable ; Inapplicable ;
; key[30]            ; Inapplicable ; Inapplicable ; Inapplicable ; Inapplicable ; Inapplicable ; Pass      ; Inapplicable ; Inapplicable ; Pass      ; Pass      ; Inapplicable ; Inapplicable ; Inapplicable ; Inapplicable ; Pass         ; Inapplicable ; Inapplicable ; Pass         ; Inapplicable ; Inapplicable ; Inapplicable ; Inapplicable ; Inapplicable ; Inapplicable ; Inapplicable ; Inapplicable ; Inapplicable ; Pass      ; Inapplicable ; Inapplicable ;
; key[95]            ; Inapplicable ; Inapplicable ; Inapplicable ; Inapplicable ; Inapplicable ; Pass      ; Inapplicable ; Inapplicable ; Pass      ; Pass      ; Inapplicable ; Inapplicable ; Inapplicable ; Inapplicable ; Pass         ; Inapplicable ; Inapplicable ; Pass         ; Inapplicable ; Inapplicable ; Inapplicable ; Inapplicable ; Inapplicable ; Inapplicable ; Inapplicable ; Inapplicable ; Inapplicable ; Pass      ; Inapplicable ; Inapplicable ;
; key[63]            ; Inapplicable ; Inapplicable ; Inapplicable ; Inapplicable ; Inapplicable ; Pass      ; Inapplicable ; Inapplicable ; Pass      ; Pass      ; Inapplicable ; Inapplicable ; Inapplicable ; Inapplicable ; Pass         ; Inapplicable ; Inapplicable ; Pass         ; Inapplicable ; Inapplicable ; Inapplicable ; Inapplicable ; Inapplicable ; Inapplicable ; Inapplicable ; Inapplicable ; Inapplicable ; Pass      ; Inapplicable ; Inapplicable ;
; key[127]           ; Inapplicable ; Inapplicable ; Inapplicable ; Inapplicable ; Inapplicable ; Pass      ; Inapplicable ; Inapplicable ; Pass      ; Pass      ; Inapplicable ; Inapplicable ; Inapplicable ; Inapplicable ; Pass         ; Inapplicable ; Inapplicable ; Pass         ; Inapplicable ; Inapplicable ; Inapplicable ; Inapplicable ; Inapplicable ; Inapplicable ; Inapplicable ; Inapplicable ; Inapplicable ; Pass      ; Inapplicable ; Inapplicable ;
; key[31]            ; Inapplicable ; Inapplicable ; Inapplicable ; Inapplicable ; Inapplicable ; Pass      ; Inapplicable ; Inapplicable ; Pass      ; Pass      ; Inapplicable ; Inapplicable ; Inapplicable ; Inapplicable ; Pass         ; Inapplicable ; Inapplicable ; Pass         ; Inapplicable ; Inapplicable ; Inapplicable ; Inapplicable ; Inapplicable ; Inapplicable ; Inapplicable ; Inapplicable ; Inapplicable ; Pass      ; Inapplicable ; Inapplicable ;
; block_in[0]        ; Inapplicable ; Inapplicable ; Inapplicable ; Inapplicable ; Inapplicable ; Pass      ; Inapplicable ; Inapplicable ; Pass      ; Pass      ; Inapplicable ; Inapplicable ; Inapplicable ; Inapplicable ; Pass         ; Inapplicable ; Inapplicable ; Pass         ; Inapplicable ; Inapplicable ; Inapplicable ; Inapplicable ; Inapplicable ; Inapplicable ; Inapplicable ; Inapplicable ; Inapplicable ; Pass      ; Inapplicable ; Inapplicable ;
; start              ; Inapplicable ; Inapplicable ; Inapplicable ; Inapplicable ; Inapplicable ; Pass      ; Inapplicable ; Inapplicable ; Pass      ; Pass      ; Inapplicable ; Inapplicable ; Inapplicable ; Inapplicable ; Pass         ; Inapplicable ; Inapplicable ; Pass         ; Inapplicable ; Inapplicable ; Inapplicable ; Inapplicable ; Inapplicable ; Inapplicable ; Inapplicable ; Inapplicable ; Inapplicable ; Pass      ; Inapplicable ; Inapplicable ;
; block_in[37]       ; Inapplicable ; Inapplicable ; Inapplicable ; Inapplicable ; Inapplicable ; Pass      ; Inapplicable ; Inapplicable ; Pass      ; Pass      ; Inapplicable ; Inapplicable ; Inapplicable ; Inapplicable ; Pass         ; Inapplicable ; Inapplicable ; Pass         ; Inapplicable ; Inapplicable ; Inapplicable ; Inapplicable ; Inapplicable ; Inapplicable ; Inapplicable ; Inapplicable ; Inapplicable ; Pass      ; Inapplicable ; Inapplicable ;
; block_in[5]        ; Inapplicable ; Inapplicable ; Inapplicable ; Inapplicable ; Inapplicable ; Pass      ; Inapplicable ; Inapplicable ; Pass      ; Pass      ; Inapplicable ; Inapplicable ; Inapplicable ; Inapplicable ; Pass         ; Inapplicable ; Inapplicable ; Pass         ; Inapplicable ; Inapplicable ; Inapplicable ; Inapplicable ; Inapplicable ; Inapplicable ; Inapplicable ; Inapplicable ; Inapplicable ; Pass      ; Inapplicable ; Inapplicable ;
; block_in[10]       ; Inapplicable ; Inapplicable ; Inapplicable ; Inapplicable ; Inapplicable ; Pass      ; Inapplicable ; Inapplicable ; Pass      ; Pass      ; Inapplicable ; Inapplicable ; Inapplicable ; Inapplicable ; Pass         ; Inapplicable ; Inapplicable ; Pass         ; Inapplicable ; Inapplicable ; Inapplicable ; Inapplicable ; Inapplicable ; Inapplicable ; Inapplicable ; Inapplicable ; Inapplicable ; Pass      ; Inapplicable ; Inapplicable ;
; block_in[1]        ; Inapplicable ; Inapplicable ; Inapplicable ; Inapplicable ; Inapplicable ; Pass      ; Inapplicable ; Inapplicable ; Pass      ; Pass      ; Inapplicable ; Inapplicable ; Inapplicable ; Inapplicable ; Pass         ; Inapplicable ; Inapplicable ; Pass         ; Inapplicable ; Inapplicable ; Inapplicable ; Inapplicable ; Inapplicable ; Inapplicable ; Inapplicable ; Inapplicable ; Inapplicable ; Pass      ; Inapplicable ; Inapplicable ;
; block_in[4]        ; Inapplicable ; Inapplicable ; Inapplicable ; Inapplicable ; Inapplicable ; Pass      ; Inapplicable ; Inapplicable ; Pass      ; Pass      ; Inapplicable ; Inapplicable ; Inapplicable ; Inapplicable ; Pass         ; Inapplicable ; Inapplicable ; Pass         ; Inapplicable ; Inapplicable ; Inapplicable ; Inapplicable ; Inapplicable ; Inapplicable ; Inapplicable ; Inapplicable ; Inapplicable ; Pass      ; Inapplicable ; Inapplicable ;
; block_in[9]        ; Inapplicable ; Inapplicable ; Inapplicable ; Inapplicable ; Inapplicable ; Pass      ; Inapplicable ; Inapplicable ; Pass      ; Pass      ; Inapplicable ; Inapplicable ; Inapplicable ; Inapplicable ; Pass         ; Inapplicable ; Inapplicable ; Pass         ; Inapplicable ; Inapplicable ; Inapplicable ; Inapplicable ; Inapplicable ; Inapplicable ; Inapplicable ; Inapplicable ; Inapplicable ; Pass      ; Inapplicable ; Inapplicable ;
; block_in[3]        ; Inapplicable ; Inapplicable ; Inapplicable ; Inapplicable ; Inapplicable ; Pass      ; Inapplicable ; Inapplicable ; Pass      ; Pass      ; Inapplicable ; Inapplicable ; Inapplicable ; Inapplicable ; Pass         ; Inapplicable ; Inapplicable ; Pass         ; Inapplicable ; Inapplicable ; Inapplicable ; Inapplicable ; Inapplicable ; Inapplicable ; Inapplicable ; Inapplicable ; Inapplicable ; Pass      ; Inapplicable ; Inapplicable ;
; block_in[8]        ; Inapplicable ; Inapplicable ; Inapplicable ; Inapplicable ; Inapplicable ; Pass      ; Inapplicable ; Inapplicable ; Pass      ; Pass      ; Inapplicable ; Inapplicable ; Inapplicable ; Inapplicable ; Pass         ; Inapplicable ; Inapplicable ; Pass         ; Inapplicable ; Inapplicable ; Inapplicable ; Inapplicable ; Inapplicable ; Inapplicable ; Inapplicable ; Inapplicable ; Inapplicable ; Pass      ; Inapplicable ; Inapplicable ;
; block_in[2]        ; Inapplicable ; Inapplicable ; Inapplicable ; Inapplicable ; Inapplicable ; Pass      ; Inapplicable ; Inapplicable ; Pass      ; Pass      ; Inapplicable ; Inapplicable ; Inapplicable ; Inapplicable ; Pass         ; Inapplicable ; Inapplicable ; Pass         ; Inapplicable ; Inapplicable ; Inapplicable ; Inapplicable ; Inapplicable ; Inapplicable ; Inapplicable ; Inapplicable ; Inapplicable ; Pass      ; Inapplicable ; Inapplicable ;
; block_in[7]        ; Inapplicable ; Inapplicable ; Inapplicable ; Inapplicable ; Inapplicable ; Pass      ; Inapplicable ; Inapplicable ; Pass      ; Pass      ; Inapplicable ; Inapplicable ; Inapplicable ; Inapplicable ; Pass         ; Inapplicable ; Inapplicable ; Pass         ; Inapplicable ; Inapplicable ; Inapplicable ; Inapplicable ; Inapplicable ; Inapplicable ; Inapplicable ; Inapplicable ; Inapplicable ; Pass      ; Inapplicable ; Inapplicable ;
; block_in[6]        ; Inapplicable ; Inapplicable ; Inapplicable ; Inapplicable ; Inapplicable ; Pass      ; Inapplicable ; Inapplicable ; Pass      ; Pass      ; Inapplicable ; Inapplicable ; Inapplicable ; Inapplicable ; Pass         ; Inapplicable ; Inapplicable ; Pass         ; Inapplicable ; Inapplicable ; Inapplicable ; Inapplicable ; Inapplicable ; Inapplicable ; Inapplicable ; Inapplicable ; Inapplicable ; Pass      ; Inapplicable ; Inapplicable ;
; block_in[36]       ; Inapplicable ; Inapplicable ; Inapplicable ; Inapplicable ; Inapplicable ; Pass      ; Inapplicable ; Inapplicable ; Pass      ; Pass      ; Inapplicable ; Inapplicable ; Inapplicable ; Inapplicable ; Pass         ; Inapplicable ; Inapplicable ; Pass         ; Inapplicable ; Inapplicable ; Inapplicable ; Inapplicable ; Inapplicable ; Inapplicable ; Inapplicable ; Inapplicable ; Inapplicable ; Pass      ; Inapplicable ; Inapplicable ;
; block_in[35]       ; Inapplicable ; Inapplicable ; Inapplicable ; Inapplicable ; Inapplicable ; Pass      ; Inapplicable ; Inapplicable ; Pass      ; Pass      ; Inapplicable ; Inapplicable ; Inapplicable ; Inapplicable ; Pass         ; Inapplicable ; Inapplicable ; Pass         ; Inapplicable ; Inapplicable ; Inapplicable ; Inapplicable ; Inapplicable ; Inapplicable ; Inapplicable ; Inapplicable ; Inapplicable ; Pass      ; Inapplicable ; Inapplicable ;
; block_in[34]       ; Inapplicable ; Inapplicable ; Inapplicable ; Inapplicable ; Inapplicable ; Pass      ; Inapplicable ; Inapplicable ; Pass      ; Pass      ; Inapplicable ; Inapplicable ; Inapplicable ; Inapplicable ; Pass         ; Inapplicable ; Inapplicable ; Pass         ; Inapplicable ; Inapplicable ; Inapplicable ; Inapplicable ; Inapplicable ; Inapplicable ; Inapplicable ; Inapplicable ; Inapplicable ; Pass      ; Inapplicable ; Inapplicable ;
; block_in[33]       ; Inapplicable ; Inapplicable ; Inapplicable ; Inapplicable ; Inapplicable ; Pass      ; Inapplicable ; Inapplicable ; Pass      ; Pass      ; Inapplicable ; Inapplicable ; Inapplicable ; Inapplicable ; Pass         ; Inapplicable ; Inapplicable ; Pass         ; Inapplicable ; Inapplicable ; Inapplicable ; Inapplicable ; Inapplicable ; Inapplicable ; Inapplicable ; Inapplicable ; Inapplicable ; Pass      ; Inapplicable ; Inapplicable ;
; block_in[32]       ; Inapplicable ; Inapplicable ; Inapplicable ; Inapplicable ; Inapplicable ; Pass      ; Inapplicable ; Inapplicable ; Pass      ; Pass      ; Inapplicable ; Inapplicable ; Inapplicable ; Inapplicable ; Pass         ; Inapplicable ; Inapplicable ; Pass         ; Inapplicable ; Inapplicable ; Inapplicable ; Inapplicable ; Inapplicable ; Inapplicable ; Inapplicable ; Inapplicable ; Inapplicable ; Pass      ; Inapplicable ; Inapplicable ;
; block_in[38]       ; Inapplicable ; Inapplicable ; Inapplicable ; Inapplicable ; Inapplicable ; Pass      ; Inapplicable ; Inapplicable ; Pass      ; Pass      ; Inapplicable ; Inapplicable ; Inapplicable ; Inapplicable ; Pass         ; Inapplicable ; Inapplicable ; Pass         ; Inapplicable ; Inapplicable ; Inapplicable ; Inapplicable ; Inapplicable ; Inapplicable ; Inapplicable ; Inapplicable ; Inapplicable ; Pass      ; Inapplicable ; Inapplicable ;
; block_in[11]       ; Inapplicable ; Inapplicable ; Inapplicable ; Inapplicable ; Inapplicable ; Pass      ; Inapplicable ; Inapplicable ; Pass      ; Pass      ; Inapplicable ; Inapplicable ; Inapplicable ; Inapplicable ; Pass         ; Inapplicable ; Inapplicable ; Pass         ; Inapplicable ; Inapplicable ; Inapplicable ; Inapplicable ; Inapplicable ; Inapplicable ; Inapplicable ; Inapplicable ; Inapplicable ; Pass      ; Inapplicable ; Inapplicable ;
; block_in[39]       ; Inapplicable ; Inapplicable ; Inapplicable ; Inapplicable ; Inapplicable ; Pass      ; Inapplicable ; Inapplicable ; Pass      ; Pass      ; Inapplicable ; Inapplicable ; Inapplicable ; Inapplicable ; Pass         ; Inapplicable ; Inapplicable ; Pass         ; Inapplicable ; Inapplicable ; Inapplicable ; Inapplicable ; Inapplicable ; Inapplicable ; Inapplicable ; Inapplicable ; Inapplicable ; Pass      ; Inapplicable ; Inapplicable ;
; block_in[12]       ; Inapplicable ; Inapplicable ; Inapplicable ; Inapplicable ; Inapplicable ; Pass      ; Inapplicable ; Inapplicable ; Pass      ; Pass      ; Inapplicable ; Inapplicable ; Inapplicable ; Inapplicable ; Pass         ; Inapplicable ; Inapplicable ; Pass         ; Inapplicable ; Inapplicable ; Inapplicable ; Inapplicable ; Inapplicable ; Inapplicable ; Inapplicable ; Inapplicable ; Inapplicable ; Pass      ; Inapplicable ; Inapplicable ;
; block_in[40]       ; Inapplicable ; Inapplicable ; Inapplicable ; Inapplicable ; Inapplicable ; Pass      ; Inapplicable ; Inapplicable ; Pass      ; Pass      ; Inapplicable ; Inapplicable ; Inapplicable ; Inapplicable ; Pass         ; Inapplicable ; Inapplicable ; Pass         ; Inapplicable ; Inapplicable ; Inapplicable ; Inapplicable ; Inapplicable ; Inapplicable ; Inapplicable ; Inapplicable ; Inapplicable ; Pass      ; Inapplicable ; Inapplicable ;
; block_in[13]       ; Inapplicable ; Inapplicable ; Inapplicable ; Inapplicable ; Inapplicable ; Pass      ; Inapplicable ; Inapplicable ; Pass      ; Pass      ; Inapplicable ; Inapplicable ; Inapplicable ; Inapplicable ; Pass         ; Inapplicable ; Inapplicable ; Pass         ; Inapplicable ; Inapplicable ; Inapplicable ; Inapplicable ; Inapplicable ; Inapplicable ; Inapplicable ; Inapplicable ; Inapplicable ; Pass      ; Inapplicable ; Inapplicable ;
; block_in[41]       ; Inapplicable ; Inapplicable ; Inapplicable ; Inapplicable ; Inapplicable ; Pass      ; Inapplicable ; Inapplicable ; Pass      ; Pass      ; Inapplicable ; Inapplicable ; Inapplicable ; Inapplicable ; Pass         ; Inapplicable ; Inapplicable ; Pass         ; Inapplicable ; Inapplicable ; Inapplicable ; Inapplicable ; Inapplicable ; Inapplicable ; Inapplicable ; Inapplicable ; Inapplicable ; Pass      ; Inapplicable ; Inapplicable ;
; block_in[14]       ; Inapplicable ; Inapplicable ; Inapplicable ; Inapplicable ; Inapplicable ; Pass      ; Inapplicable ; Inapplicable ; Pass      ; Pass      ; Inapplicable ; Inapplicable ; Inapplicable ; Inapplicable ; Pass         ; Inapplicable ; Inapplicable ; Pass         ; Inapplicable ; Inapplicable ; Inapplicable ; Inapplicable ; Inapplicable ; Inapplicable ; Inapplicable ; Inapplicable ; Inapplicable ; Pass      ; Inapplicable ; Inapplicable ;
; block_in[42]       ; Inapplicable ; Inapplicable ; Inapplicable ; Inapplicable ; Inapplicable ; Pass      ; Inapplicable ; Inapplicable ; Pass      ; Pass      ; Inapplicable ; Inapplicable ; Inapplicable ; Inapplicable ; Pass         ; Inapplicable ; Inapplicable ; Pass         ; Inapplicable ; Inapplicable ; Inapplicable ; Inapplicable ; Inapplicable ; Inapplicable ; Inapplicable ; Inapplicable ; Inapplicable ; Pass      ; Inapplicable ; Inapplicable ;
; block_in[15]       ; Inapplicable ; Inapplicable ; Inapplicable ; Inapplicable ; Inapplicable ; Pass      ; Inapplicable ; Inapplicable ; Pass      ; Pass      ; Inapplicable ; Inapplicable ; Inapplicable ; Inapplicable ; Pass         ; Inapplicable ; Inapplicable ; Pass         ; Inapplicable ; Inapplicable ; Inapplicable ; Inapplicable ; Inapplicable ; Inapplicable ; Inapplicable ; Inapplicable ; Inapplicable ; Pass      ; Inapplicable ; Inapplicable ;
; block_in[43]       ; Inapplicable ; Inapplicable ; Inapplicable ; Inapplicable ; Inapplicable ; Pass      ; Inapplicable ; Inapplicable ; Pass      ; Pass      ; Inapplicable ; Inapplicable ; Inapplicable ; Inapplicable ; Pass         ; Inapplicable ; Inapplicable ; Pass         ; Inapplicable ; Inapplicable ; Inapplicable ; Inapplicable ; Inapplicable ; Inapplicable ; Inapplicable ; Inapplicable ; Inapplicable ; Pass      ; Inapplicable ; Inapplicable ;
; block_in[16]       ; Inapplicable ; Inapplicable ; Inapplicable ; Inapplicable ; Inapplicable ; Pass      ; Inapplicable ; Inapplicable ; Pass      ; Pass      ; Inapplicable ; Inapplicable ; Inapplicable ; Inapplicable ; Pass         ; Inapplicable ; Inapplicable ; Pass         ; Inapplicable ; Inapplicable ; Inapplicable ; Inapplicable ; Inapplicable ; Inapplicable ; Inapplicable ; Inapplicable ; Inapplicable ; Pass      ; Inapplicable ; Inapplicable ;
; block_in[44]       ; Inapplicable ; Inapplicable ; Inapplicable ; Inapplicable ; Inapplicable ; Pass      ; Inapplicable ; Inapplicable ; Pass      ; Pass      ; Inapplicable ; Inapplicable ; Inapplicable ; Inapplicable ; Pass         ; Inapplicable ; Inapplicable ; Pass         ; Inapplicable ; Inapplicable ; Inapplicable ; Inapplicable ; Inapplicable ; Inapplicable ; Inapplicable ; Inapplicable ; Inapplicable ; Pass      ; Inapplicable ; Inapplicable ;
; block_in[17]       ; Inapplicable ; Inapplicable ; Inapplicable ; Inapplicable ; Inapplicable ; Pass      ; Inapplicable ; Inapplicable ; Pass      ; Pass      ; Inapplicable ; Inapplicable ; Inapplicable ; Inapplicable ; Pass         ; Inapplicable ; Inapplicable ; Pass         ; Inapplicable ; Inapplicable ; Inapplicable ; Inapplicable ; Inapplicable ; Inapplicable ; Inapplicable ; Inapplicable ; Inapplicable ; Pass      ; Inapplicable ; Inapplicable ;
; block_in[45]       ; Inapplicable ; Inapplicable ; Inapplicable ; Inapplicable ; Inapplicable ; Pass      ; Inapplicable ; Inapplicable ; Pass      ; Pass      ; Inapplicable ; Inapplicable ; Inapplicable ; Inapplicable ; Pass         ; Inapplicable ; Inapplicable ; Pass         ; Inapplicable ; Inapplicable ; Inapplicable ; Inapplicable ; Inapplicable ; Inapplicable ; Inapplicable ; Inapplicable ; Inapplicable ; Pass      ; Inapplicable ; Inapplicable ;
; block_in[18]       ; Inapplicable ; Inapplicable ; Inapplicable ; Inapplicable ; Inapplicable ; Pass      ; Inapplicable ; Inapplicable ; Pass      ; Pass      ; Inapplicable ; Inapplicable ; Inapplicable ; Inapplicable ; Pass         ; Inapplicable ; Inapplicable ; Pass         ; Inapplicable ; Inapplicable ; Inapplicable ; Inapplicable ; Inapplicable ; Inapplicable ; Inapplicable ; Inapplicable ; Inapplicable ; Pass      ; Inapplicable ; Inapplicable ;
; block_in[46]       ; Inapplicable ; Inapplicable ; Inapplicable ; Inapplicable ; Inapplicable ; Pass      ; Inapplicable ; Inapplicable ; Pass      ; Pass      ; Inapplicable ; Inapplicable ; Inapplicable ; Inapplicable ; Pass         ; Inapplicable ; Inapplicable ; Pass         ; Inapplicable ; Inapplicable ; Inapplicable ; Inapplicable ; Inapplicable ; Inapplicable ; Inapplicable ; Inapplicable ; Inapplicable ; Pass      ; Inapplicable ; Inapplicable ;
; block_in[19]       ; Inapplicable ; Inapplicable ; Inapplicable ; Inapplicable ; Inapplicable ; Pass      ; Inapplicable ; Inapplicable ; Pass      ; Pass      ; Inapplicable ; Inapplicable ; Inapplicable ; Inapplicable ; Pass         ; Inapplicable ; Inapplicable ; Pass         ; Inapplicable ; Inapplicable ; Inapplicable ; Inapplicable ; Inapplicable ; Inapplicable ; Inapplicable ; Inapplicable ; Inapplicable ; Pass      ; Inapplicable ; Inapplicable ;
; block_in[47]       ; Inapplicable ; Inapplicable ; Inapplicable ; Inapplicable ; Inapplicable ; Pass      ; Inapplicable ; Inapplicable ; Pass      ; Pass      ; Inapplicable ; Inapplicable ; Inapplicable ; Inapplicable ; Pass         ; Inapplicable ; Inapplicable ; Pass         ; Inapplicable ; Inapplicable ; Inapplicable ; Inapplicable ; Inapplicable ; Inapplicable ; Inapplicable ; Inapplicable ; Inapplicable ; Pass      ; Inapplicable ; Inapplicable ;
; block_in[20]       ; Inapplicable ; Inapplicable ; Inapplicable ; Inapplicable ; Inapplicable ; Pass      ; Inapplicable ; Inapplicable ; Pass      ; Pass      ; Inapplicable ; Inapplicable ; Inapplicable ; Inapplicable ; Pass         ; Inapplicable ; Inapplicable ; Pass         ; Inapplicable ; Inapplicable ; Inapplicable ; Inapplicable ; Inapplicable ; Inapplicable ; Inapplicable ; Inapplicable ; Inapplicable ; Pass      ; Inapplicable ; Inapplicable ;
; block_in[48]       ; Inapplicable ; Inapplicable ; Inapplicable ; Inapplicable ; Inapplicable ; Pass      ; Inapplicable ; Inapplicable ; Pass      ; Pass      ; Inapplicable ; Inapplicable ; Inapplicable ; Inapplicable ; Pass         ; Inapplicable ; Inapplicable ; Pass         ; Inapplicable ; Inapplicable ; Inapplicable ; Inapplicable ; Inapplicable ; Inapplicable ; Inapplicable ; Inapplicable ; Inapplicable ; Pass      ; Inapplicable ; Inapplicable ;
; block_in[21]       ; Inapplicable ; Inapplicable ; Inapplicable ; Inapplicable ; Inapplicable ; Pass      ; Inapplicable ; Inapplicable ; Pass      ; Pass      ; Inapplicable ; Inapplicable ; Inapplicable ; Inapplicable ; Pass         ; Inapplicable ; Inapplicable ; Pass         ; Inapplicable ; Inapplicable ; Inapplicable ; Inapplicable ; Inapplicable ; Inapplicable ; Inapplicable ; Inapplicable ; Inapplicable ; Pass      ; Inapplicable ; Inapplicable ;
; block_in[49]       ; Inapplicable ; Inapplicable ; Inapplicable ; Inapplicable ; Inapplicable ; Pass      ; Inapplicable ; Inapplicable ; Pass      ; Pass      ; Inapplicable ; Inapplicable ; Inapplicable ; Inapplicable ; Pass         ; Inapplicable ; Inapplicable ; Pass         ; Inapplicable ; Inapplicable ; Inapplicable ; Inapplicable ; Inapplicable ; Inapplicable ; Inapplicable ; Inapplicable ; Inapplicable ; Pass      ; Inapplicable ; Inapplicable ;
; block_in[22]       ; Inapplicable ; Inapplicable ; Inapplicable ; Inapplicable ; Inapplicable ; Pass      ; Inapplicable ; Inapplicable ; Pass      ; Pass      ; Inapplicable ; Inapplicable ; Inapplicable ; Inapplicable ; Pass         ; Inapplicable ; Inapplicable ; Pass         ; Inapplicable ; Inapplicable ; Inapplicable ; Inapplicable ; Inapplicable ; Inapplicable ; Inapplicable ; Inapplicable ; Inapplicable ; Pass      ; Inapplicable ; Inapplicable ;
; block_in[50]       ; Inapplicable ; Inapplicable ; Inapplicable ; Inapplicable ; Inapplicable ; Pass      ; Inapplicable ; Inapplicable ; Pass      ; Pass      ; Inapplicable ; Inapplicable ; Inapplicable ; Inapplicable ; Pass         ; Inapplicable ; Inapplicable ; Pass         ; Inapplicable ; Inapplicable ; Inapplicable ; Inapplicable ; Inapplicable ; Inapplicable ; Inapplicable ; Inapplicable ; Inapplicable ; Pass      ; Inapplicable ; Inapplicable ;
; block_in[23]       ; Inapplicable ; Inapplicable ; Inapplicable ; Inapplicable ; Inapplicable ; Pass      ; Inapplicable ; Inapplicable ; Pass      ; Pass      ; Inapplicable ; Inapplicable ; Inapplicable ; Inapplicable ; Pass         ; Inapplicable ; Inapplicable ; Pass         ; Inapplicable ; Inapplicable ; Inapplicable ; Inapplicable ; Inapplicable ; Inapplicable ; Inapplicable ; Inapplicable ; Inapplicable ; Pass      ; Inapplicable ; Inapplicable ;
; block_in[51]       ; Inapplicable ; Inapplicable ; Inapplicable ; Inapplicable ; Inapplicable ; Pass      ; Inapplicable ; Inapplicable ; Pass      ; Pass      ; Inapplicable ; Inapplicable ; Inapplicable ; Inapplicable ; Pass         ; Inapplicable ; Inapplicable ; Pass         ; Inapplicable ; Inapplicable ; Inapplicable ; Inapplicable ; Inapplicable ; Inapplicable ; Inapplicable ; Inapplicable ; Inapplicable ; Pass      ; Inapplicable ; Inapplicable ;
; block_in[24]       ; Inapplicable ; Inapplicable ; Inapplicable ; Inapplicable ; Inapplicable ; Pass      ; Inapplicable ; Inapplicable ; Pass      ; Pass      ; Inapplicable ; Inapplicable ; Inapplicable ; Inapplicable ; Pass         ; Inapplicable ; Inapplicable ; Pass         ; Inapplicable ; Inapplicable ; Inapplicable ; Inapplicable ; Inapplicable ; Inapplicable ; Inapplicable ; Inapplicable ; Inapplicable ; Pass      ; Inapplicable ; Inapplicable ;
; block_in[52]       ; Inapplicable ; Inapplicable ; Inapplicable ; Inapplicable ; Inapplicable ; Pass      ; Inapplicable ; Inapplicable ; Pass      ; Pass      ; Inapplicable ; Inapplicable ; Inapplicable ; Inapplicable ; Pass         ; Inapplicable ; Inapplicable ; Pass         ; Inapplicable ; Inapplicable ; Inapplicable ; Inapplicable ; Inapplicable ; Inapplicable ; Inapplicable ; Inapplicable ; Inapplicable ; Pass      ; Inapplicable ; Inapplicable ;
; block_in[25]       ; Inapplicable ; Inapplicable ; Inapplicable ; Inapplicable ; Inapplicable ; Pass      ; Inapplicable ; Inapplicable ; Pass      ; Pass      ; Inapplicable ; Inapplicable ; Inapplicable ; Inapplicable ; Pass         ; Inapplicable ; Inapplicable ; Pass         ; Inapplicable ; Inapplicable ; Inapplicable ; Inapplicable ; Inapplicable ; Inapplicable ; Inapplicable ; Inapplicable ; Inapplicable ; Pass      ; Inapplicable ; Inapplicable ;
; block_in[53]       ; Inapplicable ; Inapplicable ; Inapplicable ; Inapplicable ; Inapplicable ; Pass      ; Inapplicable ; Inapplicable ; Pass      ; Pass      ; Inapplicable ; Inapplicable ; Inapplicable ; Inapplicable ; Pass         ; Inapplicable ; Inapplicable ; Pass         ; Inapplicable ; Inapplicable ; Inapplicable ; Inapplicable ; Inapplicable ; Inapplicable ; Inapplicable ; Inapplicable ; Inapplicable ; Pass      ; Inapplicable ; Inapplicable ;
; block_in[26]       ; Inapplicable ; Inapplicable ; Inapplicable ; Inapplicable ; Inapplicable ; Pass      ; Inapplicable ; Inapplicable ; Pass      ; Pass      ; Inapplicable ; Inapplicable ; Inapplicable ; Inapplicable ; Pass         ; Inapplicable ; Inapplicable ; Pass         ; Inapplicable ; Inapplicable ; Inapplicable ; Inapplicable ; Inapplicable ; Inapplicable ; Inapplicable ; Inapplicable ; Inapplicable ; Pass      ; Inapplicable ; Inapplicable ;
; block_in[54]       ; Inapplicable ; Inapplicable ; Inapplicable ; Inapplicable ; Inapplicable ; Pass      ; Inapplicable ; Inapplicable ; Pass      ; Pass      ; Inapplicable ; Inapplicable ; Inapplicable ; Inapplicable ; Pass         ; Inapplicable ; Inapplicable ; Pass         ; Inapplicable ; Inapplicable ; Inapplicable ; Inapplicable ; Inapplicable ; Inapplicable ; Inapplicable ; Inapplicable ; Inapplicable ; Pass      ; Inapplicable ; Inapplicable ;
; block_in[27]       ; Inapplicable ; Inapplicable ; Inapplicable ; Inapplicable ; Inapplicable ; Pass      ; Inapplicable ; Inapplicable ; Pass      ; Pass      ; Inapplicable ; Inapplicable ; Inapplicable ; Inapplicable ; Pass         ; Inapplicable ; Inapplicable ; Pass         ; Inapplicable ; Inapplicable ; Inapplicable ; Inapplicable ; Inapplicable ; Inapplicable ; Inapplicable ; Inapplicable ; Inapplicable ; Pass      ; Inapplicable ; Inapplicable ;
; block_in[55]       ; Inapplicable ; Inapplicable ; Inapplicable ; Inapplicable ; Inapplicable ; Pass      ; Inapplicable ; Inapplicable ; Pass      ; Pass      ; Inapplicable ; Inapplicable ; Inapplicable ; Inapplicable ; Pass         ; Inapplicable ; Inapplicable ; Pass         ; Inapplicable ; Inapplicable ; Inapplicable ; Inapplicable ; Inapplicable ; Inapplicable ; Inapplicable ; Inapplicable ; Inapplicable ; Pass      ; Inapplicable ; Inapplicable ;
; block_in[28]       ; Inapplicable ; Inapplicable ; Inapplicable ; Inapplicable ; Inapplicable ; Pass      ; Inapplicable ; Inapplicable ; Pass      ; Pass      ; Inapplicable ; Inapplicable ; Inapplicable ; Inapplicable ; Pass         ; Inapplicable ; Inapplicable ; Pass         ; Inapplicable ; Inapplicable ; Inapplicable ; Inapplicable ; Inapplicable ; Inapplicable ; Inapplicable ; Inapplicable ; Inapplicable ; Pass      ; Inapplicable ; Inapplicable ;
; block_in[56]       ; Inapplicable ; Inapplicable ; Inapplicable ; Inapplicable ; Inapplicable ; Pass      ; Inapplicable ; Inapplicable ; Pass      ; Pass      ; Inapplicable ; Inapplicable ; Inapplicable ; Inapplicable ; Pass         ; Inapplicable ; Inapplicable ; Pass         ; Inapplicable ; Inapplicable ; Inapplicable ; Inapplicable ; Inapplicable ; Inapplicable ; Inapplicable ; Inapplicable ; Inapplicable ; Pass      ; Inapplicable ; Inapplicable ;
; block_in[29]       ; Inapplicable ; Inapplicable ; Inapplicable ; Inapplicable ; Inapplicable ; Pass      ; Inapplicable ; Inapplicable ; Pass      ; Pass      ; Inapplicable ; Inapplicable ; Inapplicable ; Inapplicable ; Pass         ; Inapplicable ; Inapplicable ; Pass         ; Inapplicable ; Inapplicable ; Inapplicable ; Inapplicable ; Inapplicable ; Inapplicable ; Inapplicable ; Inapplicable ; Inapplicable ; Pass      ; Inapplicable ; Inapplicable ;
; block_in[57]       ; Inapplicable ; Inapplicable ; Inapplicable ; Inapplicable ; Inapplicable ; Pass      ; Inapplicable ; Inapplicable ; Pass      ; Pass      ; Inapplicable ; Inapplicable ; Inapplicable ; Inapplicable ; Pass         ; Inapplicable ; Inapplicable ; Pass         ; Inapplicable ; Inapplicable ; Inapplicable ; Inapplicable ; Inapplicable ; Inapplicable ; Inapplicable ; Inapplicable ; Inapplicable ; Pass      ; Inapplicable ; Inapplicable ;
; block_in[30]       ; Inapplicable ; Inapplicable ; Inapplicable ; Inapplicable ; Inapplicable ; Pass      ; Inapplicable ; Inapplicable ; Pass      ; Pass      ; Inapplicable ; Inapplicable ; Inapplicable ; Inapplicable ; Pass         ; Inapplicable ; Inapplicable ; Pass         ; Inapplicable ; Inapplicable ; Inapplicable ; Inapplicable ; Inapplicable ; Inapplicable ; Inapplicable ; Inapplicable ; Inapplicable ; Pass      ; Inapplicable ; Inapplicable ;
; block_in[58]       ; Inapplicable ; Inapplicable ; Inapplicable ; Inapplicable ; Inapplicable ; Pass      ; Inapplicable ; Inapplicable ; Pass      ; Pass      ; Inapplicable ; Inapplicable ; Inapplicable ; Inapplicable ; Pass         ; Inapplicable ; Inapplicable ; Pass         ; Inapplicable ; Inapplicable ; Inapplicable ; Inapplicable ; Inapplicable ; Inapplicable ; Inapplicable ; Inapplicable ; Inapplicable ; Pass      ; Inapplicable ; Inapplicable ;
; block_in[31]       ; Inapplicable ; Inapplicable ; Inapplicable ; Inapplicable ; Inapplicable ; Pass      ; Inapplicable ; Inapplicable ; Pass      ; Pass      ; Inapplicable ; Inapplicable ; Inapplicable ; Inapplicable ; Pass         ; Inapplicable ; Inapplicable ; Pass         ; Inapplicable ; Inapplicable ; Inapplicable ; Inapplicable ; Inapplicable ; Inapplicable ; Inapplicable ; Inapplicable ; Inapplicable ; Pass      ; Inapplicable ; Inapplicable ;
; block_in[59]       ; Inapplicable ; Inapplicable ; Inapplicable ; Inapplicable ; Inapplicable ; Pass      ; Inapplicable ; Inapplicable ; Pass      ; Pass      ; Inapplicable ; Inapplicable ; Inapplicable ; Inapplicable ; Pass         ; Inapplicable ; Inapplicable ; Pass         ; Inapplicable ; Inapplicable ; Inapplicable ; Inapplicable ; Inapplicable ; Inapplicable ; Inapplicable ; Inapplicable ; Inapplicable ; Pass      ; Inapplicable ; Inapplicable ;
; block_in[60]       ; Inapplicable ; Inapplicable ; Inapplicable ; Inapplicable ; Inapplicable ; Pass      ; Inapplicable ; Inapplicable ; Pass      ; Pass      ; Inapplicable ; Inapplicable ; Inapplicable ; Inapplicable ; Pass         ; Inapplicable ; Inapplicable ; Pass         ; Inapplicable ; Inapplicable ; Inapplicable ; Inapplicable ; Inapplicable ; Inapplicable ; Inapplicable ; Inapplicable ; Inapplicable ; Pass      ; Inapplicable ; Inapplicable ;
; block_in[61]       ; Inapplicable ; Inapplicable ; Inapplicable ; Inapplicable ; Inapplicable ; Pass      ; Inapplicable ; Inapplicable ; Pass      ; Pass      ; Inapplicable ; Inapplicable ; Inapplicable ; Inapplicable ; Pass         ; Inapplicable ; Inapplicable ; Pass         ; Inapplicable ; Inapplicable ; Inapplicable ; Inapplicable ; Inapplicable ; Inapplicable ; Inapplicable ; Inapplicable ; Inapplicable ; Pass      ; Inapplicable ; Inapplicable ;
; block_in[62]       ; Inapplicable ; Inapplicable ; Inapplicable ; Inapplicable ; Inapplicable ; Pass      ; Inapplicable ; Inapplicable ; Pass      ; Pass      ; Inapplicable ; Inapplicable ; Inapplicable ; Inapplicable ; Pass         ; Inapplicable ; Inapplicable ; Pass         ; Inapplicable ; Inapplicable ; Inapplicable ; Inapplicable ; Inapplicable ; Inapplicable ; Inapplicable ; Inapplicable ; Inapplicable ; Pass      ; Inapplicable ; Inapplicable ;
; block_in[63]       ; Inapplicable ; Inapplicable ; Inapplicable ; Inapplicable ; Inapplicable ; Pass      ; Inapplicable ; Inapplicable ; Pass      ; Pass      ; Inapplicable ; Inapplicable ; Inapplicable ; Inapplicable ; Pass         ; Inapplicable ; Inapplicable ; Pass         ; Inapplicable ; Inapplicable ; Inapplicable ; Inapplicable ; Inapplicable ; Inapplicable ; Inapplicable ; Inapplicable ; Inapplicable ; Pass      ; Inapplicable ; Inapplicable ;
+--------------------+--------------+--------------+--------------+--------------+--------------+-----------+--------------+--------------+-----------+-----------+--------------+--------------+--------------+--------------+--------------+--------------+--------------+--------------+--------------+--------------+--------------+--------------+--------------+--------------+--------------+--------------+--------------+-----------+--------------+--------------+


+---------------------------------------------------------------------------------------------+
; Fitter Device Options                                                                       ;
+------------------------------------------------------------------+--------------------------+
; Option                                                           ; Setting                  ;
+------------------------------------------------------------------+--------------------------+
; Enable user-supplied start-up clock (CLKUSR)                     ; Off                      ;
; Enable device-wide reset (DEV_CLRn)                              ; Off                      ;
; Enable device-wide output enable (DEV_OE)                        ; Off                      ;
; Enable INIT_DONE output                                          ; Off                      ;
; Configuration scheme                                             ; Active Serial            ;
; Error detection CRC                                              ; Off                      ;
; Enable open drain on CRC_ERROR pin                               ; Off                      ;
; Enable input tri-state on active configuration pins in user mode ; Off                      ;
; Configuration Voltage Level                                      ; Auto                     ;
; Force Configuration Voltage Level                                ; Off                      ;
; nCEO                                                             ; As output driving ground ;
; Data[0]                                                          ; As input tri-stated      ;
; Data[1]/ASDO                                                     ; As input tri-stated      ;
; Data[7..2]                                                       ; Unreserved               ;
; FLASH_nCE/nCSO                                                   ; As input tri-stated      ;
; Other Active Parallel pins                                       ; Unreserved               ;
; DCLK                                                             ; As output driving ground ;
+------------------------------------------------------------------+--------------------------+


+------------------------------------+
; Operating Settings and Conditions  ;
+---------------------------+--------+
; Setting                   ; Value  ;
+---------------------------+--------+
; Nominal Core Voltage      ; 1.20 V ;
; Low Junction Temperature  ; 0 °C   ;
; High Junction Temperature ; 85 °C  ;
+---------------------------+--------+


+-----------------+
; Fitter Messages ;
+-----------------+
Warning (18236): Number of processors has not been specified which may cause overloading on shared machines.  Set the global assignment NUM_PARALLEL_PROCESSORS in your QSF to an appropriate value for best performance.
Info (20030): Parallel compilation is enabled and will use 12 of the 12 processors detected
Info (119006): Selected device EP4CE115F29C7 for design "XTEA_proj"
Info (21077): Low junction temperature is 0 degrees C
Info (21077): High junction temperature is 85 degrees C
Info (171003): Fitter is performing an Auto Fit compilation, which may decrease Fitter effort to reduce compilation time
Warning (292013): Feature LogicLock is only available with a valid subscription license. You can purchase a software subscription to gain full access to this feature.
Info (176444): Device migration not selected. If you intend to use device migration later, you may need to change the pin assignments as they may be incompatible with other devices
    Info (176445): Device EP4CE40F29C7 is compatible
    Info (176445): Device EP4CE40F29I7 is compatible
    Info (176445): Device EP4CE30F29C7 is compatible
    Info (176445): Device EP4CE30F29I7 is compatible
    Info (176445): Device EP4CE55F29C7 is compatible
    Info (176445): Device EP4CE55F29I7 is compatible
    Info (176445): Device EP4CE75F29C7 is compatible
    Info (176445): Device EP4CE75F29I7 is compatible
    Info (176445): Device EP4CE115F29I7 is compatible
Info (169124): Fitter converted 5 user pins into dedicated programming pins
    Info (169125): Pin ~ALTERA_ASDO_DATA1~ is reserved at location F4
    Info (169125): Pin ~ALTERA_FLASH_nCE_nCSO~ is reserved at location E2
    Info (169125): Pin ~ALTERA_DCLK~ is reserved at location P3
    Info (169125): Pin ~ALTERA_DATA0~ is reserved at location N7
    Info (169125): Pin ~ALTERA_nCEO~ is reserved at location P28
Warning (15714): Some pins have incomplete I/O assignments. Refer to the I/O Assignment Warnings report for details
Critical Warning (169085): No exact pin location assignment(s) for 261 pins of 261 total pins. For the list of pins please refer to the I/O Assignment Warnings table in the fitter report.
Critical Warning (332012): Synopsys Design Constraints File file not found: 'XTEA_proj.sdc'. A Synopsys Design Constraints File is required by the Timing Analyzer to get proper timing constraints. Without it, the Compiler will not properly optimize the design.
Info (332144): No user constrained base clocks found in the design
Info (332143): No user constrained clock uncertainty found in the design. Calling "derive_clock_uncertainty"
Info (332154): The derive_clock_uncertainty command did not apply clock uncertainty to any clock-to-clock transfers.
Info (332130): Timing requirements not specified -- quality metrics such as performance may be sacrificed to reduce compilation time.
Info (176353): Automatically promoted node clk~input (placed in PIN J1 (CLK1, DIFFCLK_0n)) File: C:/Users/boysa.CALEB-DESKTOP/Desktop/XTEA-Implementation-FPGA/student_xtea_ps2_ascii/xtea_core.v Line: 8
    Info (176355): Automatically promoted destinations to use location or clock signal Global Clock CLKCTRL_G2
Info (176233): Starting register packing
Info (176235): Finished register packing
    Extra Info (176219): No registers were packed into other blocks
Info (176214): Statistics of I/O pins that need to be placed that use the same VCCIO and VREF, before I/O pin placement
    Info (176211): Number of I/O pins in group: 260 (unused VREF, 2.5V VCCIO, 195 input, 65 output, 0 bidirectional)
        Info (176212): I/O standards used: 2.5 V.
Info (176215): I/O bank details before I/O pin placement
    Info (176214): Statistics of I/O banks
        Info (176213): I/O bank number 1 does not use VREF pins and has undetermined VCCIO pins. 5 total pin(s) used --  51 pins available
        Info (176213): I/O bank number 2 does not use VREF pins and has undetermined VCCIO pins. 0 total pin(s) used --  63 pins available
        Info (176213): I/O bank number 3 does not use VREF pins and has undetermined VCCIO pins. 0 total pin(s) used --  73 pins available
        Info (176213): I/O bank number 4 does not use VREF pins and has undetermined VCCIO pins. 0 total pin(s) used --  71 pins available
        Info (176213): I/O bank number 5 does not use VREF pins and has undetermined VCCIO pins. 0 total pin(s) used --  65 pins available
        Info (176213): I/O bank number 6 does not use VREF pins and has undetermined VCCIO pins. 1 total pin(s) used --  57 pins available
        Info (176213): I/O bank number 7 does not use VREF pins and has undetermined VCCIO pins. 0 total pin(s) used --  72 pins available
        Info (176213): I/O bank number 8 does not use VREF pins and has undetermined VCCIO pins. 0 total pin(s) used --  71 pins available
Warning (15705): Ignored locations or region assignments to the following nodes
    Warning (15706): Node "CLOCK_50" is assigned to location or region, but does not exist in design
    Warning (15706): Node "LCD_BLON" is assigned to location or region, but does not exist in design
    Warning (15706): Node "LCD_DATA0" is assigned to location or region, but does not exist in design
    Warning (15706): Node "LCD_DATA1" is assigned to location or region, but does not exist in design
    Warning (15706): Node "LCD_DATA2" is assigned to location or region, but does not exist in design
    Warning (15706): Node "LCD_DATA3" is assigned to location or region, but does not exist in design
    Warning (15706): Node "LCD_DATA4" is assigned to location or region, but does not exist in design
    Warning (15706): Node "LCD_DATA5" is assigned to location or region, but does not exist in design
    Warning (15706): Node "LCD_DATA6" is assigned to location or region, but does not exist in design
    Warning (15706): Node "LCD_DATA7" is assigned to location or region, but does not exist in design
    Warning (15706): Node "LCD_EN" is assigned to location or region, but does not exist in design
    Warning (15706): Node "LCD_ON" is assigned to location or region, but does not exist in design
    Warning (15706): Node "LCD_RS" is assigned to location or region, but does not exist in design
    Warning (15706): Node "LCD_RW" is assigned to location or region, but does not exist in design
    Warning (15706): Node "PS2_KBCLK" is assigned to location or region, but does not exist in design
    Warning (15706): Node "PS2_KBDAT" is assigned to location or region, but does not exist in design
Info (171121): Fitter preparation operations ending: elapsed time is 00:00:01
Info (14896): Fitter has disabled Advanced Physical Optimization because it is not supported for the current family.
Info (170189): Fitter placement preparation operations beginning
Info (170190): Fitter placement preparation operations ending: elapsed time is 00:00:00
Info (170191): Fitter placement operations beginning
Info (170137): Fitter placement was successful
Info (170192): Fitter placement operations ending: elapsed time is 00:00:17
Info (170193): Fitter routing operations beginning
Info (170195): Router estimated average interconnect usage is 1% of the available device resources
    Info (170196): Router estimated peak interconnect usage is 15% of the available device resources in the region that extends from location X46_Y24 to location X57_Y36
Info (170199): The Fitter performed an Auto Fit compilation.  Optimizations were skipped to reduce compilation time.
    Info (170201): Optimizations that may affect the design's routability were skipped
Info (170194): Fitter routing operations ending: elapsed time is 00:00:02
Info (11888): Total time spent on timing analysis during the Fitter is 0.39 seconds.
Info (334003): Started post-fitting delay annotation
Info (334004): Delay annotation completed successfully
Info (334003): Started post-fitting delay annotation
Info (334004): Delay annotation completed successfully
Info (11218): Fitter post-fit operations ending: elapsed time is 00:00:00
Warning (171167): Found invalid Fitter assignments. See the Ignored Assignments panel in the Fitter Compilation Report for more information.
Info (144001): Generated suppressed messages file C:/Users/boysa.CALEB-DESKTOP/Desktop/XTEA-Implementation-FPGA/output_files/XTEA_proj.fit.smsg
Info: Quartus Prime Fitter was successful. 0 errors, 23 warnings
    Info: Peak virtual memory: 6333 megabytes
    Info: Processing ended: Sat Apr 04 12:33:25 2026
    Info: Elapsed time: 00:00:25
    Info: Total CPU time (on all processors): 00:01:14


+----------------------------+
; Fitter Suppressed Messages ;
+----------------------------+
The suppressed messages can be found in C:/Users/boysa.CALEB-DESKTOP/Desktop/XTEA-Implementation-FPGA/output_files/XTEA_proj.fit.smsg.


